build	Set up job	﻿2026-07-28T10:39:09.4598911Z Current runner version: '2.336.0'
build	Set up job	2026-07-28T10:39:09.4616297Z ##[group]Runner Image Provisioner
build	Set up job	2026-07-28T10:39:09.4617036Z Hosted Compute Agent
build	Set up job	2026-07-28T10:39:09.4617449Z Version: 20260707.563
build	Set up job	2026-07-28T10:39:09.4617924Z Commit: 02667638d2b423fbc733a8e32a88b44996a3ba6e
build	Set up job	2026-07-28T10:39:09.4618434Z Build Date: 2026-07-07T19:33:50Z
build	Set up job	2026-07-28T10:39:09.4618910Z Worker ID: {e498bd2a-e615-4852-b2f4-bc5463b2d392}
build	Set up job	2026-07-28T10:39:09.4619391Z Azure Region: centralus
build	Set up job	2026-07-28T10:39:09.4619767Z ##[endgroup]
build	Set up job	2026-07-28T10:39:09.4620657Z ##[group]Operating System
build	Set up job	2026-07-28T10:39:09.4621446Z Ubuntu
build	Set up job	2026-07-28T10:39:09.4621826Z 24.04.4
build	Set up job	2026-07-28T10:39:09.4622167Z LTS
build	Set up job	2026-07-28T10:39:09.4622511Z ##[endgroup]
build	Set up job	2026-07-28T10:39:09.4622885Z ##[group]Runner Image
build	Set up job	2026-07-28T10:39:09.4623262Z Image: ubuntu-24.04
build	Set up job	2026-07-28T10:39:09.4623674Z Version: 20260720.247.2
build	Set up job	2026-07-28T10:39:09.4624423Z Included Software: https://github.com/actions/runner-images/blob/ubuntu24/20260720.247/images/ubuntu/Ubuntu2404-Readme.md
build	Set up job	2026-07-28T10:39:09.4625867Z Image Release: https://github.com/actions/runner-images/releases/tag/ubuntu24%2F20260720.247
build	Set up job	2026-07-28T10:39:09.4626545Z ##[endgroup]
build	Set up job	2026-07-28T10:39:09.4627371Z ##[group]GITHUB_TOKEN Permissions
build	Set up job	2026-07-28T10:39:09.4629146Z Contents: read
build	Set up job	2026-07-28T10:39:09.4629537Z Metadata: read
build	Set up job	2026-07-28T10:39:09.4629923Z Packages: read
build	Set up job	2026-07-28T10:39:09.4630310Z ##[endgroup]
build	Set up job	2026-07-28T10:39:09.4632033Z Secret source: Actions
build	Set up job	2026-07-28T10:39:09.4632785Z Prepare workflow directory
build	Set up job	2026-07-28T10:39:09.4876018Z Prepare all required actions
build	Set up job	2026-07-28T10:39:09.4909848Z Getting action download info
build	Set up job	2026-07-28T10:39:09.7204278Z Download action repository 'actions/checkout@v4' (SHA:11d5960a326750d5838078e36cf38b85af677262)
build	Set up job	2026-07-28T10:39:11.0217969Z Download action repository 'actions/setup-java@v4' (SHA:c1e323688fd81a25caa38c78aa6df2d33d3e20d9)
build	Set up job	2026-07-28T10:39:11.6670688Z Download action repository 'actions/cache@v4' (SHA:0057852bfaa89a56745cba8c7296529d2fc39830)
build	Set up job	2026-07-28T10:39:11.9146277Z Download action repository 'actions/upload-artifact@v4' (SHA:ea165f8d65b6e75b540449e92b4886f43607fa02)
build	Set up job	2026-07-28T10:39:12.3405897Z Complete job name: build
build	Free disk space	﻿2026-07-28T10:39:12.3852696Z ##[group]Run sudo rm -rf /usr/local/lib/android/sdk/ndk/*
build	Free disk space	2026-07-28T10:39:12.3853158Z ^[[36;1msudo rm -rf /usr/local/lib/android/sdk/ndk/*^[[0m
build	Free disk space	2026-07-28T10:39:12.3853528Z ^[[36;1msudo rm -rf /usr/local/lib/android/sdk/cmake/*^[[0m
build	Free disk space	2026-07-28T10:39:12.3853855Z ^[[36;1msudo rm -rf /usr/share/dotnet^[[0m
build	Free disk space	2026-07-28T10:39:12.3854134Z ^[[36;1msudo rm -rf /opt/ghc^[[0m
build	Free disk space	2026-07-28T10:39:12.3854384Z ^[[36;1mdf -h^[[0m
build	Free disk space	2026-07-28T10:39:12.3879459Z shell: /usr/bin/bash -e {0}
build	Free disk space	2026-07-28T10:39:12.3879917Z ##[endgroup]
build	Free disk space	2026-07-28T10:39:47.6871330Z Filesystem       Size  Used Avail Use% Mounted on
build	Free disk space	2026-07-28T10:39:47.6871875Z /dev/root        145G   46G   99G  32% /
build	Free disk space	2026-07-28T10:39:47.6872134Z tmpfs            7.9G   84K  7.9G   1% /dev/shm
build	Free disk space	2026-07-28T10:39:47.6872405Z tmpfs            3.2G 1020K  3.2G   1% /run
build	Free disk space	2026-07-28T10:39:47.6872672Z tmpfs            5.0M     0  5.0M   0% /run/lock
build	Free disk space	2026-07-28T10:39:47.6872945Z /dev/nvme1n1p16  881M   64M  756M   8% /boot
build	Free disk space	2026-07-28T10:39:47.6873222Z /dev/nvme1n1p15  105M  6.2M   99M   6% /boot/efi
build	Free disk space	2026-07-28T10:39:47.6873699Z tmpfs            1.6G   12K  1.6G   1% /run/user/1001
build	Run actions/checkout@v4	﻿2026-07-28T10:39:47.7025945Z Node 20 is being deprecated. This workflow is running with Node 24 by default. If you need to temporarily use Node 20, you can set the ACTIONS_ALLOW_USE_UNSECURE_NODE_VERSION=true environment variable. For more information see: https://github.blog/changelog/2025-09-19-deprecation-of-node-20-on-github-actions-runners/
build	Run actions/checkout@v4	2026-07-28T10:39:47.7031201Z ##[group]Run actions/checkout@v4
build	Run actions/checkout@v4	2026-07-28T10:39:47.7031449Z with:
build	Run actions/checkout@v4	2026-07-28T10:39:47.7031607Z   repository: Yasue106601/Yasuagram
build	Run actions/checkout@v4	2026-07-28T10:39:47.7033376Z   token: ***
build	Run actions/checkout@v4	2026-07-28T10:39:47.7033532Z   ssh-strict: true
build	Run actions/checkout@v4	2026-07-28T10:39:47.7033689Z   ssh-user: git
build	Run actions/checkout@v4	2026-07-28T10:39:47.7033855Z   persist-credentials: true
build	Run actions/checkout@v4	2026-07-28T10:39:47.7034033Z   clean: true
build	Run actions/checkout@v4	2026-07-28T10:39:47.7034420Z   sparse-checkout-cone-mode: true
build	Run actions/checkout@v4	2026-07-28T10:39:47.7034629Z   fetch-depth: 1
build	Run actions/checkout@v4	2026-07-28T10:39:47.7034793Z   fetch-tags: false
build	Run actions/checkout@v4	2026-07-28T10:39:47.7034957Z   show-progress: true
build	Run actions/checkout@v4	2026-07-28T10:39:47.7035108Z   lfs: false
build	Run actions/checkout@v4	2026-07-28T10:39:47.7035248Z   submodules: false
build	Run actions/checkout@v4	2026-07-28T10:39:47.7035445Z   set-safe-directory: true
build	Run actions/checkout@v4	2026-07-28T10:39:47.7035621Z   allow-unsafe-pr-checkout: false
build	Run actions/checkout@v4	2026-07-28T10:39:47.7035825Z ##[endgroup]
build	Run actions/checkout@v4	2026-07-28T10:39:47.7749301Z Syncing repository: Yasue106601/Yasuagram
build	Run actions/checkout@v4	2026-07-28T10:39:47.7750329Z ##[group]Getting Git version info
build	Run actions/checkout@v4	2026-07-28T10:39:47.7750603Z Working directory is '/home/runner/work/Yasuagram/Yasuagram'
build	Run actions/checkout@v4	2026-07-28T10:39:47.7751244Z [command]/usr/bin/git version
build	Run actions/checkout@v4	2026-07-28T10:39:47.7823770Z git version 2.54.0
build	Run actions/checkout@v4	2026-07-28T10:39:47.7835434Z ##[endgroup]
build	Run actions/checkout@v4	2026-07-28T10:39:47.7844135Z Temporarily overriding HOME='/home/runner/work/_temp/173cf8c7-57c9-49b2-9bef-de85f7cd3b58' before making global git config changes
build	Run actions/checkout@v4	2026-07-28T10:39:47.7845429Z Adding repository directory to the temporary git global config as a safe directory
build	Run actions/checkout@v4	2026-07-28T10:39:47.7847367Z [command]/usr/bin/git config --global --add safe.directory /home/runner/work/Yasuagram/Yasuagram
build	Run actions/checkout@v4	2026-07-28T10:39:47.7871891Z Deleting the contents of '/home/runner/work/Yasuagram/Yasuagram'
build	Run actions/checkout@v4	2026-07-28T10:39:47.7875459Z ##[group]Initializing the repository
build	Run actions/checkout@v4	2026-07-28T10:39:47.7878087Z [command]/usr/bin/git init /home/runner/work/Yasuagram/Yasuagram
build	Run actions/checkout@v4	2026-07-28T10:39:47.7941261Z hint: Using 'master' as the name for the initial branch. This default branch name
build	Run actions/checkout@v4	2026-07-28T10:39:47.7941691Z hint: will change to "main" in Git 3.0. To configure the initial branch name
build	Run actions/checkout@v4	2026-07-28T10:39:47.7942044Z hint: to use in all of your new repositories, which will suppress this warning,
build	Run actions/checkout@v4	2026-07-28T10:39:47.7942349Z hint: call:
build	Run actions/checkout@v4	2026-07-28T10:39:47.7942531Z hint:
build	Run actions/checkout@v4	2026-07-28T10:39:47.7942759Z hint: 	git config --global init.defaultBranch <name>
build	Run actions/checkout@v4	2026-07-28T10:39:47.7942973Z hint:
build	Run actions/checkout@v4	2026-07-28T10:39:47.7943187Z hint: Names commonly chosen instead of 'master' are 'main', 'trunk' and
build	Run actions/checkout@v4	2026-07-28T10:39:47.7943568Z hint: 'development'. The just-created branch can be renamed via this command:
build	Run actions/checkout@v4	2026-07-28T10:39:47.7943835Z hint:
build	Run actions/checkout@v4	2026-07-28T10:39:47.7943983Z hint: 	git branch -m <name>
build	Run actions/checkout@v4	2026-07-28T10:39:47.7944155Z hint:
build	Run actions/checkout@v4	2026-07-28T10:39:47.7944402Z hint: Disable this message with "git config set advice.defaultBranchName false"
build	Run actions/checkout@v4	2026-07-28T10:39:47.7945023Z Initialized empty Git repository in /home/runner/work/Yasuagram/Yasuagram/.git/
build	Run actions/checkout@v4	2026-07-28T10:39:47.7950904Z [command]/usr/bin/git remote add origin https://github.com/Yasue106601/Yasuagram
build	Run actions/checkout@v4	2026-07-28T10:39:47.7977044Z ##[endgroup]
build	Run actions/checkout@v4	2026-07-28T10:39:47.7977544Z ##[group]Disabling automatic garbage collection
build	Run actions/checkout@v4	2026-07-28T10:39:47.7980039Z [command]/usr/bin/git config --local gc.auto 0
build	Run actions/checkout@v4	2026-07-28T10:39:47.8007848Z ##[endgroup]
build	Run actions/checkout@v4	2026-07-28T10:39:47.8008368Z ##[group]Setting up auth
build	Run actions/checkout@v4	2026-07-28T10:39:47.8013194Z [command]/usr/bin/git config --local --name-only --get-regexp core\.sshCommand
build	Run actions/checkout@v4	2026-07-28T10:39:47.8041427Z [command]/usr/bin/git submodule foreach --recursive sh -c "git config --local --name-only --get-regexp 'core\.sshCommand' && git config --local --unset-all 'core.sshCommand' || :"
build	Run actions/checkout@v4	2026-07-28T10:39:47.8265927Z [command]/usr/bin/git config --local --name-only --get-regexp http\.https\:\/\/github\.com\/\.extraheader
build	Run actions/checkout@v4	2026-07-28T10:39:47.8287530Z [command]/usr/bin/git submodule foreach --recursive sh -c "git config --local --name-only --get-regexp 'http\.https\:\/\/github\.com\/\.extraheader' && git config --local --unset-all 'http.https://github.com/.extraheader' || :"
build	Run actions/checkout@v4	2026-07-28T10:39:47.8438184Z [command]/usr/bin/git config --local --name-only --get-regexp ^includeIf\.gitdir:
build	Run actions/checkout@v4	2026-07-28T10:39:47.8465035Z [command]/usr/bin/git submodule foreach --recursive git config --local --show-origin --name-only --get-regexp remote.origin.url
build	Run actions/checkout@v4	2026-07-28T10:39:47.8601166Z [command]/usr/bin/git config --local http.https://github.com/.extraheader AUTHORIZATION: basic ***
build	Run actions/checkout@v4	2026-07-28T10:39:47.8624139Z ##[endgroup]
build	Run actions/checkout@v4	2026-07-28T10:39:47.8624709Z ##[group]Fetching the repository
build	Run actions/checkout@v4	2026-07-28T10:39:47.8631080Z [command]/usr/bin/git -c protocol.version=2 fetch --no-tags --prune --no-recurse-submodules --depth=1 origin +34f6aa91088a5b65ebf07c3165b6e2d05ee8af43:refs/remotes/origin/main
build	Run actions/checkout@v4	2026-07-28T10:39:54.2862317Z From https://github.com/Yasue106601/Yasuagram
build	Run actions/checkout@v4	2026-07-28T10:39:54.2862999Z  * [new ref]           34f6aa91088a5b65ebf07c3165b6e2d05ee8af43 -> origin/main
build	Run actions/checkout@v4	2026-07-28T10:39:54.2880421Z ##[endgroup]
build	Run actions/checkout@v4	2026-07-28T10:39:54.2880982Z ##[group]Determining the checkout info
build	Run actions/checkout@v4	2026-07-28T10:39:54.2882816Z ##[endgroup]
build	Run actions/checkout@v4	2026-07-28T10:39:54.2887899Z [command]/usr/bin/git sparse-checkout disable
build	Run actions/checkout@v4	2026-07-28T10:39:54.2917902Z [command]/usr/bin/git config --local --unset-all extensions.worktreeConfig
build	Run actions/checkout@v4	2026-07-28T10:39:54.2945602Z ##[group]Checking out the ref
build	Run actions/checkout@v4	2026-07-28T10:39:54.2949107Z [command]/usr/bin/git checkout --progress --force -B main refs/remotes/origin/main
build	Run actions/checkout@v4	2026-07-28T10:39:55.3281267Z Updating files:  25% (8084/31200)
build	Run actions/checkout@v4	2026-07-28T10:39:55.3446365Z Updating files:  26% (8112/31200)
build	Run actions/checkout@v4	2026-07-28T10:39:55.3601821Z Updating files:  27% (8424/31200)
build	Run actions/checkout@v4	2026-07-28T10:39:55.7460376Z Updating files:  28% (8736/31200)
build	Run actions/checkout@v4	2026-07-28T10:39:55.7625035Z Updating files:  29% (9048/31200)
build	Run actions/checkout@v4	2026-07-28T10:39:55.7787669Z Updating files:  30% (9360/31200)
build	Run actions/checkout@v4	2026-07-28T10:39:55.7927564Z Updating files:  31% (9672/31200)
build	Run actions/checkout@v4	2026-07-28T10:39:55.8103547Z Updating files:  32% (9984/31200)
build	Run actions/checkout@v4	2026-07-28T10:39:55.8339504Z Updating files:  33% (10296/31200)
build	Run actions/checkout@v4	2026-07-28T10:39:55.8558768Z Updating files:  34% (10608/31200)
build	Run actions/checkout@v4	2026-07-28T10:39:55.8669536Z Updating files:  35% (10920/31200)
build	Run actions/checkout@v4	2026-07-28T10:39:55.8810314Z Updating files:  36% (11232/31200)
build	Run actions/checkout@v4	2026-07-28T10:39:55.8943312Z Updating files:  37% (11544/31200)
build	Run actions/checkout@v4	2026-07-28T10:39:55.9083035Z Updating files:  38% (11856/31200)
build	Run actions/checkout@v4	2026-07-28T10:39:55.9164142Z Updating files:  39% (12168/31200)
build	Run actions/checkout@v4	2026-07-28T10:39:55.9250966Z Updating files:  40% (12480/31200)
build	Run actions/checkout@v4	2026-07-28T10:39:55.9345351Z Updating files:  41% (12792/31200)
build	Run actions/checkout@v4	2026-07-28T10:39:55.9454331Z Updating files:  42% (13104/31200)
build	Run actions/checkout@v4	2026-07-28T10:39:55.9549424Z Updating files:  43% (13416/31200)
build	Run actions/checkout@v4	2026-07-28T10:39:55.9670297Z Updating files:  44% (13728/31200)
build	Run actions/checkout@v4	2026-07-28T10:39:55.9776009Z Updating files:  45% (14040/31200)
build	Run actions/checkout@v4	2026-07-28T10:39:55.9915883Z Updating files:  46% (14352/31200)
build	Run actions/checkout@v4	2026-07-28T10:39:56.0023594Z Updating files:  47% (14664/31200)
build	Run actions/checkout@v4	2026-07-28T10:39:56.0124575Z Updating files:  48% (14976/31200)
build	Run actions/checkout@v4	2026-07-28T10:39:56.0224593Z Updating files:  49% (15288/31200)
build	Run actions/checkout@v4	2026-07-28T10:39:56.0328366Z Updating files:  50% (15600/31200)
build	Run actions/checkout@v4	2026-07-28T10:39:56.0436819Z Updating files:  51% (15912/31200)
build	Run actions/checkout@v4	2026-07-28T10:39:56.0546725Z Updating files:  52% (16224/31200)
build	Run actions/checkout@v4	2026-07-28T10:39:56.0707436Z Updating files:  53% (16536/31200)
build	Run actions/checkout@v4	2026-07-28T10:39:56.0859260Z Updating files:  54% (16848/31200)
build	Run actions/checkout@v4	2026-07-28T10:39:56.0985267Z Updating files:  55% (17160/31200)
build	Run actions/checkout@v4	2026-07-28T10:39:56.1094179Z Updating files:  56% (17472/31200)
build	Run actions/checkout@v4	2026-07-28T10:39:56.1183341Z Updating files:  57% (17784/31200)
build	Run actions/checkout@v4	2026-07-28T10:39:56.1245819Z Updating files:  58% (18096/31200)
build	Run actions/checkout@v4	2026-07-28T10:39:56.1298740Z Updating files:  59% (18408/31200)
build	Run actions/checkout@v4	2026-07-28T10:39:56.1347862Z Updating files:  60% (18720/31200)
build	Run actions/checkout@v4	2026-07-28T10:39:56.1397616Z Updating files:  61% (19032/31200)
build	Run actions/checkout@v4	2026-07-28T10:39:56.1450448Z Updating files:  62% (19344/31200)
build	Run actions/checkout@v4	2026-07-28T10:39:56.1498986Z Updating files:  63% (19656/31200)
build	Run actions/checkout@v4	2026-07-28T10:39:56.1548828Z Updating files:  64% (19968/31200)
build	Run actions/checkout@v4	2026-07-28T10:39:56.1601298Z Updating files:  65% (20280/31200)
build	Run actions/checkout@v4	2026-07-28T10:39:56.1655418Z Updating files:  66% (20592/31200)
build	Run actions/checkout@v4	2026-07-28T10:39:56.1708373Z Updating files:  67% (20904/31200)
build	Run actions/checkout@v4	2026-07-28T10:39:56.1758626Z Updating files:  68% (21216/31200)
build	Run actions/checkout@v4	2026-07-28T10:39:56.1805739Z Updating files:  69% (21528/31200)
build	Run actions/checkout@v4	2026-07-28T10:39:56.2103322Z Updating files:  70% (21840/31200)
build	Run actions/checkout@v4	2026-07-28T10:39:56.2253736Z Updating files:  71% (22152/31200)
build	Run actions/checkout@v4	2026-07-28T10:39:56.2398748Z Updating files:  72% (22464/31200)
build	Run actions/checkout@v4	2026-07-28T10:39:56.2707623Z Updating files:  73% (22776/31200)
build	Run actions/checkout@v4	2026-07-28T10:39:56.3089721Z Updating files:  74% (23088/31200)
build	Run actions/checkout@v4	2026-07-28T10:39:56.3145059Z Updating files:  75% (23400/31200)
build	Run actions/checkout@v4	2026-07-28T10:39:56.3471122Z Updating files:  75% (23416/31200)
build	Run actions/checkout@v4	2026-07-28T10:39:56.3705263Z Updating files:  76% (23712/31200)
build	Run actions/checkout@v4	2026-07-28T10:39:56.3891935Z Updating files:  77% (24024/31200)
build	Run actions/checkout@v4	2026-07-28T10:39:56.4323974Z Updating files:  78% (24336/31200)
build	Run actions/checkout@v4	2026-07-28T10:39:56.4463677Z Updating files:  79% (24648/31200)
build	Run actions/checkout@v4	2026-07-28T10:39:56.4500216Z Updating files:  80% (24960/31200)
build	Run actions/checkout@v4	2026-07-28T10:39:56.4538545Z Updating files:  81% (25272/31200)
build	Run actions/checkout@v4	2026-07-28T10:39:56.4577138Z Updating files:  82% (25584/31200)
build	Run actions/checkout@v4	2026-07-28T10:39:56.4613973Z Updating files:  83% (25896/31200)
build	Run actions/checkout@v4	2026-07-28T10:39:56.4652236Z Updating files:  84% (26208/31200)
build	Run actions/checkout@v4	2026-07-28T10:39:56.4689404Z Updating files:  85% (26520/31200)
build	Run actions/checkout@v4	2026-07-28T10:39:56.4727757Z Updating files:  86% (26832/31200)
build	Run actions/checkout@v4	2026-07-28T10:39:56.4766080Z Updating files:  87% (27144/31200)
build	Run actions/checkout@v4	2026-07-28T10:39:56.4804212Z Updating files:  88% (27456/31200)
build	Run actions/checkout@v4	2026-07-28T10:39:56.4841597Z Updating files:  89% (27768/31200)
build	Run actions/checkout@v4	2026-07-28T10:39:56.4879974Z Updating files:  90% (28080/31200)
build	Run actions/checkout@v4	2026-07-28T10:39:56.4919037Z Updating files:  91% (28392/31200)
build	Run actions/checkout@v4	2026-07-28T10:39:56.4960071Z Updating files:  92% (28704/31200)
build	Run actions/checkout@v4	2026-07-28T10:39:56.5026910Z Updating files:  93% (29016/31200)
build	Run actions/checkout@v4	2026-07-28T10:39:56.5093001Z Updating files:  94% (29328/31200)
build	Run actions/checkout@v4	2026-07-28T10:39:56.5406841Z Updating files:  95% (29640/31200)
build	Run actions/checkout@v4	2026-07-28T10:39:56.5611274Z Updating files:  96% (29952/31200)
build	Run actions/checkout@v4	2026-07-28T10:39:56.5667035Z Updating files:  97% (30264/31200)
build	Run actions/checkout@v4	2026-07-28T10:39:56.5863704Z Updating files:  98% (30576/31200)
build	Run actions/checkout@v4	2026-07-28T10:39:56.6646821Z Updating files:  99% (30888/31200)
build	Run actions/checkout@v4	2026-07-28T10:39:56.6647472Z Updating files: 100% (31200/31200)
build	Run actions/checkout@v4	2026-07-28T10:39:56.6648116Z Updating files: 100% (31200/31200), done.
build	Run actions/checkout@v4	2026-07-28T10:39:56.6851804Z Switched to a new branch 'main'
build	Run actions/checkout@v4	2026-07-28T10:39:56.6852219Z branch 'main' set up to track 'origin/main'.
build	Run actions/checkout@v4	2026-07-28T10:39:56.6897961Z ##[endgroup]
build	Run actions/checkout@v4	2026-07-28T10:39:56.6930442Z [command]/usr/bin/git log -1 --format=%H
build	Run actions/checkout@v4	2026-07-28T10:39:56.6948730Z 34f6aa91088a5b65ebf07c3165b6e2d05ee8af43
build	Run actions/setup-java@v4	﻿2026-07-28T10:39:56.7097426Z Node 20 is being deprecated. This workflow is running with Node 24 by default. If you need to temporarily use Node 20, you can set the ACTIONS_ALLOW_USE_UNSECURE_NODE_VERSION=true environment variable. For more information see: https://github.blog/changelog/2025-09-19-deprecation-of-node-20-on-github-actions-runners/
build	Run actions/setup-java@v4	2026-07-28T10:39:56.7098580Z ##[group]Run actions/setup-java@v4
build	Run actions/setup-java@v4	2026-07-28T10:39:56.7098768Z with:
build	Run actions/setup-java@v4	2026-07-28T10:39:56.7098907Z   distribution: temurin
build	Run actions/setup-java@v4	2026-07-28T10:39:56.7099071Z   java-version: 17
build	Run actions/setup-java@v4	2026-07-28T10:39:56.7099223Z   cache: gradle
build	Run actions/setup-java@v4	2026-07-28T10:39:56.7099369Z   java-package: jdk
build	Run actions/setup-java@v4	2026-07-28T10:39:56.7099516Z   check-latest: false
build	Run actions/setup-java@v4	2026-07-28T10:39:56.7099664Z   server-id: github
build	Run actions/setup-java@v4	2026-07-28T10:39:56.7099819Z   server-username: GITHUB_ACTOR
build	Run actions/setup-java@v4	2026-07-28T10:39:56.7099997Z   server-password: GITHUB_TOKEN
build	Run actions/setup-java@v4	2026-07-28T10:39:56.7100198Z   overwrite-settings: true
build	Run actions/setup-java@v4	2026-07-28T10:39:56.7100379Z   job-status: success
build	Run actions/setup-java@v4	2026-07-28T10:39:56.7102374Z   token: ***
build	Run actions/setup-java@v4	2026-07-28T10:39:56.7102529Z ##[endgroup]
build	Run actions/setup-java@v4	2026-07-28T10:39:56.8212494Z ##[group]Installed distributions
build	Run actions/setup-java@v4	2026-07-28T10:39:56.8911281Z Resolved Java 17.0.19+10 from tool-cache
build	Run actions/setup-java@v4	2026-07-28T10:39:56.8911642Z Setting Java 17.0.19+10 as the default
build	Run actions/setup-java@v4	2026-07-28T10:39:56.8917274Z (node:2125) [DEP0040] DeprecationWarning: The `punycode` module is deprecated. Please use a userland alternative instead.
build	Run actions/setup-java@v4	2026-07-28T10:39:56.8917919Z (Use `node --trace-deprecation ...` to show where the warning was created)
build	Run actions/setup-java@v4	2026-07-28T10:39:56.8919784Z Creating toolchains.xml for JDK version 17 from temurin
build	Run actions/setup-java@v4	2026-07-28T10:39:56.8970180Z Writing to /home/runner/.m2/toolchains.xml
build	Run actions/setup-java@v4	2026-07-28T10:39:56.8970524Z 
build	Run actions/setup-java@v4	2026-07-28T10:39:56.8970620Z Java configuration:
build	Run actions/setup-java@v4	2026-07-28T10:39:56.8970961Z   Distribution: temurin
build	Run actions/setup-java@v4	2026-07-28T10:39:56.8971163Z   Version: 17.0.19+10
build	Run actions/setup-java@v4	2026-07-28T10:39:56.8971394Z   Path: /opt/hostedtoolcache/Java_Temurin-Hotspot_jdk/17.0.19-10/x64
build	Run actions/setup-java@v4	2026-07-28T10:39:56.8971907Z 
build	Run actions/setup-java@v4	2026-07-28T10:39:56.8972245Z ##[endgroup]
build	Run actions/setup-java@v4	2026-07-28T10:39:56.8991393Z Creating settings.xml with server-id: github
build	Run actions/setup-java@v4	2026-07-28T10:39:56.8992233Z Writing to /home/runner/.m2/settings.xml
build	Run actions/setup-java@v4	2026-07-28T10:39:58.7973701Z Cache hit for: setup-java-Linux-x64-gradle-9904013d3d5cfa5e4d18cbae9b7bf653caacf42275e9e61959f3e3f03e0dd458
build	Run actions/setup-java@v4	2026-07-28T10:39:58.8061472Z (node:2125) [DEP0169] DeprecationWarning: `url.parse()` behavior is not standardized and prone to errors that have security implications. Use the WHATWG URL API instead. CVEs are not issued for `url.parse()` vulnerabilities.
build	Run actions/setup-java@v4	2026-07-28T10:39:59.9730028Z Received 104857600 of 2006521623 (5.2%), 99.9 MBs/sec
build	Run actions/setup-java@v4	2026-07-28T10:40:00.9760498Z Received 306184192 of 2006521623 (15.3%), 145.7 MBs/sec
build	Run actions/setup-java@v4	2026-07-28T10:40:01.9766809Z Received 536870912 of 2006521623 (26.8%), 170.4 MBs/sec
build	Run actions/setup-java@v4	2026-07-28T10:40:02.9764444Z Received 754974720 of 2006521623 (37.6%), 179.8 MBs/sec
build	Run actions/setup-java@v4	2026-07-28T10:40:03.9792379Z Received 960495616 of 2006521623 (47.9%), 182.9 MBs/sec
build	Run actions/setup-java@v4	2026-07-28T10:40:04.9790850Z Received 1195376640 of 2006521623 (59.6%), 189.8 MBs/sec
build	Run actions/setup-java@v4	2026-07-28T10:40:05.9802920Z Received 1379926016 of 2006521623 (68.8%), 187.8 MBs/sec
build	Run actions/setup-java@v4	2026-07-28T10:40:06.9812460Z Received 1585446912 of 2006521623 (79.0%), 188.8 MBs/sec
build	Run actions/setup-java@v4	2026-07-28T10:40:07.9822572Z Received 1778384896 of 2006521623 (88.6%), 188.2 MBs/sec
build	Run actions/setup-java@v4	2026-07-28T10:40:08.9825784Z Received 1967128576 of 2006521623 (98.0%), 187.4 MBs/sec
build	Run actions/setup-java@v4	2026-07-28T10:40:09.1569148Z Received 2006521623 of 2006521623 (100.0%), 187.9 MBs/sec
build	Run actions/setup-java@v4	2026-07-28T10:40:09.1570073Z Cache Size: ~1914 MB (2006521623 B)
build	Run actions/setup-java@v4	2026-07-28T10:40:09.1599039Z [command]/usr/bin/tar -xf /home/runner/work/_temp/740973d0-3a45-4abc-aac8-aaa1a1382f22/cache.tzst -P -C /home/runner/work/Yasuagram/Yasuagram --use-compress-program unzstd
build	Run actions/setup-java@v4	2026-07-28T10:40:21.4269453Z Cache restored successfully
build	Run actions/setup-java@v4	2026-07-28T10:40:21.4928479Z Cache restored from key: setup-java-Linux-x64-gradle-9904013d3d5cfa5e4d18cbae9b7bf653caacf42275e9e61959f3e3f03e0dd458
build	Run actions/cache@v4	﻿2026-07-28T10:40:23.0772455Z Node 20 is being deprecated. This workflow is running with Node 24 by default. If you need to temporarily use Node 20, you can set the ACTIONS_ALLOW_USE_UNSECURE_NODE_VERSION=true environment variable. For more information see: https://github.blog/changelog/2025-09-19-deprecation-of-node-20-on-github-actions-runners/
build	Run actions/cache@v4	2026-07-28T10:40:23.0773524Z ##[group]Run actions/cache@v4
build	Run actions/cache@v4	2026-07-28T10:40:23.0773723Z with:
build	Run actions/cache@v4	2026-07-28T10:40:23.0773949Z   path: ~/.gradle/caches
build	Run actions/cache@v4	~/.gradle/wrapper
build	Run actions/cache@v4	TMessagesProj/.cxx
build	Run actions/cache@v4	
build	Run actions/cache@v4	2026-07-28T10:40:23.0774371Z   key: gradle-Linux-9904013d3d5cfa5e4d18cbae9b7bf653caacf42275e9e61959f3e3f03e0dd458
build	Run actions/cache@v4	2026-07-28T10:40:23.0774741Z   restore-keys: gradle-Linux-
build	Run actions/cache@v4	
build	Run actions/cache@v4	2026-07-28T10:40:23.0774955Z   enableCrossOsArchive: false
build	Run actions/cache@v4	2026-07-28T10:40:23.0775224Z   fail-on-cache-miss: false
build	Run actions/cache@v4	2026-07-28T10:40:23.0775420Z   lookup-only: false
build	Run actions/cache@v4	2026-07-28T10:40:23.0775605Z   save-always: false
build	Run actions/cache@v4	2026-07-28T10:40:23.0775781Z env:
build	Run actions/cache@v4	2026-07-28T10:40:23.0776033Z   JAVA_HOME: /opt/hostedtoolcache/Java_Temurin-Hotspot_jdk/17.0.19-10/x64
build	Run actions/cache@v4	2026-07-28T10:40:23.0776526Z   JAVA_HOME_17_X64: /opt/hostedtoolcache/Java_Temurin-Hotspot_jdk/17.0.19-10/x64
build	Run actions/cache@v4	2026-07-28T10:40:23.0776830Z ##[endgroup]
build	Run actions/cache@v4	2026-07-28T10:40:23.1704463Z (node:2162) [DEP0040] DeprecationWarning: The `punycode` module is deprecated. Please use a userland alternative instead.
build	Run actions/cache@v4	2026-07-28T10:40:23.1705309Z (Use `node --trace-deprecation ...` to show where the warning was created)
build	Run actions/cache@v4	2026-07-28T10:40:23.3570552Z Cache hit for: gradle-Linux-9904013d3d5cfa5e4d18cbae9b7bf653caacf42275e9e61959f3e3f03e0dd458
build	Run actions/cache@v4	2026-07-28T10:40:23.3651961Z (node:2162) [DEP0169] DeprecationWarning: `url.parse()` behavior is not standardized and prone to errors that have security implications. Use the WHATWG URL API instead. CVEs are not issued for `url.parse()` vulnerabilities.
build	Run actions/cache@v4	2026-07-28T10:40:24.4961974Z Received 109051904 of 3490620036 (3.1%), 103.9 MBs/sec
build	Run actions/cache@v4	2026-07-28T10:40:25.4939876Z Received 272629760 of 3490620036 (7.8%), 129.9 MBs/sec
build	Run actions/cache@v4	2026-07-28T10:40:26.4946762Z Received 473956352 of 3490620036 (13.6%), 150.6 MBs/sec
build	Run actions/cache@v4	2026-07-28T10:40:27.4953085Z Received 662700032 of 3490620036 (19.0%), 157.9 MBs/sec
build	Run actions/cache@v4	2026-07-28T10:40:28.4983785Z Received 809500672 of 3490620036 (23.2%), 154.3 MBs/sec
build	Run actions/cache@v4	2026-07-28T10:40:29.4971490Z Received 968884224 of 3490620036 (27.8%), 153.9 MBs/sec
build	Run actions/cache@v4	2026-07-28T10:40:30.4973241Z Received 1103101952 of 3490620036 (31.6%), 150.2 MBs/sec
build	Run actions/cache@v4	2026-07-28T10:40:31.4975739Z Received 1270874112 of 3490620036 (36.4%), 151.4 MBs/sec
build	Run actions/cache@v4	2026-07-28T10:40:32.4978298Z Received 1421869056 of 3490620036 (40.7%), 150.6 MBs/sec
build	Run actions/cache@v4	2026-07-28T10:40:33.5012150Z Received 1560281088 of 3490620036 (44.7%), 148.7 MBs/sec
build	Run actions/cache@v4	2026-07-28T10:40:34.4992143Z Received 1728053248 of 3490620036 (49.5%), 149.7 MBs/sec
build	Run actions/cache@v4	2026-07-28T10:40:35.4997798Z Received 1870659584 of 3490620036 (53.6%), 148.6 MBs/sec
build	Run actions/cache@v4	2026-07-28T10:40:36.5004761Z Received 1988100096 of 3490620036 (57.0%), 145.8 MBs/sec
build	Run actions/cache@v4	2026-07-28T10:40:37.5013610Z Received 2097152000 of 3490620036 (60.1%), 142.8 MBs/sec
build	Run actions/cache@v4	2026-07-28T10:40:38.5017857Z Received 2218786816 of 3490620036 (63.6%), 141.0 MBs/sec
build	Run actions/cache@v4	2026-07-28T10:40:39.5025153Z Received 2302672896 of 3490620036 (66.0%), 137.2 MBs/sec
build	Run actions/cache@v4	2026-07-28T10:40:40.5031642Z Received 2415919104 of 3490620036 (69.2%), 135.4 MBs/sec
build	Run actions/cache@v4	2026-07-28T10:40:41.5041777Z Received 2550136832 of 3490620036 (73.1%), 135.0 MBs/sec
build	Run actions/cache@v4	2026-07-28T10:40:42.5064933Z Received 2684354560 of 3490620036 (76.9%), 134.6 MBs/sec
build	Run actions/cache@v4	2026-07-28T10:40:43.5062500Z Received 2805989376 of 3490620036 (80.4%), 133.7 MBs/sec
build	Run actions/cache@v4	2026-07-28T10:40:44.5069059Z Received 2931818496 of 3490620036 (84.0%), 133.1 MBs/sec
build	Run actions/cache@v4	2026-07-28T10:40:45.5072319Z Received 3028287488 of 3490620036 (86.8%), 131.2 MBs/sec
build	Run actions/cache@v4	2026-07-28T10:40:46.5083008Z Received 3124756480 of 3490620036 (89.5%), 129.5 MBs/sec
build	Run actions/cache@v4	2026-07-28T10:40:47.5082166Z Received 3242196992 of 3490620036 (92.9%), 128.7 MBs/sec
build	Run actions/cache@v4	2026-07-28T10:40:48.5089783Z Received 3355443200 of 3490620036 (96.1%), 127.9 MBs/sec
build	Run actions/cache@v4	2026-07-28T10:40:49.5096180Z Received 3489660928 of 3490620036 (100.0%), 127.9 MBs/sec
build	Run actions/cache@v4	2026-07-28T10:40:49.5994633Z Received 3490620036 of 3490620036 (100.0%), 127.5 MBs/sec
build	Run actions/cache@v4	2026-07-28T10:40:49.5996699Z Cache Size: ~3329 MB (3490620036 B)
build	Run actions/cache@v4	2026-07-28T10:40:49.6025327Z [command]/usr/bin/tar -xf /home/runner/work/_temp/7057c7c0-262e-4f58-871d-9b291453c846/cache.tzst -P -C /home/runner/work/Yasuagram/Yasuagram --use-compress-program unzstd
build	Run actions/cache@v4	2026-07-28T10:41:38.7950049Z Cache restored successfully
build	Run actions/cache@v4	2026-07-28T10:41:39.1092914Z Cache restored from key: gradle-Linux-9904013d3d5cfa5e4d18cbae9b7bf653caacf42275e9e61959f3e3f03e0dd458
build	Build APK	﻿2026-07-28T10:41:39.1181248Z ##[group]Run chmod +x gradlew
build	Build APK	2026-07-28T10:41:39.1181573Z ^[[36;1mchmod +x gradlew^[[0m
build	Build APK	2026-07-28T10:41:39.1181877Z ^[[36;1m./gradlew :TMessagesProj_App:assembleAfatDebug --build-cache --no-daemon^[[0m
build	Build APK	2026-07-28T10:41:39.1547769Z shell: /usr/bin/bash -e {0}
build	Build APK	2026-07-28T10:41:39.1548019Z env:
build	Build APK	2026-07-28T10:41:39.1548264Z   JAVA_HOME: /opt/hostedtoolcache/Java_Temurin-Hotspot_jdk/17.0.19-10/x64
build	Build APK	2026-07-28T10:41:39.1548623Z   JAVA_HOME_17_X64: /opt/hostedtoolcache/Java_Temurin-Hotspot_jdk/17.0.19-10/x64
build	Build APK	2026-07-28T10:41:39.1548930Z ##[endgroup]
build	Build APK	2026-07-28T10:41:41.3742562Z 
build	Build APK	2026-07-28T10:41:41.3743455Z Welcome to Gradle 8.7!
build	Build APK	2026-07-28T10:41:41.3743843Z 
build	Build APK	2026-07-28T10:41:41.3744022Z Here are the highlights of this release:
build	Build APK	2026-07-28T10:41:41.3744532Z  - Compiling and testing with Java 22
build	Build APK	2026-07-28T10:41:41.3745025Z  - Cacheable Groovy script compilation
build	Build APK	2026-07-28T10:41:41.3749372Z  - New methods in lazy collection properties
build	Build APK	2026-07-28T10:41:41.3749783Z 
build	Build APK	2026-07-28T10:41:41.3750076Z For more details see https://docs.gradle.org/8.7/release-notes.html
build	Build APK	2026-07-28T10:41:41.3750438Z 
build	Build APK	2026-07-28T10:41:41.4737405Z To honour the JVM settings for this build a single-use Daemon process will be forked. For more on this, please refer to https://docs.gradle.org/8.7/userguide/gradle_daemon.html#sec:disabling_the_daemon in the Gradle documentation.
build	Build APK	2026-07-28T10:41:42.3737362Z Daemon will be stopped at the end of the build 
build	Build APK	2026-07-28T10:41:46.0786785Z > Task :buildSrc:checkKotlinGradlePluginConfigurationErrors
build	Build APK	2026-07-28T10:41:46.6742003Z > Task :buildSrc:compileKotlin FROM-CACHE
build	Build APK	2026-07-28T10:41:46.6742502Z > Task :buildSrc:compileJava NO-SOURCE
build	Build APK	2026-07-28T10:41:46.6742808Z > Task :buildSrc:compileGroovy NO-SOURCE
build	Build APK	2026-07-28T10:41:46.6743095Z > Task :buildSrc:pluginDescriptors
build	Build APK	2026-07-28T10:41:46.6743382Z > Task :buildSrc:processResources
build	Build APK	2026-07-28T10:41:46.6743671Z > Task :buildSrc:classes
build	Build APK	2026-07-28T10:41:46.7752395Z > Task :buildSrc:jar
build	Build APK	2026-07-28T10:41:49.1737700Z 
build	Build APK	2026-07-28T10:41:49.1746620Z > Configure project :TMessagesProj
build	Build APK	2026-07-28T10:41:49.1747562Z WARNING: The option setting 'android.defaults.buildfeatures.buildconfig=true' is deprecated.
build	Build APK	2026-07-28T10:41:49.1748542Z The current default is 'false'.
build	Build APK	2026-07-28T10:41:49.1749073Z It will be removed in version 9.0 of the Android Gradle plugin.
build	Build APK	2026-07-28T10:41:49.1749714Z To keep using this feature, add the following to your module-level build.gradle files:
build	Build APK	2026-07-28T10:41:49.1750367Z     android.buildFeatures.buildConfig = true
build	Build APK	2026-07-28T10:41:49.1751291Z or from Android Studio, click: `Refactor` > `Migrate BuildConfig to Gradle Build Files`.
build	Build APK	2026-07-28T10:41:51.6735421Z Checking the license for package NDK (Side by side) 27.2.12479018 in /usr/local/lib/android/sdk/licenses
build	Build APK	2026-07-28T10:41:51.7737802Z License for package NDK (Side by side) 27.2.12479018 accepted.
build	Build APK	2026-07-28T10:41:51.7739155Z Preparing "Install NDK (Side by side) 27.2.12479018 v.27.2.12479018".
build	Build APK	2026-07-28T10:42:14.0762254Z "Install NDK (Side by side) 27.2.12479018 v.27.2.12479018" ready.
build	Build APK	2026-07-28T10:42:14.0822046Z Installing NDK (Side by side) 27.2.12479018 in /usr/local/lib/android/sdk/ndk/27.2.12479018
build	Build APK	2026-07-28T10:42:14.0851701Z "Install NDK (Side by side) 27.2.12479018 v.27.2.12479018" complete.
build	Build APK	2026-07-28T10:42:14.1753807Z "Install NDK (Side by side) 27.2.12479018 v.27.2.12479018" finished.
build	Build APK	2026-07-28T10:42:15.2736661Z 
build	Build APK	2026-07-28T10:42:15.2737827Z > Configure project :TMessagesProj_AppHuawei
build	Build APK	2026-07-28T10:42:15.2739152Z --W- Build Environment: AGConnect plugin version is: 1.9.1.301, Gradle version is: 8.7, Android Plugin version is: 8.6.1
build	Build APK	2026-07-28T10:42:15.2753202Z --I- Using the AGConnect-Config file: /home/runner/work/Yasuagram/Yasuagram/TMessagesProj_AppHuawei/agconnect-services.json
build	Build APK	2026-07-28T10:42:15.2754584Z --W- The variant: afatDebug, Use the json file: /home/runner/work/Yasuagram/Yasuagram/TMessagesProj_AppHuawei/agconnect-services.json
build	Build APK	2026-07-28T10:42:15.2755907Z --I- Using the AGConnect-Config file: /home/runner/work/Yasuagram/Yasuagram/TMessagesProj_AppHuawei/agconnect-services.json
build	Build APK	2026-07-28T10:42:15.2757483Z --W- The variant: afatRelease, Use the json file: /home/runner/work/Yasuagram/Yasuagram/TMessagesProj_AppHuawei/agconnect-services.json
build	Build APK	2026-07-28T10:42:16.9733373Z 
build	Build APK	2026-07-28T10:42:16.9736285Z > Task :TMessagesProj:checkVisibility
build	Build APK	2026-07-28T10:42:17.5735975Z > Task :TMessagesProj:preBuild
build	Build APK	2026-07-28T10:42:17.5761661Z > Task :TMessagesProj:preDebugBuild
build	Build APK	2026-07-28T10:42:19.5733576Z 
build	Build APK	2026-07-28T10:42:19.5734446Z > Task :TMessagesProj:configureCMakeDebug[arm64-v8a]
build	Build APK	2026-07-28T10:42:19.5735379Z Checking the license for package CMake 3.22.1 in /usr/local/lib/android/sdk/licenses
build	Build APK	2026-07-28T10:42:19.5736267Z License for package CMake 3.22.1 accepted.
build	Build APK	2026-07-28T10:42:19.5736792Z Preparing "Install CMake 3.22.1 v.3.22.1".
build	Build APK	2026-07-28T10:42:19.5737338Z "Install CMake 3.22.1 v.3.22.1" ready.
build	Build APK	2026-07-28T10:42:19.5737917Z Installing CMake 3.22.1 in /usr/local/lib/android/sdk/cmake/3.22.1
build	Build APK	2026-07-28T10:42:19.5738515Z "Install CMake 3.22.1 v.3.22.1" complete.
build	Build APK	2026-07-28T10:42:19.5739096Z "Install CMake 3.22.1 v.3.22.1" finished.
build	Build APK	2026-07-28T10:42:19.5739615Z C/C++: CMake Warning (dev) in CMakeLists.txt:
build	Build APK	2026-07-28T10:42:19.5740261Z C/C++:   No project() command is present.  The top-level CMakeLists.txt file must
build	Build APK	2026-07-28T10:42:19.5741386Z C/C++:   contain a literal, direct call to the project() command.  Add a line of
build	Build APK	2026-07-28T10:42:19.5741986Z C/C++:   code such as
build	Build APK	2026-07-28T10:42:19.5742491Z C/C++:     project(ProjectName)
build	Build APK	2026-07-28T10:42:19.5743100Z C/C++:   near the top of the file, but after cmake_minimum_required().
build	Build APK	2026-07-28T10:42:19.5744229Z C/C++:   CMake is pretending there is a "project(Project)" command on the first
build	Build APK	2026-07-28T10:42:19.5744873Z C/C++:   line.
build	Build APK	2026-07-28T10:42:19.5745459Z C/C++: This warning is for project developers.  Use -Wno-dev to suppress it.
build	Build APK	2026-07-28T10:42:21.8777889Z 
build	Build APK	2026-07-28T10:42:21.8794788Z > Task :TMessagesProj:buildCMakeDebug[arm64-v8a]
build	Build APK	2026-07-28T10:42:21.8842131Z C/C++: ninja: Entering directory `/home/runner/work/Yasuagram/Yasuagram/TMessagesProj/.cxx/Debug/59344w51/arm64-v8a'
build	Build APK	2026-07-28T10:42:21.8843311Z C/C++: /home/runner/work/Yasuagram/Yasuagram/TMessagesProj/jni/tgnet/Connection.cpp:216:93: warning: '&&' within '||' [-Wlogical-op-parentheses]
build	Build APK	2026-07-28T10:42:21.8882101Z C/C++:   216 |         if (currentProtocolType != ProtocolTypeDD && currentProtocolType != ProtocolTypeTLS && currentPacketLength % 4 != 0 || currentPacketLength > 2 * 1024 * 1024) {
build	Build APK	2026-07-28T10:42:21.8883312Z C/C++:       |             ~~~~~~~~~~~~~~~~~~~~~~~~~~~~~~~~~~~~~~~~~~~~~~~~~~~~~~~~~~~~~~~~~~~~~~~~~~~~~~~~^~~~~~~~~~~~~~~~~~~~~~~~~~~~~~~ ~~
build	Build APK	2026-07-28T10:42:21.8912006Z C/C++: /home/runner/work/Yasuagram/Yasuagram/TMessagesProj/jni/tgnet/Connection.cpp:216:93: note: place parentheses around the '&&' expression to silence this warning
build	Build APK	2026-07-28T10:42:21.8942060Z C/C++:   216 |         if (currentProtocolType != ProtocolTypeDD && currentProtocolType != ProtocolTypeTLS && currentPacketLength % 4 != 0 || currentPacketLength > 2 * 1024 * 1024) {
build	Build APK	2026-07-28T10:42:21.9069567Z C/C++:       |                                                                                             ^
build	Build APK	2026-07-28T10:42:21.9081499Z C/C++:       |             (                                                                                                              )
build	Build APK	2026-07-28T10:42:21.9111880Z C/C++: /home/runner/work/Yasuagram/Yasuagram/TMessagesProj/jni/tgnet/Connection.cpp:529:223: warning: '&&' within '||' [-Wlogical-op-parentheses]
build	Build APK	2026-07-28T10:42:21.9141904Z C/C++:   529 |             if (currentProtocolType == ProtocolTypeTLS || bytes[0] != 0xef && val != 0x44414548 && val != 0x54534f50 && val != 0x20544547 && val != 0x4954504f && val != 0xeeeeeeee && val != 0xdddddddd && val != 0x02010316 && val2 != 0x00000000) {
build	Build APK	2026-07-28T10:42:21.9161664Z C/C++:       |                                                        ~~ ~~~~~~~~~~~~~~~~~~~~~~~~~~~~~~~~~~~~~~~~~~~~~~~~~~~~~~~~~~~~~~~~~~~~~~~~~~~~~~~~~~~~~~~~~~~~~~~~~~~~~~~~~~~~~~~~~~~~~~~~~~~~~~~~~~~~~~~~~~~~~~~~~~~~~~~~~~~~~~~~~~~~^~~~~~~~~~~~~~~~~~~~~
build	Build APK	2026-07-28T10:42:21.9171800Z C/C++: /home/runner/work/Yasuagram/Yasuagram/TMessagesProj/jni/tgnet/Connection.cpp:529:223: note: place parentheses around the '&&' expression to silence this warning
build	Build APK	2026-07-28T10:42:21.9192162Z C/C++:   529 |             if (currentProtocolType == ProtocolTypeTLS || bytes[0] != 0xef && val != 0x44414548 && val != 0x54534f50 && val != 0x20544547 && val != 0x4954504f && val != 0xeeeeeeee && val != 0xdddddddd && val != 0x02010316 && val2 != 0x00000000) {
build	Build APK	2026-07-28T10:42:21.9231696Z C/C++:       |                                                                                                                                                                                                                               ^                    
build	Build APK	2026-07-28T10:42:21.9251659Z C/C++:       |                                                           (                                                                                                                                                                                        )
build	Build APK	2026-07-28T10:42:21.9274197Z C/C++: /home/runner/work/Yasuagram/Yasuagram/TMessagesProj/jni/tgnet/Connection.cpp:662:57: warning: '&&' within '||' [-Wlogical-op-parentheses]
build	Build APK	2026-07-28T10:42:21.9281805Z C/C++:   662 |     bool switchToNextPort = reason == 2 && wasConnected && (!hasSomeDataSinceLastConnect || currentDatacenter->isCustomPort(currentAddressFlags)) || forceNextPort;
build	Build APK	2026-07-28T10:42:21.9311511Z C/C++:       |                             ~~~~~~~~~~~~~~~~~~~~~~~~~~~~^~~~~~~~~~~~~~~~~~~~~~~~~~~~~~~~~~~~~~~~~~~~~~~~~~~~~~~~~~~~~~~~~~~~~~~~~~~~~~~~~~~~~~~~~ ~~
build	Build APK	2026-07-28T10:42:21.9341745Z C/C++: /home/runner/work/Yasuagram/Yasuagram/TMessagesProj/jni/tgnet/Connection.cpp:662:57: note: place parentheses around the '&&' expression to silence this warning
build	Build APK	2026-07-28T10:42:21.9342997Z C/C++:   662 |     bool switchToNextPort = reason == 2 && wasConnected && (!hasSomeDataSinceLastConnect || currentDatacenter->isCustomPort(currentAddressFlags)) || forceNextPort;
build	Build APK	2026-07-28T10:42:21.9344053Z C/C++:       |                                                         ^
build	Build APK	2026-07-28T10:42:21.9344578Z C/C++:       |                             (                                                                                                                    )
build	Build APK	2026-07-28T10:42:21.9345449Z C/C++: /home/runner/work/Yasuagram/Yasuagram/TMessagesProj/jni/tgnet/Connection.cpp:717:62: warning: '&&' within '||' [-Wlogical-op-parentheses]
build	Build APK	2026-07-28T10:42:21.9347662Z C/C++:   717 |             if (connectionType == ConnectionTypeGenericMedia && currentDatacenter->isHandshaking(true) || connectionType == ConnectionTypeGeneric && (currentDatacenter->isHandshaking(false) || datacenterId == ConnectionsManager::getInstance(currentDatacenter->instanceNum).currentDatacenterId || datacenterId == ConnectionsManager::getInstance(currentDatacenter->instanceNum).movingToDatacenterId)) {
build	Build APK	2026-07-28T10:42:21.9401565Z C/C++:       |                 ~~~~~~~~~~~~~~~~~~~~~~~~~~~~~~~~~~~~~~~~~~~~~^~~~~~~~~~~~~~~~~~~~~~~~~~~~~~~~~~~~~~~~~ ~~
build	Build APK	2026-07-28T10:42:21.9402760Z C/C++: /home/runner/work/Yasuagram/Yasuagram/TMessagesProj/jni/tgnet/Connection.cpp:717:62: note: place parentheses around the '&&' expression to silence this warning
build	Build APK	2026-07-28T10:42:21.9432602Z C/C++:   717 |             if (connectionType == ConnectionTypeGenericMedia && currentDatacenter->isHandshaking(true) || connectionType == ConnectionTypeGeneric && (currentDatacenter->isHandshaking(false) || datacenterId == ConnectionsManager::getInstance(currentDatacenter->instanceNum).currentDatacenterId || datacenterId == ConnectionsManager::getInstance(currentDatacenter->instanceNum).movingToDatacenterId)) {
build	Build APK	2026-07-28T10:42:21.9434516Z C/C++:       |                                                              ^
build	Build APK	2026-07-28T10:42:21.9461449Z C/C++:       |                 (                                                                                     )
build	Build APK	2026-07-28T10:42:21.9491734Z C/C++: /home/runner/work/Yasuagram/Yasuagram/TMessagesProj/jni/tgnet/Connection.cpp:717:147: warning: '&&' within '||' [-Wlogical-op-parentheses]
build	Build APK	2026-07-28T10:42:21.9512529Z C/C++:   717 |             if (connectionType == ConnectionTypeGenericMedia && currentDatacenter->isHandshaking(true) || connectionType == ConnectionTypeGeneric && (currentDatacenter->isHandshaking(false) || datacenterId == ConnectionsManager::getInstance(currentDatacenter->instanceNum).currentDatacenterId || datacenterId == ConnectionsManager::getInstance(currentDatacenter->instanceNum).movingToDatacenterId)) {
build	Build APK	2026-07-28T10:42:21.9522147Z C/C++:       |                                                                                                        ~~ ~~~~~~~~~~~~~~~~~~~~~~~~~~~~~~~~~~~~~~~~^~~~~~~~~~~~~~~~~~~~~~~~~~~~~~~~~~~~~~~~~~~~~~~~~~~~~~~~~~~~~~~~~~~~~~~~~~~~~~~~~~~~~~~~~~~~~~~~~~~~~~~~~~~~~~~~~~~~~~~~~~~~~~~~~~~~~~~~~~~~~~~~~~~~~~~~~~~~~~~~~~~~~~~~~~~~~~~~~~~~~~~~~~~~~~~~~~~~~~~~~~~~~~~~~~~~~~~~~~~~~~~~~~~~~~~~~~~~~~~~~~~~~~~~~~~
build	Build APK	2026-07-28T10:42:21.9551743Z C/C++: /home/runner/work/Yasuagram/Yasuagram/TMessagesProj/jni/tgnet/Connection.cpp:717:147: note: place parentheses around the '&&' expression to silence this warning
build	Build APK	2026-07-28T10:42:21.9582450Z C/C++:   717 |             if (connectionType == ConnectionTypeGenericMedia && currentDatacenter->isHandshaking(true) || connectionType == ConnectionTypeGeneric && (currentDatacenter->isHandshaking(false) || datacenterId == ConnectionsManager::getInstance(currentDatacenter->instanceNum).currentDatacenterId || datacenterId == ConnectionsManager::getInstance(currentDatacenter->instanceNum).movingToDatacenterId)) {
build	Build APK	2026-07-28T10:42:21.9601816Z C/C++:       |                                                                                                                                                   ^                                                                                                                                                                                                                                                          
build	Build APK	2026-07-28T10:42:21.9611725Z C/C++:       |                                                                                                           (                                                                                                                                                                                                                                                                                                  )
build	Build APK	2026-07-28T10:42:21.9641368Z C/C++: 5 warnings generated.
build	Build APK	2026-07-28T10:42:21.9662395Z C/C++: /home/runner/work/Yasuagram/Yasuagram/TMessagesProj/jni/tgnet/NativeByteBuffer.cpp:17:12: warning: unused variable 'buffersCount' [-Wunused-variable]
build	Build APK	2026-07-28T10:42:21.9692347Z C/C++:    17 | static int buffersCount = 0;
build	Build APK	2026-07-28T10:42:21.9711417Z C/C++:       |            ^~~~~~~~~~~~
build	Build APK	2026-07-28T10:42:21.9721518Z C/C++: 1 warning generated.
build	Build APK	2026-07-28T10:42:22.5752238Z C/C++: /home/runner/work/Yasuagram/Yasuagram/TMessagesProj/jni/tgnet/ConnectionSocket.cpp:1111:29: warning: '&&' within '||' [-Wlogical-op-parentheses]
build	Build APK	2026-07-28T10:42:22.5772294Z C/C++:  1111 |     if (proxyAuthState == 0 && (outgoingByteStream->hasData() || !onConnectedSent) || proxyAuthState == 1 || proxyAuthState == 3 || proxyAuthState == 5 || proxyAuthState == 10) {
build	Build APK	2026-07-28T10:42:22.5791770Z C/C++:       |         ~~~~~~~~~~~~~~~~~~~~^~~~~~~~~~~~~~~~~~~~~~~~~~~~~~~~~~~~~~~~~~~~~~~~~~~~~~ ~~
build	Build APK	2026-07-28T10:42:22.5812018Z C/C++: /home/runner/work/Yasuagram/Yasuagram/TMessagesProj/jni/tgnet/ConnectionSocket.cpp:1111:29: note: place parentheses around the '&&' expression to silence this warning
build	Build APK	2026-07-28T10:42:22.5825868Z C/C++:  1111 |     if (proxyAuthState == 0 && (outgoingByteStream->hasData() || !onConnectedSent) || proxyAuthState == 1 || proxyAuthState == 3 || proxyAuthState == 5 || proxyAuthState == 10) {
build	Build APK	2026-07-28T10:42:22.5861276Z C/C++:       |                             ^
build	Build APK	2026-07-28T10:42:22.5911556Z C/C++:       |         (                                                                         )
build	Build APK	2026-07-28T10:42:22.5965131Z C/C++: /home/runner/work/Yasuagram/Yasuagram/TMessagesProj/jni/tgnet/ConnectionSocket.cpp:477:13: warning: unused function 'applyFastTcpOptions' [-Wunused-function]
build	Build APK	2026-07-28T10:42:22.5991354Z C/C++:   477 | static void applyFastTcpOptions(int fd) {
build	Build APK	2026-07-28T10:42:22.6021262Z C/C++:       |             ^~~~~~~~~~~~~~~~~~~
build	Build APK	2026-07-28T10:42:22.6091322Z C/C++: 2 warnings generated.
build	Build APK	2026-07-28T10:42:24.0743295Z C/C++: /home/runner/work/Yasuagram/Yasuagram/TMessagesProj/jni/tgnet/Request.cpp:82:19: warning: '&&' within '||' [-Wlogical-op-parentheses]
build	Build APK	2026-07-28T10:42:24.0769270Z C/C++:    82 |     return !media && datacenter->lastInitVersion != currentVersion || media && datacenter->lastInitMediaVersion != currentVersion;
build	Build APK	2026-07-28T10:42:24.0781414Z C/C++:       |            ~~~~~~~^~~~~~~~~~~~~~~~~~~~~~~~~~~~~~~~~~~~~~~~~~~~~~~~ ~~
build	Build APK	2026-07-28T10:42:24.0782507Z C/C++: /home/runner/work/Yasuagram/Yasuagram/TMessagesProj/jni/tgnet/Request.cpp:82:19: note: place parentheses around the '&&' expression to silence this warning
build	Build APK	2026-07-28T10:42:24.0783604Z C/C++:    82 |     return !media && datacenter->lastInitVersion != currentVersion || media && datacenter->lastInitMediaVersion != currentVersion;
build	Build APK	2026-07-28T10:42:24.0784395Z C/C++:       |                   ^
build	Build APK	2026-07-28T10:42:24.0784749Z C/C++:       |            (                                                      )
build	Build APK	2026-07-28T10:42:24.0785485Z C/C++: /home/runner/work/Yasuagram/Yasuagram/TMessagesProj/jni/tgnet/Request.cpp:82:77: warning: '&&' within '||' [-Wlogical-op-parentheses]
build	Build APK	2026-07-28T10:42:24.0787044Z C/C++:    82 |     return !media && datacenter->lastInitVersion != currentVersion || media && datacenter->lastInitMediaVersion != currentVersion;
build	Build APK	2026-07-28T10:42:24.0811497Z C/C++:       |                                                                    ~~ ~~~~~~^~~~~~~~~~~~~~~~~~~~~~~~~~~~~~~~~~~~~~~~~~~~~~~~~~~~~
build	Build APK	2026-07-28T10:42:24.0841778Z C/C++: /home/runner/work/Yasuagram/Yasuagram/TMessagesProj/jni/tgnet/Request.cpp:82:77: note: place parentheses around the '&&' expression to silence this warning
build	Build APK	2026-07-28T10:42:24.0843293Z C/C++:    82 |     return !media && datacenter->lastInitVersion != currentVersion || media && datacenter->lastInitMediaVersion != currentVersion;
build	Build APK	2026-07-28T10:42:24.0869342Z C/C++:       |                                                                             ^                                                    
build	Build APK	2026-07-28T10:42:24.0891582Z C/C++:       |                                                                       (                                                          )
build	Build APK	2026-07-28T10:42:24.0921639Z C/C++: 2 warnings generated.
build	Build APK	2026-07-28T10:42:24.4762351Z C/C++: /home/runner/work/Yasuagram/Yasuagram/TMessagesProj/jni/tgnet/Datacenter.cpp:199:62: warning: '&&' within '||' [-Wlogical-op-parentheses]
build	Build APK	2026-07-28T10:42:24.4811809Z C/C++:   199 |     if (flags == 0 && (authKeyPerm == nullptr || PFS_ENABLED && authKeyTemp == nullptr) && !addressesIpv4Temp.empty()) {
build	Build APK	2026-07-28T10:42:24.4870856Z C/C++:       |                                               ~~ ~~~~~~~~~~~~^~~~~~~~~~~~~~~~~~~~~~~~~
build	Build APK	2026-07-28T10:42:24.4882077Z C/C++: /home/runner/work/Yasuagram/Yasuagram/TMessagesProj/jni/tgnet/Datacenter.cpp:199:62: note: place parentheses around the '&&' expression to silence this warning
build	Build APK	2026-07-28T10:42:24.4911730Z C/C++:   199 |     if (flags == 0 && (authKeyPerm == nullptr || PFS_ENABLED && authKeyTemp == nullptr) && !addressesIpv4Temp.empty()) {
build	Build APK	2026-07-28T10:42:24.4921581Z C/C++:       |                                                  ~~~~~~~~~~~~^~~~~~~~~~~~~~~~~~~~~~~~~
build	Build APK	2026-07-28T10:42:24.4951735Z C/C++: /home/runner/work/Yasuagram/Yasuagram/TMessagesProj/jni/tgnet/Datacenter.cpp:257:62: warning: '&&' within '||' [-Wlogical-op-parentheses]
build	Build APK	2026-07-28T10:42:24.4971707Z C/C++:   257 |     if (flags == 0 && (authKeyPerm == nullptr || PFS_ENABLED && authKeyTemp == nullptr) && !addressesIpv4Temp.empty()) {
build	Build APK	2026-07-28T10:42:24.5021547Z C/C++:       |                                               ~~ ~~~~~~~~~~~~^~~~~~~~~~~~~~~~~~~~~~~~~
build	Build APK	2026-07-28T10:42:24.5032039Z C/C++: /home/runner/work/Yasuagram/Yasuagram/TMessagesProj/jni/tgnet/Datacenter.cpp:257:62: note: place parentheses around the '&&' expression to silence this warning
build	Build APK	2026-07-28T10:42:24.5061586Z C/C++:   257 |     if (flags == 0 && (authKeyPerm == nullptr || PFS_ENABLED && authKeyTemp == nullptr) && !addressesIpv4Temp.empty()) {
build	Build APK	2026-07-28T10:42:24.5069696Z C/C++:       |                                                  ~~~~~~~~~~~~^~~~~~~~~~~~~~~~~~~~~~~~~
build	Build APK	2026-07-28T10:42:24.5101715Z C/C++: /home/runner/work/Yasuagram/Yasuagram/TMessagesProj/jni/tgnet/Datacenter.cpp:377:62: warning: '&&' within '||' [-Wlogical-op-parentheses]
build	Build APK	2026-07-28T10:42:24.5121679Z C/C++:   377 |     if (flags == 0 && (authKeyPerm == nullptr || PFS_ENABLED && authKeyTemp == nullptr) && !addressesIpv4Temp.empty()) {
build	Build APK	2026-07-28T10:42:24.5151618Z C/C++:       |                                               ~~ ~~~~~~~~~~~~^~~~~~~~~~~~~~~~~~~~~~~~~
build	Build APK	2026-07-28T10:42:24.5161780Z C/C++: /home/runner/work/Yasuagram/Yasuagram/TMessagesProj/jni/tgnet/Datacenter.cpp:377:62: note: place parentheses around the '&&' expression to silence this warning
build	Build APK	2026-07-28T10:42:24.5191787Z C/C++:   377 |     if (flags == 0 && (authKeyPerm == nullptr || PFS_ENABLED && authKeyTemp == nullptr) && !addressesIpv4Temp.empty()) {
build	Build APK	2026-07-28T10:42:24.5211483Z C/C++:       |                                                  ~~~~~~~~~~~~^~~~~~~~~~~~~~~~~~~~~~~~~
build	Build APK	2026-07-28T10:42:24.5216549Z C/C++: /home/runner/work/Yasuagram/Yasuagram/TMessagesProj/jni/tgnet/Datacenter.cpp:446:62: warning: '&&' within '||' [-Wlogical-op-parentheses]
build	Build APK	2026-07-28T10:42:24.5271993Z C/C++:   446 |     if (flags == 0 && (authKeyPerm == nullptr || PFS_ENABLED && authKeyTemp == nullptr) && !addressesIpv4Temp.empty()) {
build	Build APK	2026-07-28T10:42:24.5272720Z C/C++:       |                                               ~~ ~~~~~~~~~~~~^~~~~~~~~~~~~~~~~~~~~~~~~
build	Build APK	2026-07-28T10:42:24.5273737Z C/C++: /home/runner/work/Yasuagram/Yasuagram/TMessagesProj/jni/tgnet/Datacenter.cpp:446:62: note: place parentheses around the '&&' expression to silence this warning
build	Build APK	2026-07-28T10:42:24.5274804Z C/C++:   446 |     if (flags == 0 && (authKeyPerm == nullptr || PFS_ENABLED && authKeyTemp == nullptr) && !addressesIpv4Temp.empty()) {
build	Build APK	2026-07-28T10:42:24.5275575Z C/C++:       |                                                  ~~~~~~~~~~~~^~~~~~~~~~~~~~~~~~~~~~~~~
build	Build APK	2026-07-28T10:42:24.5276021Z C/C++: 4 warnings generated.
build	Build APK	2026-07-28T10:42:27.3736735Z C/C++: /home/runner/work/Yasuagram/Yasuagram/TMessagesProj/jni/rlottie/src/lottie/lottiemodel.cpp:211:73: warning: '&&' within '||' [-Wlogical-op-parentheses]
build	Build APK	2026-07-28T10:42:27.3762422Z C/C++:   211 |     if (opacityArraySize % 2 != 0 || colorPoints > opacityArraySize / 2 && opacityArraySize < 4) {
build	Build APK	2026-07-28T10:42:27.3811555Z C/C++:       |                                   ~~ ~~~~~~~~~~~~~~~~~~~~~~~~~~~~~~~~~~~^~~~~~~~~~~~~~~~~~~~~~~
build	Build APK	2026-07-28T10:42:27.3821949Z C/C++: /home/runner/work/Yasuagram/Yasuagram/TMessagesProj/jni/rlottie/src/lottie/lottiemodel.cpp:211:73: note: place parentheses around the '&&' expression to silence this warning
build	Build APK	2026-07-28T10:42:27.3851715Z C/C++:   211 |     if (opacityArraySize % 2 != 0 || colorPoints > opacityArraySize / 2 && opacityArraySize < 4) {
build	Build APK	2026-07-28T10:42:27.3881433Z C/C++:       |                                                                         ^                      
build	Build APK	2026-07-28T10:42:27.3882065Z C/C++:       |                                      (                                                         )
build	Build APK	2026-07-28T10:42:27.3882605Z C/C++: 1 warning generated.
build	Build APK	2026-07-28T10:42:30.3750566Z C/C++: /home/runner/work/Yasuagram/Yasuagram/TMessagesProj/jni/tgnet/ConnectionsManager.cpp:1243:127: warning: format specifies type 'long long' but the argument has type 'int64_t' (aka 'long') [-Wformat]
build	Build APK	2026-07-28T10:42:30.3803062Z C/C++:  1243 |             if (LOGS_ENABLED) DEBUG_D("message_id %lld connection(%p, account%u, dc%u, type %d) received rpc_result with %s", messageId, connection, instanceNum, datacenter->getDatacenterId(), connection->getConnectionType(), typeid(*object).name());
build	Build APK	2026-07-28T10:42:30.3851777Z C/C++:       |                                                   ~~~~                                                                        ^~~~~~~~~
build	Build APK	2026-07-28T10:42:30.3892085Z C/C++:       |                                                   %ld
build	Build APK	2026-07-28T10:42:30.3922493Z C/C++: /home/runner/work/Yasuagram/Yasuagram/TMessagesProj/jni/tgnet/ConnectionsManager.cpp:1247:132: warning: format specifies type 'long long' but the argument has type 'int64_t' (aka 'long') [-Wformat]
build	Build APK	2026-07-28T10:42:30.3972102Z C/C++:  1247 |             if (LOGS_ENABLED) DEBUG_E("message_id %lld req_msg_id %lld connection(%p, account%u, dc%u, type %d) rpc error %d: %s", messageId, resultMid, connection, instanceNum, datacenter->getDatacenterId(), connection->getConnectionType(), error->error_code, error->error_message.c_str());
build	Build APK	2026-07-28T10:42:30.4001529Z C/C++:       |                                                   ~~~~                                                                             ^~~~~~~~~
build	Build APK	2026-07-28T10:42:30.4061371Z C/C++:       |                                                   %ld
build	Build APK	2026-07-28T10:42:30.4102014Z C/C++: /home/runner/work/Yasuagram/Yasuagram/TMessagesProj/jni/tgnet/ConnectionsManager.cpp:1247:143: warning: format specifies type 'long long' but the argument has type 'int64_t' (aka 'long') [-Wformat]
build	Build APK	2026-07-28T10:42:30.4132230Z C/C++:  1247 |             if (LOGS_ENABLED) DEBUG_E("message_id %lld req_msg_id %lld connection(%p, account%u, dc%u, type %d) rpc error %d: %s", messageId, resultMid, connection, instanceNum, datacenter->getDatacenterId(), connection->getConnectionType(), error->error_code, error->error_message.c_str());
build	Build APK	2026-07-28T10:42:30.4191515Z C/C++:       |                                                                   ~~~~                                                                        ^~~~~~~~~
build	Build APK	2026-07-28T10:42:30.4221475Z C/C++:       |                                                                   %ld
build	Build APK	2026-07-28T10:42:30.4262008Z C/C++: /home/runner/work/Yasuagram/Yasuagram/TMessagesProj/jni/tgnet/ConnectionsManager.cpp:1952:101: warning: expression with side effects will be evaluated despite being used as an operand to 'typeid' [-Wpotentially-evaluated-expression]
build	Build APK	2026-07-28T10:42:30.4311896Z C/C++:  1952 |         if (LOGS_ENABLED) DEBUG_D("send request wrapped %p - %s", request->rpcRequest.get(), typeid(*(request->rpcRequest.get())).name());
build	Build APK	2026-07-28T10:42:30.4361615Z C/C++:       |                                                                                                     ^
build	Build APK	2026-07-28T10:42:30.4402324Z C/C++: /home/runner/work/Yasuagram/Yasuagram/TMessagesProj/jni/tgnet/ConnectionsManager.cpp:2028:52: warning: format specifies type 'long long' but the argument has type 'int64_t' (aka 'long') [-Wformat]
build	Build APK	2026-07-28T10:42:30.4437093Z C/C++:  2028 |         if (LOGS_ENABLED) DEBUG_D("set user %lld", userId);
build	Build APK	2026-07-28T10:42:30.4461731Z C/C++:       |                                             ~~~~   ^~~~~~
build	Build APK	2026-07-28T10:42:30.4462531Z C/C++:       |                                             %ld
build	Build APK	2026-07-28T10:42:30.4491795Z C/C++: /home/runner/work/Yasuagram/Yasuagram/TMessagesProj/jni/tgnet/ConnectionsManager.cpp:2206:5: warning: non-void lambda does not return a value in all control paths [-Wreturn-type]
build	Build APK	2026-07-28T10:42:30.4521455Z C/C++:  2206 |     });
build	Build APK	2026-07-28T10:42:30.4551559Z C/C++:       |     ^
build	Build APK	2026-07-28T10:42:30.4562433Z C/C++: /home/runner/work/Yasuagram/Yasuagram/TMessagesProj/jni/tgnet/ConnectionsManager.cpp:3053:155: warning: expression with side effects will be evaluated despite being used as an operand to 'typeid' [-Wpotentially-evaluated-expression]
build	Build APK	2026-07-28T10:42:30.4581927Z C/C++:  3053 |                             if (LOGS_ENABLED) DEBUG_D("wrap body(%p, %s) to TL_invokeAfterMsg, token = %d, after 0x%" PRIx64, message->body.get(), typeid(*(message->body.get())).name(), networkMessage->requestId, request->msg_id);
build	Build APK	2026-07-28T10:42:30.4607572Z C/C++:       |                                                                                                                                                           ^
build	Build APK	2026-07-28T10:42:30.4631997Z C/C++: /home/runner/work/Yasuagram/Yasuagram/TMessagesProj/jni/tgnet/ConnectionsManager.cpp:3278:43: warning: array subscript is of type 'char' [-Wchar-subscripts]
build	Build APK	2026-07-28T10:42:30.4651434Z C/C++:  3278 |             auto value = url_char_to_value[base64.c_str()[i++]];
build	Build APK	2026-07-28T10:42:30.4671432Z C/C++:       |                                           ^~~~~~~~~~~~~~~~~~~~
build	Build APK	2026-07-28T10:42:30.4701479Z C/C++: 8 warnings generated.
build	Build APK	2026-07-28T10:42:30.6744486Z C/C++: In file included from /home/runner/work/Yasuagram/Yasuagram/TMessagesProj/jni/rlottie/src/lottie/lottieparser.cpp:58:
build	Build APK	2026-07-28T10:42:30.6811936Z C/C++: In file included from /home/runner/work/Yasuagram/Yasuagram/TMessagesProj/jni/./tgnet/FileLog.h:12:
build	Build APK	2026-07-28T10:42:30.6842277Z C/C++: /home/runner/work/Yasuagram/Yasuagram/TMessagesProj/jni/./tgnet/Defines.h:142:16: warning: 'ConnectiosManagerDelegate' has virtual functions but non-virtual destructor [-Wnon-virtual-dtor]
build	Build APK	2026-07-28T10:42:30.6871448Z C/C++:   142 | typedef struct ConnectiosManagerDelegate {
build	Build APK	2026-07-28T10:42:30.6931408Z C/C++:       |                ^
build	Build APK	2026-07-28T10:42:30.6992052Z C/C++: /home/runner/work/Yasuagram/Yasuagram/TMessagesProj/jni/./tgnet/Defines.h:161:16: warning: 'HandshakeDelegate' has virtual functions but non-virtual destructor [-Wnon-virtual-dtor]
build	Build APK	2026-07-28T10:42:30.7031534Z C/C++:   161 | typedef struct HandshakeDelegate {
build	Build APK	2026-07-28T10:42:30.7071503Z C/C++:       |                ^
build	Build APK	2026-07-28T10:42:30.7121893Z C/C++: /home/runner/work/Yasuagram/Yasuagram/TMessagesProj/jni/rlottie/src/lottie/lottieparser.cpp:186:60: warning: field 'colorMap' will be initialized after field 'mFitzModifier' [-Wreorder-ctor]
build	Build APK	2026-07-28T10:42:30.7172483Z C/C++:   186 |         : LookaheadParserHandler(str), mDirPath(dir_path), colorMap(colorReplacement), mFitzModifier(fitzModifier)
build	Build APK	2026-07-28T10:42:30.7211423Z C/C++:       |                                        ~~~~~~~~~~~~~~~~~~  ^~~~~~~~~~~~~~~~~~~~~~~~~~  ~~~~~~~~~~~~~~~~~~~~~~~~~~~
build	Build APK	2026-07-28T10:42:30.7261504Z C/C++:       |                                        mFitzModifier(fitzModifier) mDirPath(dir_path)  colorMap(colorReplacement)
build	Build APK	2026-07-28T10:42:30.7301245Z C/C++: 3 warnings generated.
build	Build APK	2026-07-28T10:42:31.6752207Z C/C++: In file included from /home/runner/work/Yasuagram/Yasuagram/TMessagesProj/jni/rlottie/src/vector/vraster.cpp:22:
build	Build APK	2026-07-28T10:42:31.6782033Z C/C++: In file included from /home/runner/work/Yasuagram/Yasuagram/TMessagesProj/jni/./tgnet/FileLog.h:12:
build	Build APK	2026-07-28T10:42:31.6811989Z C/C++: /home/runner/work/Yasuagram/Yasuagram/TMessagesProj/jni/./tgnet/Defines.h:142:16: warning: 'ConnectiosManagerDelegate' has virtual functions but non-virtual destructor [-Wnon-virtual-dtor]
build	Build APK	2026-07-28T10:42:31.6871551Z C/C++:   142 | typedef struct ConnectiosManagerDelegate {
build	Build APK	2026-07-28T10:42:31.6901421Z C/C++:       |                ^
build	Build APK	2026-07-28T10:42:31.6942580Z C/C++: /home/runner/work/Yasuagram/Yasuagram/TMessagesProj/jni/./tgnet/Defines.h:161:16: warning: 'HandshakeDelegate' has virtual functions but non-virtual destructor [-Wnon-virtual-dtor]
build	Build APK	2026-07-28T10:42:31.6991462Z C/C++:   161 | typedef struct HandshakeDelegate {
build	Build APK	2026-07-28T10:42:31.7021463Z C/C++:       |                ^
build	Build APK	2026-07-28T10:42:31.7042752Z C/C++: 2 warnings generated.
build	Build APK	2026-07-28T10:42:35.5752116Z C/C++: In file included from /home/runner/work/Yasuagram/Yasuagram/TMessagesProj/jni/voip/libtgvoip/Buffers.cpp:7:
build	Build APK	2026-07-28T10:42:35.5781972Z C/C++: In file included from /home/runner/work/Yasuagram/Yasuagram/TMessagesProj/jni/voip/libtgvoip/Buffers.h:19:
build	Build APK	2026-07-28T10:42:35.5828235Z C/C++: /home/runner/work/Yasuagram/Yasuagram/TMessagesProj/jni/voip/libtgvoip/threading.h:117:8: warning: private field 'maxPriority' is not used [-Wunused-private-field]
build	Build APK	2026-07-28T10:42:35.5885500Z C/C++:   117 |                 bool maxPriority=false;
build	Build APK	2026-07-28T10:42:35.5951299Z C/C++:       |                      ^
build	Build APK	2026-07-28T10:42:35.5962167Z C/C++: 1 warning generated.
build	Build APK	2026-07-28T10:42:35.7742340Z C/C++: In file included from /home/runner/work/Yasuagram/Yasuagram/TMessagesProj/jni/voip/libtgvoip/BlockingQueue.cpp:7:
build	Build APK	2026-07-28T10:42:35.7761914Z C/C++: In file included from /home/runner/work/Yasuagram/Yasuagram/TMessagesProj/jni/voip/libtgvoip/BlockingQueue.h:12:
build	Build APK	2026-07-28T10:42:35.7792079Z C/C++: /home/runner/work/Yasuagram/Yasuagram/TMessagesProj/jni/voip/libtgvoip/threading.h:117:8: warning: private field 'maxPriority' is not used [-Wunused-private-field]
build	Build APK	2026-07-28T10:42:35.7821545Z C/C++:   117 |                 bool maxPriority=false;
build	Build APK	2026-07-28T10:42:35.7831352Z C/C++:       |                      ^
build	Build APK	2026-07-28T10:42:35.7851339Z C/C++: 1 warning generated.
build	Build APK	2026-07-28T10:42:35.9734578Z C/C++: In file included from /home/runner/work/Yasuagram/Yasuagram/TMessagesProj/jni/voip/libtgvoip/logging.cpp:12:
build	Build APK	2026-07-28T10:42:35.9761929Z C/C++: In file included from /home/runner/work/Yasuagram/Yasuagram/TMessagesProj/jni/voip/libtgvoip/VoIPController.h:24:
build	Build APK	2026-07-28T10:42:35.9811834Z C/C++: In file included from /home/runner/work/Yasuagram/Yasuagram/TMessagesProj/jni/voip/libtgvoip/video/VideoSource.h:12:
build	Build APK	2026-07-28T10:42:35.9861801Z C/C++: In file included from /home/runner/work/Yasuagram/Yasuagram/TMessagesProj/jni/voip/libtgvoip/video/../Buffers.h:19:
build	Build APK	2026-07-28T10:42:35.9911806Z C/C++: /home/runner/work/Yasuagram/Yasuagram/TMessagesProj/jni/voip/libtgvoip/video/../threading.h:117:8: warning: private field 'maxPriority' is not used [-Wunused-private-field]
build	Build APK	2026-07-28T10:42:35.9997421Z C/C++:   117 |                 bool maxPriority=false;
build	Build APK	2026-07-28T10:42:36.0041292Z C/C++:       |                      ^
build	Build APK	2026-07-28T10:42:36.0101277Z C/C++: 1 warning generated.
build	Build APK	2026-07-28T10:42:36.7742633Z C/C++: In file included from /home/runner/work/Yasuagram/Yasuagram/TMessagesProj/jni/voip/libtgvoip/audio/AudioInput.cpp:7:
build	Build APK	2026-07-28T10:42:36.7782263Z C/C++: In file included from /home/runner/work/Yasuagram/Yasuagram/TMessagesProj/jni/voip/libtgvoip/audio/AudioInput.h:13:
build	Build APK	2026-07-28T10:42:36.7831910Z C/C++: In file included from /home/runner/work/Yasuagram/Yasuagram/TMessagesProj/jni/voip/libtgvoip/audio/../MediaStreamItf.h:14:
build	Build APK	2026-07-28T10:42:36.7881984Z C/C++: /home/runner/work/Yasuagram/Yasuagram/TMessagesProj/jni/voip/libtgvoip/audio/../threading.h:117:8: warning: private field 'maxPriority' is not used [-Wunused-private-field]
build	Build APK	2026-07-28T10:42:36.7945698Z C/C++:   117 |                 bool maxPriority=false;
build	Build APK	2026-07-28T10:42:36.7981347Z C/C++:       |                      ^
build	Build APK	2026-07-28T10:42:36.8022903Z C/C++: 1 warning generated.
build	Build APK	2026-07-28T10:42:36.8736000Z C/C++: In file included from /home/runner/work/Yasuagram/Yasuagram/TMessagesProj/jni/voip/libtgvoip/os/android/AudioInputOpenSLES.cpp:11:
build	Build APK	2026-07-28T10:42:36.8802043Z C/C++: In file included from /home/runner/work/Yasuagram/Yasuagram/TMessagesProj/jni/voip/libtgvoip/os/android/AudioInputOpenSLES.h:13:
build	Build APK	2026-07-28T10:42:36.8871870Z C/C++: In file included from /home/runner/work/Yasuagram/Yasuagram/TMessagesProj/jni/voip/libtgvoip/os/android/../../audio/AudioInput.h:13:
build	Build APK	2026-07-28T10:42:36.8911944Z C/C++: In file included from /home/runner/work/Yasuagram/Yasuagram/TMessagesProj/jni/voip/libtgvoip/os/android/../../audio/../MediaStreamItf.h:14:
build	Build APK	2026-07-28T10:42:36.8981934Z C/C++: /home/runner/work/Yasuagram/Yasuagram/TMessagesProj/jni/voip/libtgvoip/os/android/../../audio/../threading.h:117:8: warning: private field 'maxPriority' is not used [-Wunused-private-field]
build	Build APK	2026-07-28T10:42:36.8991618Z C/C++:   117 |                 bool maxPriority=false;
build	Build APK	2026-07-28T10:42:36.9011532Z C/C++:       |                      ^
build	Build APK	2026-07-28T10:42:36.9041327Z C/C++: 1 warning generated.
build	Build APK	2026-07-28T10:42:37.2792280Z C/C++: In file included from /home/runner/work/Yasuagram/Yasuagram/TMessagesProj/jni/voip/libtgvoip/MediaStreamItf.cpp:8:
build	Build APK	2026-07-28T10:42:37.2881788Z C/C++: In file included from /home/runner/work/Yasuagram/Yasuagram/TMessagesProj/jni/voip/libtgvoip/MediaStreamItf.h:14:
build	Build APK	2026-07-28T10:42:37.2902001Z C/C++: /home/runner/work/Yasuagram/Yasuagram/TMessagesProj/jni/voip/libtgvoip/threading.h:117:8: warning: private field 'maxPriority' is not used [-Wunused-private-field]
build	Build APK	2026-07-28T10:42:37.2936387Z C/C++:   117 |                 bool maxPriority=false;
build	Build APK	2026-07-28T10:42:37.2961319Z C/C++:       |                      ^
build	Build APK	2026-07-28T10:42:37.2971460Z C/C++: 1 warning generated.
build	Build APK	2026-07-28T10:42:37.2992006Z C/C++: /home/runner/work/Yasuagram/Yasuagram/TMessagesProj/jni/voip/libtgvoip/VoIPGroupController.cpp:628:24: warning: variable length arrays in C++ are a Clang extension [-Wvla-cxx-extension]
build	Build APK	2026-07-28T10:42:37.3021503Z C/C++:   628 |                 unsigned char aesOut[MSC_STACK_FALLBACK(inner.GetLength(), 1500)];
build	Build APK	2026-07-28T10:42:37.3044500Z C/C++:       |                                      ^~~~~~~~~~~~~~~~~~~~~~~~~~~~~~~~~~~~~~~~~~~
build	Build APK	2026-07-28T10:42:37.3071778Z C/C++: /home/runner/work/Yasuagram/Yasuagram/TMessagesProj/jni/voip/libtgvoip/PrivateDefines.h:119:34: note: expanded from macro 'MSC_STACK_FALLBACK'
build	Build APK	2026-07-28T10:42:37.3072757Z C/C++:   119 | #define MSC_STACK_FALLBACK(a, b) (a)
build	Build APK	2026-07-28T10:42:37.3101409Z C/C++:       |                                  ^~~
build	Build APK	2026-07-28T10:42:37.3131987Z C/C++: /home/runner/work/Yasuagram/Yasuagram/TMessagesProj/jni/voip/libtgvoip/VoIPGroupController.cpp:628:49: note: non-constexpr function 'GetLength' cannot be used in a constant expression
build	Build APK	2026-07-28T10:42:37.3151485Z C/C++:   628 |                 unsigned char aesOut[MSC_STACK_FALLBACK(inner.GetLength(), 1500)];
build	Build APK	2026-07-28T10:42:37.3171409Z C/C++:       |                                                               ^
build	Build APK	2026-07-28T10:42:37.3191833Z C/C++: /home/runner/work/Yasuagram/Yasuagram/TMessagesProj/jni/voip/libtgvoip/video/../Buffers.h:66:10: note: declared here
build	Build APK	2026-07-28T10:42:37.3221429Z C/C++:    66 |                 size_t GetLength();
build	Build APK	2026-07-28T10:42:37.3245926Z C/C++:       |                        ^
build	Build APK	2026-07-28T10:42:37.3271714Z C/C++: In file included from /home/runner/work/Yasuagram/Yasuagram/TMessagesProj/jni/voip/libtgvoip/VoIPGroupController.cpp:7:
build	Build APK	2026-07-28T10:42:37.3281677Z C/C++: In file included from /home/runner/work/Yasuagram/Yasuagram/TMessagesProj/jni/voip/libtgvoip/VoIPController.h:24:
build	Build APK	2026-07-28T10:42:37.3301856Z C/C++: In file included from /home/runner/work/Yasuagram/Yasuagram/TMessagesProj/jni/voip/libtgvoip/video/VideoSource.h:12:
build	Build APK	2026-07-28T10:42:37.3331610Z C/C++: In file included from /home/runner/work/Yasuagram/Yasuagram/TMessagesProj/jni/voip/libtgvoip/video/../Buffers.h:19:
build	Build APK	2026-07-28T10:42:37.3352044Z C/C++: /home/runner/work/Yasuagram/Yasuagram/TMessagesProj/jni/voip/libtgvoip/video/../threading.h:117:8: warning: private field 'maxPriority' is not used [-Wunused-private-field]
build	Build APK	2026-07-28T10:42:37.3361493Z C/C++:   117 |                 bool maxPriority=false;
build	Build APK	2026-07-28T10:42:37.3391467Z C/C++:       |                      ^
build	Build APK	2026-07-28T10:42:37.3421386Z C/C++: 2 warnings generated.
build	Build APK	2026-07-28T10:42:37.5752377Z C/C++: In file included from /home/runner/work/Yasuagram/Yasuagram/TMessagesProj/jni/voip/libtgvoip/audio/AudioOutput.cpp:19:
build	Build APK	2026-07-28T10:42:37.5802092Z C/C++: /home/runner/work/Yasuagram/Yasuagram/TMessagesProj/jni/voip/libtgvoip/audio/../os/android/AudioOutputAndroid.h:20:15: warning: 'Start' overrides a member function but is not marked 'override' [-Winconsistent-missing-override]
build	Build APK	2026-07-28T10:42:37.5861468Z C/C++:    20 |         virtual void Start();
build	Build APK	2026-07-28T10:42:37.5891551Z C/C++:       |                      ^
build	Build APK	2026-07-28T10:42:37.5915045Z C/C++: /home/runner/work/Yasuagram/Yasuagram/TMessagesProj/jni/voip/libtgvoip/audio/../MediaStreamItf.h:24:15: note: overridden virtual function is here
build	Build APK	2026-07-28T10:42:37.5941493Z C/C++:    24 |         virtual void Start()=0;
build	Build APK	2026-07-28T10:42:37.5951286Z C/C++:       |                      ^
build	Build APK	2026-07-28T10:42:37.5971753Z C/C++: In file included from /home/runner/work/Yasuagram/Yasuagram/TMessagesProj/jni/voip/libtgvoip/audio/AudioOutput.cpp:19:
build	Build APK	2026-07-28T10:42:37.6002057Z C/C++: /home/runner/work/Yasuagram/Yasuagram/TMessagesProj/jni/voip/libtgvoip/audio/../os/android/AudioOutputAndroid.h:21:15: warning: 'Stop' overrides a member function but is not marked 'override' [-Winconsistent-missing-override]
build	Build APK	2026-07-28T10:42:37.6031329Z C/C++:    21 |         virtual void Stop();
build	Build APK	2026-07-28T10:42:37.6041411Z C/C++:       |                      ^
build	Build APK	2026-07-28T10:42:37.6061777Z C/C++: /home/runner/work/Yasuagram/Yasuagram/TMessagesProj/jni/voip/libtgvoip/audio/../MediaStreamItf.h:25:15: note: overridden virtual function is here
build	Build APK	2026-07-28T10:42:37.6091373Z C/C++:    25 |         virtual void Stop()=0;
build	Build APK	2026-07-28T10:42:37.6116333Z C/C++:       |                      ^
build	Build APK	2026-07-28T10:42:37.6141663Z C/C++: In file included from /home/runner/work/Yasuagram/Yasuagram/TMessagesProj/jni/voip/libtgvoip/audio/AudioOutput.cpp:7:
build	Build APK	2026-07-28T10:42:37.6142857Z C/C++: In file included from /home/runner/work/Yasuagram/Yasuagram/TMessagesProj/jni/voip/libtgvoip/audio/AudioOutput.h:14:
build	Build APK	2026-07-28T10:42:37.6171701Z C/C++: In file included from /home/runner/work/Yasuagram/Yasuagram/TMessagesProj/jni/voip/libtgvoip/audio/../MediaStreamItf.h:14:
build	Build APK	2026-07-28T10:42:37.6201931Z C/C++: /home/runner/work/Yasuagram/Yasuagram/TMessagesProj/jni/voip/libtgvoip/audio/../threading.h:117:8: warning: private field 'maxPriority' is not used [-Wunused-private-field]
build	Build APK	2026-07-28T10:42:37.6221433Z C/C++:   117 |                 bool maxPriority=false;
build	Build APK	2026-07-28T10:42:37.6251400Z C/C++:       |                      ^
build	Build APK	2026-07-28T10:42:37.6251988Z C/C++: 3 warnings generated.
build	Build APK	2026-07-28T10:42:38.1802190Z C/C++: In file included from /home/runner/work/Yasuagram/Yasuagram/TMessagesProj/jni/voip/libtgvoip/OpusEncoder.cpp:7:
build	Build APK	2026-07-28T10:42:38.1882007Z C/C++: In file included from /home/runner/work/Yasuagram/Yasuagram/TMessagesProj/jni/voip/libtgvoip/OpusEncoder.h:11:
build	Build APK	2026-07-28T10:42:38.1941771Z C/C++: In file included from /home/runner/work/Yasuagram/Yasuagram/TMessagesProj/jni/voip/libtgvoip/MediaStreamItf.h:14:
build	Build APK	2026-07-28T10:42:38.1971900Z C/C++: /home/runner/work/Yasuagram/Yasuagram/TMessagesProj/jni/voip/libtgvoip/threading.h:117:8: warning: private field 'maxPriority' is not used [-Wunused-private-field]
build	Build APK	2026-07-28T10:42:38.2033167Z C/C++:   117 |                 bool maxPriority=false;
build	Build APK	2026-07-28T10:42:38.2091529Z C/C++:       |                      ^
build	Build APK	2026-07-28T10:42:38.2121435Z C/C++: 1 warning generated.
build	Build APK	2026-07-28T10:42:38.2762012Z C/C++: In file included from /home/runner/work/Yasuagram/Yasuagram/TMessagesProj/jni/voip/libtgvoip/os/android/AudioOutputOpenSLES.cpp:10:
build	Build APK	2026-07-28T10:42:38.2791779Z C/C++: In file included from /home/runner/work/Yasuagram/Yasuagram/TMessagesProj/jni/voip/libtgvoip/os/android/AudioOutputOpenSLES.h:13:
build	Build APK	2026-07-28T10:42:38.2821798Z C/C++: In file included from /home/runner/work/Yasuagram/Yasuagram/TMessagesProj/jni/voip/libtgvoip/os/android/../../audio/AudioOutput.h:14:
build	Build APK	2026-07-28T10:42:38.2851826Z C/C++: In file included from /home/runner/work/Yasuagram/Yasuagram/TMessagesProj/jni/voip/libtgvoip/os/android/../../audio/../MediaStreamItf.h:14:
build	Build APK	2026-07-28T10:42:38.2881813Z C/C++: /home/runner/work/Yasuagram/Yasuagram/TMessagesProj/jni/voip/libtgvoip/os/android/../../audio/../threading.h:117:8: warning: private field 'maxPriority' is not used [-Wunused-private-field]
build	Build APK	2026-07-28T10:42:38.2882797Z C/C++:   117 |                 bool maxPriority=false;
build	Build APK	2026-07-28T10:42:38.2911370Z C/C++:       |                      ^
build	Build APK	2026-07-28T10:42:38.2941313Z C/C++: 1 warning generated.
build	Build APK	2026-07-28T10:42:38.4734148Z C/C++: /home/runner/work/Yasuagram/Yasuagram/TMessagesProj/jni/voip/libtgvoip/JitterBuffer.cpp:82:9: error: unknown type name 'LatencyReport'
build	Build APK	2026-07-28T10:42:38.4741790Z C/C++:    82 |         LatencyReport report;
build	Build APK	2026-07-28T10:42:38.4761540Z C/C++:       |         ^
build	Build APK	2026-07-28T10:42:38.4791842Z C/C++: In file included from /home/runner/work/Yasuagram/Yasuagram/TMessagesProj/jni/voip/libtgvoip/JitterBuffer.cpp:7:
build	Build APK	2026-07-28T10:42:38.4815755Z C/C++: In file included from /home/runner/work/Yasuagram/Yasuagram/TMessagesProj/jni/voip/libtgvoip/VoIPController.h:24:
build	Build APK	2026-07-28T10:42:38.4841899Z C/C++: In file included from /home/runner/work/Yasuagram/Yasuagram/TMessagesProj/jni/voip/libtgvoip/video/VideoSource.h:12:
build	Build APK	2026-07-28T10:42:38.4851819Z C/C++: In file included from /home/runner/work/Yasuagram/Yasuagram/TMessagesProj/jni/voip/libtgvoip/video/../Buffers.h:19:
build	Build APK	2026-07-28T10:42:38.4872034Z C/C++: /home/runner/work/Yasuagram/Yasuagram/TMessagesProj/jni/voip/libtgvoip/video/../threading.h:117:8: warning: private field 'maxPriority' is not used [-Wunused-private-field]
build	Build APK	2026-07-28T10:42:38.4899213Z C/C++:   117 |                 bool maxPriority=false;
build	Build APK	2026-07-28T10:42:38.4921233Z C/C++:       |                      ^
build	Build APK	2026-07-28T10:42:38.4941459Z C/C++: 1 warning and 1 error generated.
build	Build APK	2026-07-28T10:42:38.7742631Z C/C++: In file included from /home/runner/work/Yasuagram/Yasuagram/TMessagesProj/jni/voip/libtgvoip/EchoCanceller.cpp:12:
build	Build APK	2026-07-28T10:42:38.7743955Z C/C++: In file included from /home/runner/work/Yasuagram/Yasuagram/TMessagesProj/jni/voip/libtgvoip/EchoCanceller.h:10:
build	Build APK	2026-07-28T10:42:38.7745382Z C/C++: /home/runner/work/Yasuagram/Yasuagram/TMessagesProj/jni/voip/libtgvoip/threading.h:117:8: warning: private field 'maxPriority' is not used [-Wunused-private-field]
build	Build APK	2026-07-28T10:42:38.7746370Z C/C++:   117 |                 bool maxPriority=false;
build	Build APK	2026-07-28T10:42:38.7746925Z C/C++:       |                      ^
build	Build APK	2026-07-28T10:42:38.7747665Z C/C++: 1 warning generated.
build	Build APK	2026-07-28T10:42:38.7748562Z C/C++: /home/runner/work/Yasuagram/Yasuagram/TMessagesProj/jni/voip/libtgvoip/OpusDecoder.cpp:226:1: error: unknown type name 'LatencyReport'
build	Build APK	2026-07-28T10:42:38.7749404Z C/C++:   226 | LatencyReport latencyReport;
build	Build APK	2026-07-28T10:42:38.7749860Z C/C++:       | ^
build	Build APK	2026-07-28T10:42:38.7750602Z C/C++: In file included from /home/runner/work/Yasuagram/Yasuagram/TMessagesProj/jni/voip/libtgvoip/OpusDecoder.cpp:7:
build	Build APK	2026-07-28T10:42:38.7751791Z C/C++: In file included from /home/runner/work/Yasuagram/Yasuagram/TMessagesProj/jni/voip/libtgvoip/OpusDecoder.h:11:
build	Build APK	2026-07-28T10:42:38.7752851Z C/C++: In file included from /home/runner/work/Yasuagram/Yasuagram/TMessagesProj/jni/voip/libtgvoip/MediaStreamItf.h:14:
build	Build APK	2026-07-28T10:42:38.7754023Z C/C++: /home/runner/work/Yasuagram/Yasuagram/TMessagesProj/jni/voip/libtgvoip/threading.h:117:8: warning: private field 'maxPriority' is not used [-Wunused-private-field]
build	Build APK	2026-07-28T10:42:38.7755023Z C/C++:   117 |                 bool maxPriority=false;
build	Build APK	2026-07-28T10:42:38.7755605Z C/C++:       |                      ^
build	Build APK	2026-07-28T10:42:38.7756070Z C/C++: 1 warning and 1 error generated.
build	Build APK	2026-07-28T10:42:39.1735281Z C/C++: In file included from /home/runner/work/Yasuagram/Yasuagram/TMessagesProj/jni/voip/libtgvoip/os/android/AudioInputAndroid.cpp:7:
build	Build APK	2026-07-28T10:42:39.1737212Z C/C++: In file included from /home/runner/work/Yasuagram/Yasuagram/TMessagesProj/jni/voip/libtgvoip/os/android/AudioInputAndroid.h:11:
build	Build APK	2026-07-28T10:42:39.1738699Z C/C++: In file included from /home/runner/work/Yasuagram/Yasuagram/TMessagesProj/jni/voip/libtgvoip/os/android/../../audio/AudioInput.h:13:
build	Build APK	2026-07-28T10:42:39.1740139Z C/C++: In file included from /home/runner/work/Yasuagram/Yasuagram/TMessagesProj/jni/voip/libtgvoip/os/android/../../audio/../MediaStreamItf.h:14:
build	Build APK	2026-07-28T10:42:39.1742140Z C/C++: /home/runner/work/Yasuagram/Yasuagram/TMessagesProj/jni/voip/libtgvoip/os/android/../../audio/../threading.h:117:8: warning: private field 'maxPriority' is not used [-Wunused-private-field]
build	Build APK	2026-07-28T10:42:39.1743843Z C/C++:   117 |                 bool maxPriority=false;
build	Build APK	2026-07-28T10:42:39.1744500Z C/C++:       |                      ^
build	Build APK	2026-07-28T10:42:39.1745039Z C/C++: 1 warning generated.
build	Build APK	2026-07-28T10:42:40.8752769Z C/C++: /home/runner/work/Yasuagram/Yasuagram/TMessagesProj/jni/voip/libtgvoip/VoIPController.cpp:422:15: warning: unqualified call to 'std::move' [-Wunqualified-std-cast-call]
build	Build APK	2026-07-28T10:42:40.8775394Z C/C++:   422 |                         Buffer buf(move(s));
build	Build APK	2026-07-28T10:42:40.8777709Z C/C++:       |                                    ^
build	Build APK	2026-07-28T10:42:40.8798386Z 
build	Build APK	2026-07-28T10:42:40.8801540Z C/C++:       |                                    std::
build	Build APK	2026-07-28T10:42:40.8814971Z FAILURE: Build failed with an exception.
build	Build APK	2026-07-28T10:42:40.8832286Z C/C++: /home/runner/work/Yasuagram/Yasuagram/TMessagesProj/jni/voip/libtgvoip/VoIPController.cpp:974:13: warning: unqualified call to 'std::move' [-Wunqualified-std-cast-call]
build	Build APK	2026-07-28T10:42:40.8851024Z 
build	Build APK	2026-07-28T10:42:40.8855681Z * What went wrong:
build	Build APK	2026-07-28T10:42:40.8856147Z C/C++:   974 |         Buffer buf(move(s));
build	Build APK	2026-07-28T10:42:40.8856918Z Execution failed for task ':TMessagesProj:buildCMakeDebug[arm64-v8a]'.
build	Build APK	2026-07-28T10:42:40.8857348Z C/C++:       |                    ^
build	Build APK	2026-07-28T10:42:40.8858102Z > com.android.ide.common.process.ProcessException: ninja: Entering directory `/home/runner/work/Yasuagram/Yasuagram/TMessagesProj/.cxx/Debug/59344w51/arm64-v8a'
build	Build APK	2026-07-28T10:42:40.8858913Z   [1/2054] Building C object CMakeFiles/breakpad.dir/third_party/breakpad/src/common/android/breakpad_getcontext.S.o
build	Build APK	2026-07-28T10:42:40.8859652Z   [2/2054] Building CXX object CMakeFiles/tgnet.dir/tgnet/ByteStream.cpp.o
build	Build APK	2026-07-28T10:42:40.8860184Z   [3/2054] Building CXX object CMakeFiles/tgnet.dir/tgnet/ByteArray.cpp.o
build	Build APK	2026-07-28T10:42:40.8860887Z   [4/2054] Building CXX object CMakeFiles/tgnet.dir/tgnet/BuffersStorage.cpp.o
build	Build APK	2026-07-28T10:42:40.8861512Z   [5/2054] Building CXX object CMakeFiles/tgnet.dir/tgnet/ConnectionSession.cpp.o
build	Build APK	2026-07-28T10:42:40.8862380Z   [6/2054] Building CXX object CMakeFiles/tgnet.dir/tgnet/Connection.cpp.o
build	Build APK	2026-07-28T10:42:40.8863124Z   /home/runner/work/Yasuagram/Yasuagram/TMessagesProj/jni/tgnet/Connection.cpp:216:93: warning: '&&' within '||' [-Wlogical-op-parentheses]
build	Build APK	2026-07-28T10:42:40.8864255Z     216 |         if (currentProtocolType != ProtocolTypeDD && currentProtocolType != ProtocolTypeTLS && currentPacketLength % 4 != 0 || currentPacketLength > 2 * 1024 * 1024) {
build	Build APK	2026-07-28T10:42:40.8865085Z         |             ~~~~~~~~~~~~~~~~~~~~~~~~~~~~~~~~~~~~~~~~~~~~~~~~~~~~~~~~~~~~~~~~~~~~~~~~~~~~~~~~^~~~~~~~~~~~~~~~~~~~~~~~~~~~~~~ ~~
build	Build APK	2026-07-28T10:42:40.8865813Z   /home/runner/work/Yasuagram/Yasuagram/TMessagesProj/jni/tgnet/Connection.cpp:216:93: note: place parentheses around the '&&' expression to silence this warning
build	Build APK	2026-07-28T10:42:40.8866741Z     216 |         if (currentProtocolType != ProtocolTypeDD && currentProtocolType != ProtocolTypeTLS && currentPacketLength % 4 != 0 || currentPacketLength > 2 * 1024 * 1024) {
build	Build APK	2026-07-28T10:42:40.8867493Z         |                                                                                             ^
build	Build APK	2026-07-28T10:42:40.8867910Z         |             (                                                                                                              )
build	Build APK	2026-07-28T10:42:40.8868556Z   /home/runner/work/Yasuagram/Yasuagram/TMessagesProj/jni/tgnet/Connection.cpp:529:223: warning: '&&' within '||' [-Wlogical-op-parentheses]
build	Build APK	2026-07-28T10:42:40.8869624Z     529 |             if (currentProtocolType == ProtocolTypeTLS || bytes[0] != 0xef && val != 0x44414548 && val != 0x54534f50 && val != 0x20544547 && val != 0x4954504f && val != 0xeeeeeeee && val != 0xdddddddd && val != 0x02010316 && val2 != 0x00000000) {
build	Build APK	2026-07-28T10:42:40.8870953Z         |                                                        ~~ ~~~~~~~~~~~~~~~~~~~~~~~~~~~~~~~~~~~~~~~~~~~~~~~~~~~~~~~~~~~~~~~~~~~~~~~~~~~~~~~~~~~~~~~~~~~~~~~~~~~~~~~~~~~~~~~~~~~~~~~~~~~~~~~~~~~~~~~~~~~~~~~~~~~~~~~~~~~~~~~~~~~~^~~~~~~~~~~~~~~~~~~~~
build	Build APK	2026-07-28T10:42:40.8872039Z   /home/runner/work/Yasuagram/Yasuagram/TMessagesProj/jni/tgnet/Connection.cpp:529:223: note: place parentheses around the '&&' expression to silence this warning
build	Build APK	2026-07-28T10:42:40.8873194Z     529 |             if (currentProtocolType == ProtocolTypeTLS || bytes[0] != 0xef && val != 0x44414548 && val != 0x54534f50 && val != 0x20544547 && val != 0x4954504f && val != 0xeeeeeeee && val != 0xdddddddd && val != 0x02010316 && val2 != 0x00000000) {
build	Build APK	2026-07-28T10:42:40.8874418Z         |                                                                                                                                                                                                                               ^                    
build	Build APK	2026-07-28T10:42:40.8875173Z         |                                                           (                                                                                                                                                                                        )
build	Build APK	2026-07-28T10:42:40.8875928Z   /home/runner/work/Yasuagram/Yasuagram/TMessagesProj/jni/tgnet/Connection.cpp:662:57: warning: '&&' within '||' [-Wlogical-op-parentheses]
build	Build APK	2026-07-28T10:42:40.8876692Z     662 |     bool switchToNextPort = reason == 2 && wasConnected && (!hasSomeDataSinceLastConnect || currentDatacenter->isCustomPort(currentAddressFlags)) || forceNextPort;
build	Build APK	2026-07-28T10:42:40.8877324Z         |                             ~~~~~~~~~~~~~~~~~~~~~~~~~~~~^~~~~~~~~~~~~~~~~~~~~~~~~~~~~~~~~~~~~~~~~~~~~~~~~~~~~~~~~~~~~~~~~~~~~~~~~~~~~~~~~~~~~~~~~ ~~
build	Build APK	2026-07-28T10:42:40.8878008Z   /home/runner/work/Yasuagram/Yasuagram/TMessagesProj/jni/tgnet/Connection.cpp:662:57: note: place parentheses around the '&&' expression to silence this warning
build	Build APK	2026-07-28T10:42:40.8878826Z     662 |     bool switchToNextPort = reason == 2 && wasConnected && (!hasSomeDataSinceLastConnect || currentDatacenter->isCustomPort(currentAddressFlags)) || forceNextPort;
build	Build APK	2026-07-28T10:42:40.8879548Z         |                                                         ^
build	Build APK	2026-07-28T10:42:40.8879908Z         |                             (                                                                                                                    )
build	Build APK	2026-07-28T10:42:40.8880471Z   /home/runner/work/Yasuagram/Yasuagram/TMessagesProj/jni/tgnet/Connection.cpp:717:62: warning: '&&' within '||' [-Wlogical-op-parentheses]
build	Build APK	2026-07-28T10:42:40.8882395Z     717 |             if (connectionType == ConnectionTypeGenericMedia && currentDatacenter->isHandshaking(true) || connectionType == ConnectionTypeGeneric && (currentDatacenter->isHandshaking(false) || datacenterId == ConnectionsManager::getInstance(currentDatacenter->instanceNum).currentDatacenterId || datacenterId == ConnectionsManager::getInstance(currentDatacenter->instanceNum).movingToDatacenterId)) {
build	Build APK	2026-07-28T10:42:40.8883598Z         |                 ~~~~~~~~~~~~~~~~~~~~~~~~~~~~~~~~~~~~~~~~~~~~~^~~~~~~~~~~~~~~~~~~~~~~~~~~~~~~~~~~~~~~~~ ~~
build	Build APK	2026-07-28T10:42:40.8884255Z   /home/runner/work/Yasuagram/Yasuagram/TMessagesProj/jni/tgnet/Connection.cpp:717:62: note: place parentheses around the '&&' expression to silence this warning
build	Build APK	2026-07-28T10:42:40.8885623Z     717 |             if (connectionType == ConnectionTypeGenericMedia && currentDatacenter->isHandshaking(true) || connectionType == ConnectionTypeGeneric && (currentDatacenter->isHandshaking(false) || datacenterId == ConnectionsManager::getInstance(currentDatacenter->instanceNum).currentDatacenterId || datacenterId == ConnectionsManager::getInstance(currentDatacenter->instanceNum).movingToDatacenterId)) {
build	Build APK	2026-07-28T10:42:40.8886924Z         |                                                              ^
build	Build APK	2026-07-28T10:42:40.8887366Z         |                 (                                                                                     )
build	Build APK	2026-07-28T10:42:40.8888114Z   /home/runner/work/Yasuagram/Yasuagram/TMessagesProj/jni/tgnet/Connection.cpp:717:147: warning: '&&' within '||' [-Wlogical-op-parentheses]
build	Build APK	2026-07-28T10:42:40.8890137Z     717 |             if (connectionType == ConnectionTypeGenericMedia && currentDatacenter->isHandshaking(true) || connectionType == ConnectionTypeGeneric && (currentDatacenter->isHandshaking(false) || datacenterId == ConnectionsManager::getInstance(currentDatacenter->instanceNum).currentDatacenterId || datacenterId == ConnectionsManager::getInstance(currentDatacenter->instanceNum).movingToDatacenterId)) {
build	Build APK	2026-07-28T10:42:40.8893104Z         |                                                                                                        ~~ ~~~~~~~~~~~~~~~~~~~~~~~~~~~~~~~~~~~~~~~~^~~~~~~~~~~~~~~~~~~~~~~~~~~~~~~~~~~~~~~~~~~~~~~~~~~~~~~~~~~~~~~~~~~~~~~~~~~~~~~~~~~~~~~~~~~~~~~~~~~~~~~~~~~~~~~~~~~~~~~~~~~~~~~~~~~~~~~~~~~~~~~~~~~~~~~~~~~~~~~~~~~~~~~~~~~~~~~~~~~~~~~~~~~~~~~~~~~~~~~~~~~~~~~~~~~~~~~~~~~~~~~~~~~~~~~~~~~~~~~~~~~~~~~~~~~
build	Build APK	2026-07-28T10:42:40.8894482Z   /home/runner/work/Yasuagram/Yasuagram/TMessagesProj/jni/tgnet/Connection.cpp:717:147: note: place parentheses around the '&&' expression to silence this warning
build	Build APK	2026-07-28T10:42:40.8896609Z     717 |             if (connectionType == ConnectionTypeGenericMedia && currentDatacenter->isHandshaking(true) || connectionType == ConnectionTypeGeneric && (currentDatacenter->isHandshaking(false) || datacenterId == ConnectionsManager::getInstance(currentDatacenter->instanceNum).currentDatacenterId || datacenterId == ConnectionsManager::getInstance(currentDatacenter->instanceNum).movingToDatacenterId)) {
build	Build APK	2026-07-28T10:42:40.8898273Z         |                                                                                                                                                   ^                                                                                                                                                                                                                                                          
build	Build APK	2026-07-28T10:42:40.8899257Z         |                                                                                                           (                                                                                                                                                                                                                                                                                                  )
build	Build APK	2026-07-28T10:42:40.8899844Z   5 warnings generated.
build	Build APK	2026-07-28T10:42:40.8900178Z   [7/2054] Building CXX object CMakeFiles/tgnet.dir/tgnet/NativeByteBuffer.cpp.o
build	Build APK	2026-07-28T10:42:40.8901007Z   /home/runner/work/Yasuagram/Yasuagram/TMessagesProj/jni/tgnet/NativeByteBuffer.cpp:17:12: warning: unused variable 'buffersCount' [-Wunused-variable]
build	Build APK	2026-07-28T10:42:40.8901584Z      17 | static int buffersCount = 0;
build	Build APK	2026-07-28T10:42:40.8901835Z         |            ^~~~~~~~~~~~
build	Build APK	2026-07-28T10:42:40.8902132Z   1 warning generated.
build	Build APK	2026-07-28T10:42:40.8902435Z   [8/2054] Building CXX object CMakeFiles/tgnet.dir/tgnet/ApiScheme.cpp.o
build	Build APK	2026-07-28T10:42:40.8902842Z   [9/2054] Building CXX object CMakeFiles/tgnet.dir/tgnet/EventObject.cpp.o
build	Build APK	2026-07-28T10:42:40.8903342Z   [10/2054] Building CXX object CMakeFiles/tgnet.dir/tgnet/ConnectionSocket.cpp.o
build	Build APK	2026-07-28T10:42:40.8904087Z   /home/runner/work/Yasuagram/Yasuagram/TMessagesProj/jni/tgnet/ConnectionSocket.cpp:1111:29: warning: '&&' within '||' [-Wlogical-op-parentheses]
build	Build APK	2026-07-28T10:42:40.8905072Z    1111 |     if (proxyAuthState == 0 && (outgoingByteStream->hasData() || !onConnectedSent) || proxyAuthState == 1 || proxyAuthState == 3 || proxyAuthState == 5 || proxyAuthState == 10) {
build	Build APK	2026-07-28T10:42:40.8905707Z         |         ~~~~~~~~~~~~~~~~~~~~^~~~~~~~~~~~~~~~~~~~~~~~~~~~~~~~~~~~~~~~~~~~~~~~~~~~~~ ~~
build	Build APK	2026-07-28T10:42:40.8906371Z   /home/runner/work/Yasuagram/Yasuagram/TMessagesProj/jni/tgnet/ConnectionSocket.cpp:1111:29: note: place parentheses around the '&&' expression to silence this warning
build	Build APK	2026-07-28T10:42:40.8907549Z    1111 |     if (proxyAuthState == 0 && (outgoingByteStream->hasData() || !onConnectedSent) || proxyAuthState == 1 || proxyAuthState == 3 || proxyAuthState == 5 || proxyAuthState == 10) {
build	Build APK	2026-07-28T10:42:40.8908286Z         |                             ^
build	Build APK	2026-07-28T10:42:40.8908647Z         |         (                                                                         )
build	Build APK	2026-07-28T10:42:40.8909428Z   /home/runner/work/Yasuagram/Yasuagram/TMessagesProj/jni/tgnet/ConnectionSocket.cpp:477:13: warning: unused function 'applyFastTcpOptions' [-Wunused-function]
build	Build APK	2026-07-28T10:42:40.8910321Z     477 | static void applyFastTcpOptions(int fd) {
build	Build APK	2026-07-28T10:42:40.8910841Z         |             ^~~~~~~~~~~~~~~~~~~
build	Build APK	2026-07-28T10:42:40.8911229Z   2 warnings generated.
build	Build APK	2026-07-28T10:42:40.8911605Z   [11/2054] Building CXX object CMakeFiles/tgnet.dir/tgnet/FileLog.cpp.o
build	Build APK	2026-07-28T10:42:40.8912165Z   [12/2054] Building CXX object CMakeFiles/tgnet.dir/tgnet/ProxyCheckInfo.cpp.o
build	Build APK	2026-07-28T10:42:40.8912802Z   [13/2054] Building CXX object CMakeFiles/tgnet.dir/tgnet/Timer.cpp.o
build	Build APK	2026-07-28T10:42:40.8913331Z   [14/2054] Building CXX object CMakeFiles/tgnet.dir/tgnet/TLObject.cpp.o
build	Build APK	2026-07-28T10:42:40.8914023Z   [15/2054] Building CXX object CMakeFiles/tgnet.dir/tgnet/Request.cpp.o
build	Build APK	2026-07-28T10:42:40.8914862Z   /home/runner/work/Yasuagram/Yasuagram/TMessagesProj/jni/tgnet/Request.cpp:82:19: warning: '&&' within '||' [-Wlogical-op-parentheses]
build	Build APK	2026-07-28T10:42:40.8915939Z      82 |     return !media && datacenter->lastInitVersion != currentVersion || media && datacenter->lastInitMediaVersion != currentVersion;
build	Build APK	2026-07-28T10:42:40.8916685Z         |            ~~~~~~~^~~~~~~~~~~~~~~~~~~~~~~~~~~~~~~~~~~~~~~~~~~~~~~~ ~~
build	Build APK	2026-07-28T10:42:40.8917683Z   /home/runner/work/Yasuagram/Yasuagram/TMessagesProj/jni/tgnet/Request.cpp:82:19: note: place parentheses around the '&&' expression to silence this warning
build	Build APK	2026-07-28T10:42:40.8918770Z      82 |     return !media && datacenter->lastInitVersion != currentVersion || media && datacenter->lastInitMediaVersion != currentVersion;
build	Build APK	2026-07-28T10:42:40.8919626Z         |                   ^
build	Build APK	2026-07-28T10:42:40.8920089Z         |            (                                                      )
build	Build APK	2026-07-28T10:42:40.8921026Z   /home/runner/work/Yasuagram/Yasuagram/TMessagesProj/jni/tgnet/Request.cpp:82:77: warning: '&&' within '||' [-Wlogical-op-parentheses]
build	Build APK	2026-07-28T10:42:40.8922139Z      82 |     return !media && datacenter->lastInitVersion != currentVersion || media && datacenter->lastInitMediaVersion != currentVersion;
build	Build APK	2026-07-28T10:42:40.8922986Z         |                                                                    ~~ ~~~~~~^~~~~~~~~~~~~~~~~~~~~~~~~~~~~~~~~~~~~~~~~~~~~~~~~~~~~
build	Build APK	2026-07-28T10:42:40.8923831Z   /home/runner/work/Yasuagram/Yasuagram/TMessagesProj/jni/tgnet/Request.cpp:82:77: note: place parentheses around the '&&' expression to silence this warning
build	Build APK	2026-07-28T10:42:40.8924801Z      82 |     return !media && datacenter->lastInitVersion != currentVersion || media && datacenter->lastInitMediaVersion != currentVersion;
build	Build APK	2026-07-28T10:42:40.8925338Z         |                                                                             ^                                                    
build	Build APK	2026-07-28T10:42:40.8925857Z         |                                                                       (                                                          )
build	Build APK	2026-07-28T10:42:40.8926295Z   2 warnings generated.
build	Build APK	2026-07-28T10:42:40.8926661Z   [16/2054] Building CXX object CMakeFiles/tgnet.dir/tgnet/Datacenter.cpp.o
build	Build APK	2026-07-28T10:42:40.8927427Z   /home/runner/work/Yasuagram/Yasuagram/TMessagesProj/jni/tgnet/Datacenter.cpp:199:62: warning: '&&' within '||' [-Wlogical-op-parentheses]
build	Build APK	2026-07-28T10:42:40.8928342Z     199 |     if (flags == 0 && (authKeyPerm == nullptr || PFS_ENABLED && authKeyTemp == nullptr) && !addressesIpv4Temp.empty()) {
build	Build APK	2026-07-28T10:42:40.8929055Z         |                                               ~~ ~~~~~~~~~~~~^~~~~~~~~~~~~~~~~~~~~~~~~
build	Build APK	2026-07-28T10:42:40.8929853Z   /home/runner/work/Yasuagram/Yasuagram/TMessagesProj/jni/tgnet/Datacenter.cpp:199:62: note: place parentheses around the '&&' expression to silence this warning
build	Build APK	2026-07-28T10:42:40.8931105Z     199 |     if (flags == 0 && (authKeyPerm == nullptr || PFS_ENABLED && authKeyTemp == nullptr) && !addressesIpv4Temp.empty()) {
build	Build APK	2026-07-28T10:42:40.8931752Z         |                                                  ~~~~~~~~~~~~^~~~~~~~~~~~~~~~~~~~~~~~~
build	Build APK	2026-07-28T10:42:40.8932404Z   /home/runner/work/Yasuagram/Yasuagram/TMessagesProj/jni/tgnet/Datacenter.cpp:257:62: warning: '&&' within '||' [-Wlogical-op-parentheses]
build	Build APK	2026-07-28T10:42:40.8933314Z     257 |     if (flags == 0 && (authKeyPerm == nullptr || PFS_ENABLED && authKeyTemp == nullptr) && !addressesIpv4Temp.empty()) {
build	Build APK	2026-07-28T10:42:40.8933932Z         |                                               ~~ ~~~~~~~~~~~~^~~~~~~~~~~~~~~~~~~~~~~~~
build	Build APK	2026-07-28T10:42:40.8934699Z   /home/runner/work/Yasuagram/Yasuagram/TMessagesProj/jni/tgnet/Datacenter.cpp:257:62: note: place parentheses around the '&&' expression to silence this warning
build	Build APK	2026-07-28T10:42:40.8935552Z     257 |     if (flags == 0 && (authKeyPerm == nullptr || PFS_ENABLED && authKeyTemp == nullptr) && !addressesIpv4Temp.empty()) {
build	Build APK	2026-07-28T10:42:40.8936142Z         |                                                  ~~~~~~~~~~~~^~~~~~~~~~~~~~~~~~~~~~~~~
build	Build APK	2026-07-28T10:42:40.8936848Z   /home/runner/work/Yasuagram/Yasuagram/TMessagesProj/jni/tgnet/Datacenter.cpp:377:62: warning: '&&' within '||' [-Wlogical-op-parentheses]
build	Build APK	2026-07-28T10:42:40.8937631Z     377 |     if (flags == 0 && (authKeyPerm == nullptr || PFS_ENABLED && authKeyTemp == nullptr) && !addressesIpv4Temp.empty()) {
build	Build APK	2026-07-28T10:42:40.8938258Z         |                                               ~~ ~~~~~~~~~~~~^~~~~~~~~~~~~~~~~~~~~~~~~
build	Build APK	2026-07-28T10:42:40.8939048Z   /home/runner/work/Yasuagram/Yasuagram/TMessagesProj/jni/tgnet/Datacenter.cpp:377:62: note: place parentheses around the '&&' expression to silence this warning
build	Build APK	2026-07-28T10:42:40.8940015Z     377 |     if (flags == 0 && (authKeyPerm == nullptr || PFS_ENABLED && authKeyTemp == nullptr) && !addressesIpv4Temp.empty()) {
build	Build APK	2026-07-28T10:42:40.8941260Z         |                                                  ~~~~~~~~~~~~^~~~~~~~~~~~~~~~~~~~~~~~~
build	Build APK	2026-07-28T10:42:40.8941925Z   /home/runner/work/Yasuagram/Yasuagram/TMessagesProj/jni/tgnet/Datacenter.cpp:446:62: warning: '&&' within '||' [-Wlogical-op-parentheses]
build	Build APK	2026-07-28T10:42:40.8942830Z     446 |     if (flags == 0 && (authKeyPerm == nullptr || PFS_ENABLED && authKeyTemp == nullptr) && !addressesIpv4Temp.empty()) {
build	Build APK	2026-07-28T10:42:40.8943500Z         |                                               ~~ ~~~~~~~~~~~~^~~~~~~~~~~~~~~~~~~~~~~~~
build	Build APK	2026-07-28T10:42:40.8944323Z   /home/runner/work/Yasuagram/Yasuagram/TMessagesProj/jni/tgnet/Datacenter.cpp:446:62: note: place parentheses around the '&&' expression to silence this warning
build	Build APK	2026-07-28T10:42:40.8945285Z     446 |     if (flags == 0 && (authKeyPerm == nullptr || PFS_ENABLED && authKeyTemp == nullptr) && !addressesIpv4Temp.empty()) {
build	Build APK	2026-07-28T10:42:40.8945992Z         |                                                  ~~~~~~~~~~~~^~~~~~~~~~~~~~~~~~~~~~~~~
build	Build APK	2026-07-28T10:42:40.8946415Z   4 warnings generated.
build	Build APK	2026-07-28T10:42:40.8946826Z   [17/2054] Building CXX object CMakeFiles/tgnet.dir/tgnet/Config.cpp.o
build	Build APK	2026-07-28T10:42:40.8947494Z   [18/2054] Building CXX object CMakeFiles/tgnet.dir/tgnet/MTProtoScheme.cpp.o
build	Build APK	2026-07-28T10:42:40.8948119Z   [19/2054] Building CXX object CMakeFiles/rlottie.dir/rlottie/src/lottie/lottiekeypath.cpp.o
build	Build APK	2026-07-28T10:42:40.8948829Z   [20/2054] Building CXX object CMakeFiles/rlottie.dir/rlottie/src/lottie/lottieanimation.cpp.o
build	Build APK	2026-07-28T10:42:40.8949378Z   [21/2054] Building CXX object CMakeFiles/rlottie.dir/rlottie/src/lottie/lottieloader.cpp.o
build	Build APK	2026-07-28T10:42:40.8949969Z   [22/2054] Building CXX object CMakeFiles/tgnet.dir/tgnet/Handshake.cpp.o
build	Build APK	2026-07-28T10:42:40.8950533Z   [23/2054] Building CXX object CMakeFiles/rlottie.dir/rlottie/src/lottie/lottieproxymodel.cpp.o
build	Build APK	2026-07-28T10:42:40.8951255Z   [24/2054] Building CXX object CMakeFiles/rlottie.dir/rlottie/src/vector/freetype/v_ft_math.cpp.o
build	Build APK	2026-07-28T10:42:40.8951843Z   [25/2054] Building CXX object CMakeFiles/rlottie.dir/rlottie/src/vector/freetype/v_ft_raster.cpp.o
build	Build APK	2026-07-28T10:42:40.8952492Z   [26/2054] Building CXX object CMakeFiles/rlottie.dir/rlottie/src/lottie/lottieitem.cpp.o
build	Build APK	2026-07-28T10:42:40.8953167Z   [27/2054] Building CXX object CMakeFiles/rlottie.dir/rlottie/src/lottie/lottiemodel.cpp.o
build	Build APK	2026-07-28T10:42:40.8953988Z   /home/runner/work/Yasuagram/Yasuagram/TMessagesProj/jni/rlottie/src/lottie/lottiemodel.cpp:211:73: warning: '&&' within '||' [-Wlogical-op-parentheses]
build	Build APK	2026-07-28T10:42:40.8955079Z     211 |     if (opacityArraySize % 2 != 0 || colorPoints > opacityArraySize / 2 && opacityArraySize < 4) {
build	Build APK	2026-07-28T10:42:40.8955668Z         |                                   ~~ ~~~~~~~~~~~~~~~~~~~~~~~~~~~~~~~~~~~^~~~~~~~~~~~~~~~~~~~~~~
build	Build APK	2026-07-28T10:42:40.8956447Z   /home/runner/work/Yasuagram/Yasuagram/TMessagesProj/jni/rlottie/src/lottie/lottiemodel.cpp:211:73: note: place parentheses around the '&&' expression to silence this warning
build	Build APK	2026-07-28T10:42:40.8957400Z     211 |     if (opacityArraySize % 2 != 0 || colorPoints > opacityArraySize / 2 && opacityArraySize < 4) {
build	Build APK	2026-07-28T10:42:40.8957943Z         |                                                                         ^                      
build	Build APK	2026-07-28T10:42:40.8958394Z         |                                      (                                                         )
build	Build APK	2026-07-28T10:42:40.8958818Z   1 warning generated.
build	Build APK	2026-07-28T10:42:40.8959301Z   [28/2054] Building CXX object CMakeFiles/rlottie.dir/rlottie/src/vector/stb/stb_image.cpp.o
build	Build APK	2026-07-28T10:42:40.8960052Z   [29/2054] Building CXX object CMakeFiles/rlottie.dir/rlottie/src/vector/freetype/v_ft_stroker.cpp.o
build	Build APK	2026-07-28T10:42:40.8961046Z   [30/2054] Building CXX object CMakeFiles/rlottie.dir/rlottie/src/vector/pixman/vregion.cpp.o
build	Build APK	2026-07-28T10:42:40.8961778Z   [31/2054] Building CXX object CMakeFiles/rlottie.dir/rlottie/src/vector/vbezier.cpp.o
build	Build APK	2026-07-28T10:42:40.8962624Z   [32/2054] Building CXX object CMakeFiles/rlottie.dir/rlottie/src/vector/vbrush.cpp.o
build	Build APK	2026-07-28T10:42:40.8963323Z   [33/2054] Building CXX object CMakeFiles/rlottie.dir/rlottie/src/vector/vdebug.cpp.o
build	Build APK	2026-07-28T10:42:40.8963994Z   [34/2054] Building CXX object CMakeFiles/rlottie.dir/rlottie/src/vector/vbitmap.cpp.o
build	Build APK	2026-07-28T10:42:40.8964719Z   [35/2054] Building CXX object CMakeFiles/rlottie.dir/rlottie/src/vector/vcompositionfunctions.cpp.o
build	Build APK	2026-07-28T10:42:40.8965498Z   [36/2054] Building CXX object CMakeFiles/rlottie.dir/rlottie/src/vector/vdasher.cpp.o
build	Build APK	2026-07-28T10:42:40.8966192Z   [37/2054] Building CXX object CMakeFiles/rlottie.dir/rlottie/src/vector/vdrawable.cpp.o
build	Build APK	2026-07-28T10:42:40.8966863Z   [38/2054] Building CXX object CMakeFiles/rlottie.dir/rlottie/src/vector/velapsedtimer.cpp.o
build	Build APK	2026-07-28T10:42:40.8967604Z   [39/2054] Building CXX object CMakeFiles/rlottie.dir/rlottie/src/vector/vdrawhelper_neon.cpp.o
build	Build APK	2026-07-28T10:42:40.8968312Z   [40/2054] Building CXX object CMakeFiles/rlottie.dir/rlottie/src/vector/vdrawhelper.cpp.o
build	Build APK	2026-07-28T10:42:40.8968917Z   [41/2054] Building CXX object CMakeFiles/rlottie.dir/rlottie/src/vector/vinterpolator.cpp.o
build	Build APK	2026-07-28T10:42:40.8969471Z   [42/2054] Building CXX object CMakeFiles/tgnet.dir/tgnet/ConnectionsManager.cpp.o
build	Build APK	2026-07-28T10:42:40.8970332Z   /home/runner/work/Yasuagram/Yasuagram/TMessagesProj/jni/tgnet/ConnectionsManager.cpp:1243:127: warning: format specifies type 'long long' but the argument has type 'int64_t' (aka 'long') [-Wformat]
build	Build APK	2026-07-28T10:42:40.8971805Z    1243 |             if (LOGS_ENABLED) DEBUG_D("message_id %lld connection(%p, account%u, dc%u, type %d) received rpc_result with %s", messageId, connection, instanceNum, datacenter->getDatacenterId(), connection->getConnectionType(), typeid(*object).name());
build	Build APK	2026-07-28T10:42:40.8972877Z         |                                                   ~~~~                                                                        ^~~~~~~~~
build	Build APK	2026-07-28T10:42:40.8973394Z         |                                                   %ld
build	Build APK	2026-07-28T10:42:40.8974208Z   /home/runner/work/Yasuagram/Yasuagram/TMessagesProj/jni/tgnet/ConnectionsManager.cpp:1247:132: warning: format specifies type 'long long' but the argument has type 'int64_t' (aka 'long') [-Wformat]
build	Build APK	2026-07-28T10:42:40.8975654Z    1247 |             if (LOGS_ENABLED) DEBUG_E("message_id %lld req_msg_id %lld connection(%p, account%u, dc%u, type %d) rpc error %d: %s", messageId, resultMid, connection, instanceNum, datacenter->getDatacenterId(), connection->getConnectionType(), error->error_code, error->error_message.c_str());
build	Build APK	2026-07-28T10:42:40.8976897Z         |                                                   ~~~~                                                                             ^~~~~~~~~
build	Build APK	2026-07-28T10:42:40.8977353Z         |                                                   %ld
build	Build APK	2026-07-28T10:42:40.8978189Z   /home/runner/work/Yasuagram/Yasuagram/TMessagesProj/jni/tgnet/ConnectionsManager.cpp:1247:143: warning: format specifies type 'long long' but the argument has type 'int64_t' (aka 'long') [-Wformat]
build	Build APK	2026-07-28T10:42:40.8979620Z    1247 |             if (LOGS_ENABLED) DEBUG_E("message_id %lld req_msg_id %lld connection(%p, account%u, dc%u, type %d) rpc error %d: %s", messageId, resultMid, connection, instanceNum, datacenter->getDatacenterId(), connection->getConnectionType(), error->error_code, error->error_message.c_str());
build	Build APK	2026-07-28T10:42:40.8980806Z         |                                                                   ~~~~                                                                        ^~~~~~~~~
build	Build APK	2026-07-28T10:42:40.8981338Z         |                                                                   %ld
build	Build APK	2026-07-28T10:42:40.8982338Z   /home/runner/work/Yasuagram/Yasuagram/TMessagesProj/jni/tgnet/ConnectionsManager.cpp:1952:101: warning: expression with side effects will be evaluated despite being used as an operand to 'typeid' [-Wpotentially-evaluated-expression]
build	Build APK	2026-07-28T10:42:40.8983611Z    1952 |         if (LOGS_ENABLED) DEBUG_D("send request wrapped %p - %s", request->rpcRequest.get(), typeid(*(request->rpcRequest.get())).name());
build	Build APK	2026-07-28T10:42:40.8984381Z         |                                                                                                     ^
build	Build APK	2026-07-28T10:42:40.8985357Z   /home/runner/work/Yasuagram/Yasuagram/TMessagesProj/jni/tgnet/ConnectionsManager.cpp:2028:52: warning: format specifies type 'long long' but the argument has type 'int64_t' (aka 'long') [-Wformat]
build	Build APK	2026-07-28T10:42:40.8986397Z    2028 |         if (LOGS_ENABLED) DEBUG_D("set user %lld", userId);
build	Build APK	2026-07-28T10:42:40.8986865Z         |                                             ~~~~   ^~~~~~
build	Build APK	2026-07-28T10:42:40.8987262Z         |                                             %ld
build	Build APK	2026-07-28T10:42:40.8988156Z   /home/runner/work/Yasuagram/Yasuagram/TMessagesProj/jni/tgnet/ConnectionsManager.cpp:2206:5: warning: non-void lambda does not return a value in all control paths [-Wreturn-type]
build	Build APK	2026-07-28T10:42:40.8989045Z    2206 |     });
build	Build APK	2026-07-28T10:42:40.8989380Z         |     ^
build	Build APK	2026-07-28T10:42:40.8990370Z   /home/runner/work/Yasuagram/Yasuagram/TMessagesProj/jni/tgnet/ConnectionsManager.cpp:3053:155: warning: expression with side effects will be evaluated despite being used as an operand to 'typeid' [-Wpotentially-evaluated-expression]
build	Build APK	2026-07-28T10:42:40.8992062Z    3053 |                             if (LOGS_ENABLED) DEBUG_D("wrap body(%p, %s) to TL_invokeAfterMsg, token = %d, after 0x%" PRIx64, message->body.get(), typeid(*(message->body.get())).name(), networkMessage->requestId, request->msg_id);
build	Build APK	2026-07-28T10:42:40.8992996Z         |                                                                                                                                                           ^
build	Build APK	2026-07-28T10:42:40.8993838Z   /home/runner/work/Yasuagram/Yasuagram/TMessagesProj/jni/tgnet/ConnectionsManager.cpp:3278:43: warning: array subscript is of type 'char' [-Wchar-subscripts]
build	Build APK	2026-07-28T10:42:40.8994688Z    3278 |             auto value = url_char_to_value[base64.c_str()[i++]];
build	Build APK	2026-07-28T10:42:40.8995104Z         |                                           ^~~~~~~~~~~~~~~~~~~~
build	Build APK	2026-07-28T10:42:40.8995505Z   8 warnings generated.
build	Build APK	2026-07-28T10:42:40.8995829Z   [43/2054] Linking CXX static library libtgnet.a
build	Build APK	2026-07-28T10:42:40.8996354Z   [44/2054] Building CXX object CMakeFiles/rlottie.dir/rlottie/src/vector/vimageloader.cpp.o
build	Build APK	2026-07-28T10:42:40.8997008Z   [45/2054] Building CXX object CMakeFiles/rlottie.dir/rlottie/src/lottie/lottieparser.cpp.o
build	Build APK	2026-07-28T10:42:40.8997875Z   In file included from /home/runner/work/Yasuagram/Yasuagram/TMessagesProj/jni/rlottie/src/lottie/lottieparser.cpp:58:
build	Build APK	2026-07-28T10:42:40.8998634Z   In file included from /home/runner/work/Yasuagram/Yasuagram/TMessagesProj/jni/./tgnet/FileLog.h:12:
build	Build APK	2026-07-28T10:42:40.8999611Z   /home/runner/work/Yasuagram/Yasuagram/TMessagesProj/jni/./tgnet/Defines.h:142:16: warning: 'ConnectiosManagerDelegate' has virtual functions but non-virtual destructor [-Wnon-virtual-dtor]
build	Build APK	2026-07-28T10:42:40.9000460Z     142 | typedef struct ConnectiosManagerDelegate {
build	Build APK	2026-07-28T10:42:40.9000988Z         |                ^
build	Build APK	2026-07-28T10:42:40.9001700Z   /home/runner/work/Yasuagram/Yasuagram/TMessagesProj/jni/./tgnet/Defines.h:161:16: warning: 'HandshakeDelegate' has virtual functions but non-virtual destructor [-Wnon-virtual-dtor]
build	Build APK	2026-07-28T10:42:40.9002536Z     161 | typedef struct HandshakeDelegate {
build	Build APK	2026-07-28T10:42:40.9002888Z         |                ^
build	Build APK	2026-07-28T10:42:40.9003596Z   /home/runner/work/Yasuagram/Yasuagram/TMessagesProj/jni/rlottie/src/lottie/lottieparser.cpp:186:60: warning: field 'colorMap' will be initialized after field 'mFitzModifier' [-Wreorder-ctor]
build	Build APK	2026-07-28T10:42:40.9004720Z     186 |         : LookaheadParserHandler(str), mDirPath(dir_path), colorMap(colorReplacement), mFitzModifier(fitzModifier)
build	Build APK	2026-07-28T10:42:40.9005340Z         |                                        ~~~~~~~~~~~~~~~~~~  ^~~~~~~~~~~~~~~~~~~~~~~~~~  ~~~~~~~~~~~~~~~~~~~~~~~~~~~
build	Build APK	2026-07-28T10:42:40.9006078Z         |                                        mFitzModifier(fitzModifier) mDirPath(dir_path)  colorMap(colorReplacement)
build	Build APK	2026-07-28T10:42:40.9006629Z   3 warnings generated.
build	Build APK	2026-07-28T10:42:40.9007068Z   [46/2054] Building CXX object CMakeFiles/rlottie.dir/rlottie/src/vector/vpainter.cpp.o
build	Build APK	2026-07-28T10:42:40.9007627Z   [47/2054] Building CXX object CMakeFiles/rlottie.dir/rlottie/src/vector/vmatrix.cpp.o
build	Build APK	2026-07-28T10:42:40.9008215Z   [48/2054] Building C object CMakeFiles/flac.dir/exoplayer/libFLAC/cpu.c.o
build	Build APK	2026-07-28T10:42:40.9008874Z   [49/2054] Building ASM object CMakeFiles/rlottie.dir/rlottie/src/vector/pixman/pixman-arma64-neon-asm.S.o
build	Build APK	2026-07-28T10:42:40.9009477Z   [50/2054] Building CXX object CMakeFiles/rlottie.dir/rlottie/src/vector/vpath.cpp.o
build	Build APK	2026-07-28T10:42:40.9010069Z   [51/2054] Building C object CMakeFiles/flac.dir/exoplayer/libFLAC/fixed.c.o
build	Build APK	2026-07-28T10:42:40.9010588Z   [52/2054] Building C object CMakeFiles/flac.dir/exoplayer/libFLAC/bitreader.c.o
build	Build APK	2026-07-28T10:42:40.9011280Z   [53/2054] Building C object CMakeFiles/flac.dir/exoplayer/libFLAC/bitmath.c.o
build	Build APK	2026-07-28T10:42:40.9011827Z   [54/2054] Building C object CMakeFiles/flac.dir/exoplayer/libFLAC/crc.c.o
build	Build APK	2026-07-28T10:42:40.9012399Z   [55/2054] Building CXX object CMakeFiles/rlottie.dir/rlottie/src/vector/vpathmesure.cpp.o
build	Build APK	2026-07-28T10:42:40.9013036Z   [56/2054] Building C object CMakeFiles/flac.dir/exoplayer/libFLAC/fixed_intrin_sse2.c.o
build	Build APK	2026-07-28T10:42:40.9013668Z   [57/2054] Building C object CMakeFiles/flac.dir/exoplayer/libFLAC/fixed_intrin_ssse3.c.o
build	Build APK	2026-07-28T10:42:40.9014294Z   [58/2054] Building C object CMakeFiles/flac.dir/exoplayer/libFLAC/float.c.o
build	Build APK	2026-07-28T10:42:40.9014822Z   [59/2054] Building C object CMakeFiles/flac.dir/exoplayer/libFLAC/lpc_intrin_avx2.c.o
build	Build APK	2026-07-28T10:42:40.9015447Z   [60/2054] Building C object CMakeFiles/flac.dir/exoplayer/libFLAC/bitwriter.c.o
build	Build APK	2026-07-28T10:42:40.9016007Z   [61/2054] Building CXX object CMakeFiles/rlottie.dir/rlottie/src/vector/vrect.cpp.o
build	Build APK	2026-07-28T10:42:40.9016602Z   [62/2054] Building C object CMakeFiles/flac.dir/exoplayer/libFLAC/lpc_intrin_sse2.c.o
build	Build APK	2026-07-28T10:42:40.9017247Z   [63/2054] Building C object CMakeFiles/flac.dir/exoplayer/libFLAC/lpc_intrin_sse41.c.o
build	Build APK	2026-07-28T10:42:40.9017807Z   [64/2054] Building C object CMakeFiles/flac.dir/exoplayer/libFLAC/lpc_intrin_sse.c.o
build	Build APK	2026-07-28T10:42:40.9018393Z   [65/2054] Building CXX object CMakeFiles/rlottie.dir/rlottie/src/vector/vraster.cpp.o
build	Build APK	2026-07-28T10:42:40.9019127Z   In file included from /home/runner/work/Yasuagram/Yasuagram/TMessagesProj/jni/rlottie/src/vector/vraster.cpp:22:
build	Build APK	2026-07-28T10:42:40.9020005Z   In file included from /home/runner/work/Yasuagram/Yasuagram/TMessagesProj/jni/./tgnet/FileLog.h:12:
build	Build APK	2026-07-28T10:42:40.9021281Z   /home/runner/work/Yasuagram/Yasuagram/TMessagesProj/jni/./tgnet/Defines.h:142:16: warning: 'ConnectiosManagerDelegate' has virtual functions but non-virtual destructor [-Wnon-virtual-dtor]
build	Build APK	2026-07-28T10:42:40.9022132Z     142 | typedef struct ConnectiosManagerDelegate {
build	Build APK	2026-07-28T10:42:40.9022527Z         |                ^
build	Build APK	2026-07-28T10:42:40.9023297Z   /home/runner/work/Yasuagram/Yasuagram/TMessagesProj/jni/./tgnet/Defines.h:161:16: warning: 'HandshakeDelegate' has virtual functions but non-virtual destructor [-Wnon-virtual-dtor]
build	Build APK	2026-07-28T10:42:40.9024104Z     161 | typedef struct HandshakeDelegate {
build	Build APK	2026-07-28T10:42:40.9024473Z         |                ^
build	Build APK	2026-07-28T10:42:40.9024799Z   2 warnings generated.
build	Build APK	2026-07-28T10:42:40.9025225Z   [66/2054] Building C object CMakeFiles/flac.dir/exoplayer/libFLAC/memory.c.o
build	Build APK	2026-07-28T10:42:40.9025719Z   [67/2054] Building C object CMakeFiles/flac.dir/exoplayer/libFLAC/lpc.c.o
build	Build APK	2026-07-28T10:42:40.9026354Z   [68/2054] Building C object CMakeFiles/flac.dir/exoplayer/libFLAC/format.c.o
build	Build APK	2026-07-28T10:42:40.9026890Z   [69/2054] Building C object CMakeFiles/flac.dir/exoplayer/libFLAC/md5.c.o
build	Build APK	2026-07-28T10:42:40.9027432Z   [70/2054] Building C object CMakeFiles/flac.dir/exoplayer/libFLAC/window.c.o
build	Build APK	2026-07-28T10:42:40.9028237Z   [71/2054] Building C object CMakeFiles/flac.dir/exoplayer/libFLAC/metadata_object.c.o
build	Build APK	2026-07-28T10:42:40.9028956Z   [72/2054] Building C object CMakeFiles/flac.dir/exoplayer/libFLAC/stream_encoder_intrin_avx2.c.o
build	Build APK	2026-07-28T10:42:40.9029706Z   [73/2054] Building C object CMakeFiles/flac.dir/exoplayer/libFLAC/stream_encoder_intrin_sse2.c.o
build	Build APK	2026-07-28T10:42:40.9030477Z   [74/2054] Building C object CMakeFiles/flac.dir/exoplayer/libFLAC/stream_encoder_framing.c.o
build	Build APK	2026-07-28T10:42:40.9031373Z   [75/2054] Building C object CMakeFiles/flac.dir/exoplayer/libFLAC/stream_encoder_intrin_ssse3.c.o
build	Build APK	2026-07-28T10:42:40.9032101Z   [76/2054] Building C object CMakeFiles/flac.dir/exoplayer/libFLAC/stream_decoder.c.o
build	Build APK	2026-07-28T10:42:40.9032809Z   [77/2054] Building C object CMakeFiles/flac.dir/exoplayer/libFLAC/stream_encoder.c.o
build	Build APK	2026-07-28T10:42:40.9033494Z   [78/2054] Building C object CMakeFiles/flac.dir/exoplayer/libFLAC/metadata_iterators.c.o
build	Build APK	2026-07-28T10:42:40.9034071Z   [79/2054] Linking C static library libflac.a
build	Build APK	2026-07-28T10:42:40.9034623Z   [80/2054] Building CXX object CMakeFiles/rlottie.dir/rlottie/src/vector/vrle.cpp.o
build	Build APK	2026-07-28T10:42:40.9035194Z   [81/2054] Linking CXX static library librlottie.a
build	Build APK	2026-07-28T10:42:40.9035815Z   [82/2054] Building CXX object CMakeFiles/breakpad.dir/third_party/breakpad/src/client/linux/log/log.cc.o
build	Build APK	2026-07-28T10:42:40.9036784Z   [83/2054] Building CXX object CMakeFiles/breakpad.dir/third_party/breakpad/src/client/linux/dump_writer_common/seccomp_unwinder.cc.o
build	Build APK	2026-07-28T10:42:40.9037816Z   [84/2054] Building CXX object CMakeFiles/breakpad.dir/third_party/breakpad/src/client/linux/crash_generation/crash_generation_client.cc.o
build	Build APK	2026-07-28T10:42:40.9038831Z   [85/2054] Building CXX object CMakeFiles/breakpad.dir/third_party/breakpad/src/client/linux/handler/minidump_descriptor.cc.o
build	Build APK	2026-07-28T10:42:40.9039858Z   [86/2054] Building CXX object CMakeFiles/breakpad.dir/third_party/breakpad/src/client/linux/dump_writer_common/ucontext_reader.cc.o
build	Build APK	2026-07-28T10:42:40.9040992Z   [87/2054] Building CXX object CMakeFiles/breakpad.dir/third_party/breakpad/src/client/linux/dump_writer_common/thread_info.cc.o
build	Build APK	2026-07-28T10:42:40.9041994Z   [88/2054] Building CXX object CMakeFiles/breakpad.dir/third_party/breakpad/src/client/linux/handler/exception_handler.cc.o
build	Build APK	2026-07-28T10:42:40.9043012Z   [89/2054] Building CXX object CMakeFiles/breakpad.dir/third_party/breakpad/src/client/linux/microdump_writer/microdump_writer.cc.o
build	Build APK	2026-07-28T10:42:40.9044054Z   [90/2054] Building CXX object CMakeFiles/openh264.dir/third_party/openh264/src/codec/processing/src/denoise/denoise_filter.cpp.o
build	Build APK	2026-07-28T10:42:40.9045196Z   [91/2054] Building CXX object CMakeFiles/openh264.dir/third_party/openh264/src/codec/processing/src/denoise/denoise.cpp.o
build	Build APK	2026-07-28T10:42:40.9046252Z   [92/2054] Building CXX object CMakeFiles/breakpad.dir/third_party/breakpad/src/client/linux/minidump_writer/linux_ptrace_dumper.cc.o
build	Build APK	2026-07-28T10:42:40.9047205Z   [93/2054] Building CXX object CMakeFiles/breakpad.dir/third_party/breakpad/src/common/linux/linux_libc_support.cc.o
build	Build APK	2026-07-28T10:42:40.9048187Z   [94/2054] Building CXX object CMakeFiles/breakpad.dir/third_party/breakpad/src/client/linux/minidump_writer/linux_dumper.cc.o
build	Build APK	2026-07-28T10:42:40.9049089Z   [95/2054] Building C object CMakeFiles/breakpad.dir/third_party/breakpad/src/common/convert_UTF.c.o
build	Build APK	2026-07-28T10:42:40.9049842Z   [96/2054] Building CXX object CMakeFiles/breakpad.dir/third_party/breakpad/src/common/md5.cc.o
build	Build APK	2026-07-28T10:42:40.9050662Z   [97/2054] Building CXX object CMakeFiles/breakpad.dir/third_party/breakpad/src/common/linux/elfutils.cc.o
build	Build APK	2026-07-28T10:42:40.9051507Z   [98/2054] Building CXX object CMakeFiles/breakpad.dir/third_party/breakpad/src/client/minidump_file_writer.cc.o
build	Build APK	2026-07-28T10:42:40.9052348Z   [99/2054] Building CXX object CMakeFiles/breakpad.dir/third_party/breakpad/src/common/linux/guid_creator.cc.o
build	Build APK	2026-07-28T10:42:40.9053200Z   [100/2054] Building CXX object CMakeFiles/breakpad.dir/third_party/breakpad/src/common/linux/memory_mapped_file.cc.o
build	Build APK	2026-07-28T10:42:40.9054096Z   [101/2054] Building CXX object CMakeFiles/breakpad.dir/third_party/breakpad/src/client/linux/minidump_writer/minidump_writer.cc.o
build	Build APK	2026-07-28T10:42:40.9054909Z   [102/2054] Building CXX object CMakeFiles/breakpad.dir/third_party/breakpad/src/common/linux/safe_readlink.cc.o
build	Build APK	2026-07-28T10:42:40.9055497Z   [103/2054] Building CXX object CMakeFiles/breakpad.dir/third_party/breakpad/src/common/linux/file_id.cc.o
build	Build APK	2026-07-28T10:42:40.9056077Z   [104/2054] Building CXX object CMakeFiles/breakpad.dir/third_party/breakpad/src/common/string_conversion.cc.o
build	Build APK	2026-07-28T10:42:40.9056554Z   [105/2054] Linking CXX static library libbreakpad.a
build	Build APK	2026-07-28T10:42:40.9056959Z   [106/2054] Building CXX object CMakeFiles/tgvoip.dir/voip/libtgvoip/Buffers.cpp.o
build	Build APK	2026-07-28T10:42:40.9057478Z   In file included from /home/runner/work/Yasuagram/Yasuagram/TMessagesProj/jni/voip/libtgvoip/Buffers.cpp:7:
build	Build APK	2026-07-28T10:42:40.9058053Z   In file included from /home/runner/work/Yasuagram/Yasuagram/TMessagesProj/jni/voip/libtgvoip/Buffers.h:19:
build	Build APK	2026-07-28T10:42:40.9058778Z   /home/runner/work/Yasuagram/Yasuagram/TMessagesProj/jni/voip/libtgvoip/threading.h:117:8: warning: private field 'maxPriority' is not used [-Wunused-private-field]
build	Build APK	2026-07-28T10:42:40.9059345Z     117 |                 bool maxPriority=false;
build	Build APK	2026-07-28T10:42:40.9059657Z         |                      ^
build	Build APK	2026-07-28T10:42:40.9059897Z   1 warning generated.
build	Build APK	2026-07-28T10:42:40.9060234Z   [107/2054] Building CXX object CMakeFiles/tgvoip.dir/voip/libtgvoip/BlockingQueue.cpp.o
build	Build APK	2026-07-28T10:42:40.9061075Z   In file included from /home/runner/work/Yasuagram/Yasuagram/TMessagesProj/jni/voip/libtgvoip/BlockingQueue.cpp:7:
build	Build APK	2026-07-28T10:42:40.9061711Z   In file included from /home/runner/work/Yasuagram/Yasuagram/TMessagesProj/jni/voip/libtgvoip/BlockingQueue.h:12:
build	Build APK	2026-07-28T10:42:40.9062426Z   /home/runner/work/Yasuagram/Yasuagram/TMessagesProj/jni/voip/libtgvoip/threading.h:117:8: warning: private field 'maxPriority' is not used [-Wunused-private-field]
build	Build APK	2026-07-28T10:42:40.9063031Z     117 |                 bool maxPriority=false;
build	Build APK	2026-07-28T10:42:40.9063303Z         |                      ^
build	Build APK	2026-07-28T10:42:40.9063558Z   1 warning generated.
build	Build APK	2026-07-28T10:42:40.9063963Z   [108/2054] Building CXX object CMakeFiles/tgvoip.dir/voip/libtgvoip/logging.cpp.o
build	Build APK	2026-07-28T10:42:40.9064526Z   In file included from /home/runner/work/Yasuagram/Yasuagram/TMessagesProj/jni/voip/libtgvoip/logging.cpp:12:
build	Build APK	2026-07-28T10:42:40.9065118Z   In file included from /home/runner/work/Yasuagram/Yasuagram/TMessagesProj/jni/voip/libtgvoip/VoIPController.h:24:
build	Build APK	2026-07-28T10:42:40.9065842Z   In file included from /home/runner/work/Yasuagram/Yasuagram/TMessagesProj/jni/voip/libtgvoip/video/VideoSource.h:12:
build	Build APK	2026-07-28T10:42:40.9066432Z   In file included from /home/runner/work/Yasuagram/Yasuagram/TMessagesProj/jni/voip/libtgvoip/video/../Buffers.h:19:
build	Build APK	2026-07-28T10:42:40.9067180Z   /home/runner/work/Yasuagram/Yasuagram/TMessagesProj/jni/voip/libtgvoip/video/../threading.h:117:8: warning: private field 'maxPriority' is not used [-Wunused-private-field]
build	Build APK	2026-07-28T10:42:40.9067827Z     117 |                 bool maxPriority=false;
build	Build APK	2026-07-28T10:42:40.9068102Z         |                      ^
build	Build APK	2026-07-28T10:42:40.9068346Z   1 warning generated.
build	Build APK	2026-07-28T10:42:40.9068714Z   [109/2054] Building CXX object CMakeFiles/tgvoip.dir/voip/libtgvoip/audio/AudioInput.cpp.o
build	Build APK	2026-07-28T10:42:40.9069261Z   In file included from /home/runner/work/Yasuagram/Yasuagram/TMessagesProj/jni/voip/libtgvoip/audio/AudioInput.cpp:7:
build	Build APK	2026-07-28T10:42:40.9069893Z   In file included from /home/runner/work/Yasuagram/Yasuagram/TMessagesProj/jni/voip/libtgvoip/audio/AudioInput.h:13:
build	Build APK	2026-07-28T10:42:40.9070521Z   In file included from /home/runner/work/Yasuagram/Yasuagram/TMessagesProj/jni/voip/libtgvoip/audio/../MediaStreamItf.h:14:
build	Build APK	2026-07-28T10:42:40.9071555Z   /home/runner/work/Yasuagram/Yasuagram/TMessagesProj/jni/voip/libtgvoip/audio/../threading.h:117:8: warning: private field 'maxPriority' is not used [-Wunused-private-field]
build	Build APK	2026-07-28T10:42:40.9072454Z     117 |                 bool maxPriority=false;
build	Build APK	2026-07-28T10:42:40.9072924Z         |                      ^
build	Build APK	2026-07-28T10:42:40.9073263Z   1 warning generated.
build	Build APK	2026-07-28T10:42:40.9073782Z   [110/2054] Building CXX object CMakeFiles/tgvoip.dir/voip/libtgvoip/os/android/AudioInputOpenSLES.cpp.o
build	Build APK	2026-07-28T10:42:40.9074737Z   In file included from /home/runner/work/Yasuagram/Yasuagram/TMessagesProj/jni/voip/libtgvoip/os/android/AudioInputOpenSLES.cpp:11:
build	Build APK	2026-07-28T10:42:40.9075740Z   In file included from /home/runner/work/Yasuagram/Yasuagram/TMessagesProj/jni/voip/libtgvoip/os/android/AudioInputOpenSLES.h:13:
build	Build APK	2026-07-28T10:42:40.9076783Z   In file included from /home/runner/work/Yasuagram/Yasuagram/TMessagesProj/jni/voip/libtgvoip/os/android/../../audio/AudioInput.h:13:
build	Build APK	2026-07-28T10:42:40.9077853Z   In file included from /home/runner/work/Yasuagram/Yasuagram/TMessagesProj/jni/voip/libtgvoip/os/android/../../audio/../MediaStreamItf.h:14:
build	Build APK	2026-07-28T10:42:40.9079054Z   /home/runner/work/Yasuagram/Yasuagram/TMessagesProj/jni/voip/libtgvoip/os/android/../../audio/../threading.h:117:8: warning: private field 'maxPriority' is not used [-Wunused-private-field]
build	Build APK	2026-07-28T10:42:40.9079980Z     117 |                 bool maxPriority=false;
build	Build APK	2026-07-28T10:42:40.9080347Z         |                      ^
build	Build APK	2026-07-28T10:42:40.9080858Z   1 warning generated.
build	Build APK	2026-07-28T10:42:40.9081350Z   [111/2054] Building CXX object CMakeFiles/tgvoip.dir/voip/libtgvoip/MediaStreamItf.cpp.o
build	Build APK	2026-07-28T10:42:40.9082205Z   In file included from /home/runner/work/Yasuagram/Yasuagram/TMessagesProj/jni/voip/libtgvoip/MediaStreamItf.cpp:8:
build	Build APK	2026-07-28T10:42:40.9083082Z   In file included from /home/runner/work/Yasuagram/Yasuagram/TMessagesProj/jni/voip/libtgvoip/MediaStreamItf.h:14:
build	Build APK	2026-07-28T10:42:40.9084097Z   /home/runner/work/Yasuagram/Yasuagram/TMessagesProj/jni/voip/libtgvoip/threading.h:117:8: warning: private field 'maxPriority' is not used [-Wunused-private-field]
build	Build APK	2026-07-28T10:42:40.9085000Z     117 |                 bool maxPriority=false;
build	Build APK	2026-07-28T10:42:40.9085375Z         |                      ^
build	Build APK	2026-07-28T10:42:40.9085727Z   1 warning generated.
build	Build APK	2026-07-28T10:42:40.9086263Z   [112/2054] Building CXX object CMakeFiles/tgvoip.dir/voip/libtgvoip/VoIPGroupController.cpp.o
build	Build APK	2026-07-28T10:42:40.9087238Z   /home/runner/work/Yasuagram/Yasuagram/TMessagesProj/jni/voip/libtgvoip/VoIPGroupController.cpp:628:24: warning: variable length arrays in C++ are a Clang extension [-Wvla-cxx-extension]
build	Build APK	2026-07-28T10:42:40.9088323Z     628 |                 unsigned char aesOut[MSC_STACK_FALLBACK(inner.GetLength(), 1500)];
build	Build APK	2026-07-28T10:42:40.9088819Z         |                                      ^~~~~~~~~~~~~~~~~~~~~~~~~~~~~~~~~~~~~~~~~~~
build	Build APK	2026-07-28T10:42:40.9089612Z   /home/runner/work/Yasuagram/Yasuagram/TMessagesProj/jni/voip/libtgvoip/PrivateDefines.h:119:34: note: expanded from macro 'MSC_STACK_FALLBACK'
build	Build APK	2026-07-28T10:42:40.9090393Z     119 | #define MSC_STACK_FALLBACK(a, b) (a)
build	Build APK	2026-07-28T10:42:40.9090936Z         |                                  ^~~
build	Build APK	2026-07-28T10:42:40.9091769Z   /home/runner/work/Yasuagram/Yasuagram/TMessagesProj/jni/voip/libtgvoip/VoIPGroupController.cpp:628:49: note: non-constexpr function 'GetLength' cannot be used in a constant expression
build	Build APK	2026-07-28T10:42:40.9092737Z     628 |                 unsigned char aesOut[MSC_STACK_FALLBACK(inner.GetLength(), 1500)];
build	Build APK	2026-07-28T10:42:40.9093244Z         |                                                               ^
build	Build APK	2026-07-28T10:42:40.9093912Z   /home/runner/work/Yasuagram/Yasuagram/TMessagesProj/jni/voip/libtgvoip/video/../Buffers.h:66:10: note: declared here
build	Build APK	2026-07-28T10:42:40.9094593Z      66 |                 size_t GetLength();
build	Build APK	2026-07-28T10:42:40.9094914Z         |                        ^
build	Build APK	2026-07-28T10:42:40.9095461Z   In file included from /home/runner/work/Yasuagram/Yasuagram/TMessagesProj/jni/voip/libtgvoip/VoIPGroupController.cpp:7:
build	Build APK	2026-07-28T10:42:40.9096396Z   In file included from /home/runner/work/Yasuagram/Yasuagram/TMessagesProj/jni/voip/libtgvoip/VoIPController.h:24:
build	Build APK	2026-07-28T10:42:40.9097426Z   In file included from /home/runner/work/Yasuagram/Yasuagram/TMessagesProj/jni/voip/libtgvoip/video/VideoSource.h:12:
build	Build APK	2026-07-28T10:42:40.9098295Z   In file included from /home/runner/work/Yasuagram/Yasuagram/TMessagesProj/jni/voip/libtgvoip/video/../Buffers.h:19:
build	Build APK	2026-07-28T10:42:40.9099378Z   /home/runner/work/Yasuagram/Yasuagram/TMessagesProj/jni/voip/libtgvoip/video/../threading.h:117:8: warning: private field 'maxPriority' is not used [-Wunused-private-field]
build	Build APK	2026-07-28T10:42:40.9100213Z     117 |                 bool maxPriority=false;
build	Build APK	2026-07-28T10:42:40.9100567Z         |                      ^
build	Build APK	2026-07-28T10:42:40.9101104Z   2 warnings generated.
build	Build APK	2026-07-28T10:42:40.9101567Z   [113/2054] Building CXX object CMakeFiles/tgvoip.dir/voip/libtgvoip/audio/AudioOutput.cpp.o
build	Build APK	2026-07-28T10:42:40.9102334Z   In file included from /home/runner/work/Yasuagram/Yasuagram/TMessagesProj/jni/voip/libtgvoip/audio/AudioOutput.cpp:19:
build	Build APK	2026-07-28T10:42:40.9103630Z   /home/runner/work/Yasuagram/Yasuagram/TMessagesProj/jni/voip/libtgvoip/audio/../os/android/AudioOutputAndroid.h:20:15: warning: 'Start' overrides a member function but is not marked 'override' [-Winconsistent-missing-override]
build	Build APK	2026-07-28T10:42:40.9104657Z      20 |         virtual void Start();
build	Build APK	2026-07-28T10:42:40.9105034Z         |                      ^
build	Build APK	2026-07-28T10:42:40.9105771Z   /home/runner/work/Yasuagram/Yasuagram/TMessagesProj/jni/voip/libtgvoip/audio/../MediaStreamItf.h:24:15: note: overridden virtual function is here
build	Build APK	2026-07-28T10:42:40.9106494Z      24 |         virtual void Start()=0;
build	Build APK	2026-07-28T10:42:40.9106907Z         |                      ^
build	Build APK	2026-07-28T10:42:40.9107547Z   In file included from /home/runner/work/Yasuagram/Yasuagram/TMessagesProj/jni/voip/libtgvoip/audio/AudioOutput.cpp:19:
build	Build APK	2026-07-28T10:42:40.9108821Z   /home/runner/work/Yasuagram/Yasuagram/TMessagesProj/jni/voip/libtgvoip/audio/../os/android/AudioOutputAndroid.h:21:15: warning: 'Stop' overrides a member function but is not marked 'override' [-Winconsistent-missing-override]
build	Build APK	2026-07-28T10:42:40.9109811Z      21 |         virtual void Stop();
build	Build APK	2026-07-28T10:42:40.9110198Z         |                      ^
build	Build APK	2026-07-28T10:42:40.9111056Z   /home/runner/work/Yasuagram/Yasuagram/TMessagesProj/jni/voip/libtgvoip/audio/../MediaStreamItf.h:25:15: note: overridden virtual function is here
build	Build APK	2026-07-28T10:42:40.9111808Z      25 |         virtual void Stop()=0;
build	Build APK	2026-07-28T10:42:40.9112237Z         |                      ^
build	Build APK	2026-07-28T10:42:40.9112942Z   In file included from /home/runner/work/Yasuagram/Yasuagram/TMessagesProj/jni/voip/libtgvoip/audio/AudioOutput.cpp:7:
build	Build APK	2026-07-28T10:42:40.9113761Z   In file included from /home/runner/work/Yasuagram/Yasuagram/TMessagesProj/jni/voip/libtgvoip/audio/AudioOutput.h:14:
build	Build APK	2026-07-28T10:42:40.9114691Z   In file included from /home/runner/work/Yasuagram/Yasuagram/TMessagesProj/jni/voip/libtgvoip/audio/../MediaStreamItf.h:14:
build	Build APK	2026-07-28T10:42:40.9115704Z   /home/runner/work/Yasuagram/Yasuagram/TMessagesProj/jni/voip/libtgvoip/audio/../threading.h:117:8: warning: private field 'maxPriority' is not used [-Wunused-private-field]
build	Build APK	2026-07-28T10:42:40.9116620Z     117 |                 bool maxPriority=false;
build	Build APK	2026-07-28T10:42:40.9117001Z         |                      ^
build	Build APK	2026-07-28T10:42:40.9117390Z   3 warnings generated.
build	Build APK	2026-07-28T10:42:40.9117865Z   [114/2054] Building CXX object CMakeFiles/tgvoip.dir/voip/libtgvoip/OpusEncoder.cpp.o
build	Build APK	2026-07-28T10:42:40.9118619Z   In file included from /home/runner/work/Yasuagram/Yasuagram/TMessagesProj/jni/voip/libtgvoip/OpusEncoder.cpp:7:
build	Build APK	2026-07-28T10:42:40.9119460Z   In file included from /home/runner/work/Yasuagram/Yasuagram/TMessagesProj/jni/voip/libtgvoip/OpusEncoder.h:11:
build	Build APK	2026-07-28T10:42:40.9120322Z   In file included from /home/runner/work/Yasuagram/Yasuagram/TMessagesProj/jni/voip/libtgvoip/MediaStreamItf.h:14:
build	Build APK	2026-07-28T10:42:40.9121642Z   /home/runner/work/Yasuagram/Yasuagram/TMessagesProj/jni/voip/libtgvoip/threading.h:117:8: warning: private field 'maxPriority' is not used [-Wunused-private-field]
build	Build APK	2026-07-28T10:42:40.9122576Z     117 |                 bool maxPriority=false;
build	Build APK	2026-07-28T10:42:40.9123005Z         |                      ^
build	Build APK	2026-07-28T10:42:40.9123318Z   1 warning generated.
build	Build APK	2026-07-28T10:42:40.9123882Z   [115/2054] Building CXX object CMakeFiles/tgvoip.dir/voip/libtgvoip/os/android/OpenSLEngineWrapper.cpp.o
build	Build APK	2026-07-28T10:42:40.9124710Z   [116/2054] Building CXX object CMakeFiles/tgvoip.dir/voip/libtgvoip/os/android/AudioOutputOpenSLES.cpp.o
build	Build APK	2026-07-28T10:42:40.9125664Z   In file included from /home/runner/work/Yasuagram/Yasuagram/TMessagesProj/jni/voip/libtgvoip/os/android/AudioOutputOpenSLES.cpp:10:
build	Build APK	2026-07-28T10:42:40.9126695Z   In file included from /home/runner/work/Yasuagram/Yasuagram/TMessagesProj/jni/voip/libtgvoip/os/android/AudioOutputOpenSLES.h:13:
build	Build APK	2026-07-28T10:42:40.9127792Z   In file included from /home/runner/work/Yasuagram/Yasuagram/TMessagesProj/jni/voip/libtgvoip/os/android/../../audio/AudioOutput.h:14:
build	Build APK	2026-07-28T10:42:40.9128756Z   In file included from /home/runner/work/Yasuagram/Yasuagram/TMessagesProj/jni/voip/libtgvoip/os/android/../../audio/../MediaStreamItf.h:14:
build	Build APK	2026-07-28T10:42:40.9129871Z   /home/runner/work/Yasuagram/Yasuagram/TMessagesProj/jni/voip/libtgvoip/os/android/../../audio/../threading.h:117:8: warning: private field 'maxPriority' is not used [-Wunused-private-field]
build	Build APK	2026-07-28T10:42:40.9131031Z     117 |                 bool maxPriority=false;
build	Build APK	2026-07-28T10:42:40.9131495Z         |                      ^
build	Build APK	2026-07-28T10:42:40.9131890Z   1 warning generated.
build	Build APK	2026-07-28T10:42:40.9132430Z   [117/2054] Building CXX object CMakeFiles/tgvoip.dir/voip/libtgvoip/JitterBuffer.cpp.o
build	Build APK	2026-07-28T10:42:40.9133046Z   FAILED: CMakeFiles/tgvoip.dir/voip/libtgvoip/JitterBuffer.cpp.o 
build	Build APK	2026-07-28T10:42:40.9142286Z   /usr/local/lib/android/sdk/ndk/27.2.12479018/toolchains/llvm/prebuilt/linux-x86_64/bin/clang++ --target=aarch64-none-linux-android21 --sysroot=/usr/local/lib/android/sdk/ndk/27.2.12479018/toolchains/llvm/prebuilt/linux-x86_64/sysroot -DABSL_ALLOCATOR_NOTHROW=1 -DBSD=1 -DBWE_TEST_LOGGING_COMPILE_TIME_ENABLE=0 -DFIXED_POINT -DHAVE_LRINT -DHAVE_LRINTF -DHAVE_NETINET_IN_H -DHAVE_PTHREAD -DLOCALE_NOT_USED -DNDEBUG -DNULL=0 -DOPUS_BUILD -DRTC_DISABLE_TRACE_EVENTS -DRTC_ENABLE_H265 -DRTC_ENABLE_VP9 -DSCTP_PROCESS_LEVEL_LOCKS -DSCTP_SIMPLE_ALLOCATOR -DSOCKLEN_T=socklen_t -DTGVOIP_NO_DSP -DTGVOIP_NO_VIDEO -DUSE_ALLOCA -DUSE_KISS_FFT -DWEBRTC_ANDROID -DWEBRTC_APM_DEBUG_DUMP=0 -DWEBRTC_ARCH_ARM64 -DWEBRTC_HAS_NEON -DWEBRTC_HAVE_DCSCTP -DWEBRTC_HAVE_SCTP -DWEBRTC_HAVE_USRSCTP -DWEBRTC_INCLUDE_INTERNAL_AUDIO_DEVICE -DWEBRTC_LINUX -DWEBRTC_OPUS_SUPPORT_120MS_PTIME=1 -DWEBRTC_OPUS_VARIABLE_COMPLEXITY=0 -DWEBRTC_POSIX -DWEBRTC_USE_BUILTIN_ISAC_FLOAT -DWEBRTC_USE_H264 -D_FILE_OFFSET_BITS=64 -D_LARGEFILE_SOURCE=1 -D__EMX__ -D__STDC_LIMIT_MACROS -D__Userspace__ -D__Userspace_os_Linux -Drestrict="" -I/home/runner/work/Yasuagram/Yasuagram/TMessagesProj/jni/. -I/home/runner/work/Yasuagram/Yasuagram/TMessagesProj/jni/voip -I/home/runner/work/Yasuagram/Yasuagram/TMessagesProj/jni/opus/include -I/home/runner/work/Yasuagram/Yasuagram/TMessagesProj/jni/opus/silk -I/home/runner/work/Yasuagram/Yasuagram/TMessagesProj/jni/opus/silk/fixed -I/home/runner/work/Yasuagram/Yasuagram/TMessagesProj/jni/opus/celt -I/home/runner/work/Yasuagram/Yasuagram/TMessagesProj/jni/opus -I/home/runner/work/Yasuagram/Yasuagram/TMessagesProj/jni/opus/opusfile -I/home/runner/work/Yasuagram/Yasuagram/TMessagesProj/jni/boringssl/include -I/home/runner/work/Yasuagram/Yasuagram/TMessagesProj/jni/voip/webrtc -I/home/runner/work/Yasuagram/Yasuagram/TMessagesProj/jni/voip/tgcalls -I/home/runner/work/Yasuagram/Yasuagram/TMessagesProj/jni/voip/libtgvoip -I/home/runner/work/Yasuagram/Yasuagram/TMessagesProj/jni/voip/webrtc/third_party/crc32c/src/include -I/home/runner/work/Yasuagram/Yasuagram/TMessagesProj/jni/voip/webrtc/third_party/jni_zero -I/usr/local/lib/android/sdk/ndk/27.2.12479018/sources/android/cpufeatures -std=c++17 -DANDROID -g -fno-limit-debug-info  -fPIC -Wall -finline-functions -ffast-math -fno-strict-aliasing -O3 -frtti -Wno-unknown-pragmas -funroll-loops -fexceptions -fno-math-errno -MD -MT CMakeFiles/tgvoip.dir/voip/libtgvoip/JitterBuffer.cpp.o -MF CMakeFiles/tgvoip.dir/voip/libtgvoip/JitterBuffer.cpp.o.d -o CMakeFiles/tgvoip.dir/voip/libtgvoip/JitterBuffer.cpp.o -c /home/runner/work/Yasuagram/Yasuagram/TMessagesProj/jni/voip/libtgvoip/JitterBuffer.cpp
build	Build APK	2026-07-28T10:42:40.9153015Z   /home/runner/work/Yasuagram/Yasuagram/TMessagesProj/jni/voip/libtgvoip/JitterBuffer.cpp:82:9: error: unknown type name 'LatencyReport'
build	Build APK	2026-07-28T10:42:40.9153959Z      82 |         LatencyReport report;
build	Build APK	2026-07-28T10:42:40.9154411Z         |         ^
build	Build APK	2026-07-28T10:42:40.9155316Z   In file included from /home/runner/work/Yasuagram/Yasuagram/TMessagesProj/jni/voip/libtgvoip/JitterBuffer.cpp:7:
build	Build APK	2026-07-28T10:42:40.9156452Z   In file included from /home/runner/work/Yasuagram/Yasuagram/TMessagesProj/jni/voip/libtgvoip/VoIPController.h:24:
build	Build APK	2026-07-28T10:42:40.9157567Z   In file included from /home/runner/work/Yasuagram/Yasuagram/TMessagesProj/jni/voip/libtgvoip/video/VideoSource.h:12:
build	Build APK	2026-07-28T10:42:40.9158677Z   In file included from /home/runner/work/Yasuagram/Yasuagram/TMessagesProj/jni/voip/libtgvoip/video/../Buffers.h:19:
build	Build APK	2026-07-28T10:42:40.9159776Z   /home/runner/work/Yasuagram/Yasuagram/TMessagesProj/jni/voip/libtgvoip/video/../threading.h:117:8: warning: private field 'maxPriority' is not used [-Wunused-private-field]
build	Build APK	2026-07-28T10:42:40.9161176Z     117 |                 bool maxPriority=false;
build	Build APK	2026-07-28T10:42:40.9161679Z         |                      ^
build	Build APK	2026-07-28T10:42:40.9162098Z   1 warning and 1 error generated.
build	Build APK	2026-07-28T10:42:40.9162682Z   [118/2054] Building CXX object CMakeFiles/tgvoip.dir/voip/libtgvoip/EchoCanceller.cpp.o
build	Build APK	2026-07-28T10:42:40.9163584Z   In file included from /home/runner/work/Yasuagram/Yasuagram/TMessagesProj/jni/voip/libtgvoip/EchoCanceller.cpp:12:
build	Build APK	2026-07-28T10:42:40.9164635Z   In file included from /home/runner/work/Yasuagram/Yasuagram/TMessagesProj/jni/voip/libtgvoip/EchoCanceller.h:10:
build	Build APK	2026-07-28T10:42:40.9165797Z   /home/runner/work/Yasuagram/Yasuagram/TMessagesProj/jni/voip/libtgvoip/threading.h:117:8: warning: private field 'maxPriority' is not used [-Wunused-private-field]
build	Build APK	2026-07-28T10:42:40.9166732Z     117 |                 bool maxPriority=false;
build	Build APK	2026-07-28T10:42:40.9167157Z         |                      ^
build	Build APK	2026-07-28T10:42:40.9167523Z   1 warning generated.
build	Build APK	2026-07-28T10:42:40.9168120Z   [119/2054] Building CXX object CMakeFiles/tgvoip.dir/voip/libtgvoip/OpusDecoder.cpp.o
build	Build APK	2026-07-28T10:42:40.9168949Z   FAILED: CMakeFiles/tgvoip.dir/voip/libtgvoip/OpusDecoder.cpp.o 
build	Build APK	2026-07-28T10:42:40.9178973Z   /usr/local/lib/android/sdk/ndk/27.2.12479018/toolchains/llvm/prebuilt/linux-x86_64/bin/clang++ --target=aarch64-none-linux-android21 --sysroot=/usr/local/lib/android/sdk/ndk/27.2.12479018/toolchains/llvm/prebuilt/linux-x86_64/sysroot -DABSL_ALLOCATOR_NOTHROW=1 -DBSD=1 -DBWE_TEST_LOGGING_COMPILE_TIME_ENABLE=0 -DFIXED_POINT -DHAVE_LRINT -DHAVE_LRINTF -DHAVE_NETINET_IN_H -DHAVE_PTHREAD -DLOCALE_NOT_USED -DNDEBUG -DNULL=0 -DOPUS_BUILD -DRTC_DISABLE_TRACE_EVENTS -DRTC_ENABLE_H265 -DRTC_ENABLE_VP9 -DSCTP_PROCESS_LEVEL_LOCKS -DSCTP_SIMPLE_ALLOCATOR -DSOCKLEN_T=socklen_t -DTGVOIP_NO_DSP -DTGVOIP_NO_VIDEO -DUSE_ALLOCA -DUSE_KISS_FFT -DWEBRTC_ANDROID -DWEBRTC_APM_DEBUG_DUMP=0 -DWEBRTC_ARCH_ARM64 -DWEBRTC_HAS_NEON -DWEBRTC_HAVE_DCSCTP -DWEBRTC_HAVE_SCTP -DWEBRTC_HAVE_USRSCTP -DWEBRTC_INCLUDE_INTERNAL_AUDIO_DEVICE -DWEBRTC_LINUX -DWEBRTC_OPUS_SUPPORT_120MS_PTIME=1 -DWEBRTC_OPUS_VARIABLE_COMPLEXITY=0 -DWEBRTC_POSIX -DWEBRTC_USE_BUILTIN_ISAC_FLOAT -DWEBRTC_USE_H264 -D_FILE_OFFSET_BITS=64 -D_LARGEFILE_SOURCE=1 -D__EMX__ -D__STDC_LIMIT_MACROS -D__Userspace__ -D__Userspace_os_Linux -Drestrict="" -I/home/runner/work/Yasuagram/Yasuagram/TMessagesProj/jni/. -I/home/runner/work/Yasuagram/Yasuagram/TMessagesProj/jni/voip -I/home/runner/work/Yasuagram/Yasuagram/TMessagesProj/jni/opus/include -I/home/runner/work/Yasuagram/Yasuagram/TMessagesProj/jni/opus/silk -I/home/runner/work/Yasuagram/Yasuagram/TMessagesProj/jni/opus/silk/fixed -I/home/runner/work/Yasuagram/Yasuagram/TMessagesProj/jni/opus/celt -I/home/runner/work/Yasuagram/Yasuagram/TMessagesProj/jni/opus -I/home/runner/work/Yasuagram/Yasuagram/TMessagesProj/jni/opus/opusfile -I/home/runner/work/Yasuagram/Yasuagram/TMessagesProj/jni/boringssl/include -I/home/runner/work/Yasuagram/Yasuagram/TMessagesProj/jni/voip/webrtc -I/home/runner/work/Yasuagram/Yasuagram/TMessagesProj/jni/voip/tgcalls -I/home/runner/work/Yasuagram/Yasuagram/TMessagesProj/jni/voip/libtgvoip -I/home/runner/work/Yasuagram/Yasuagram/TMessagesProj/jni/voip/webrtc/third_party/crc32c/src/include -I/home/runner/work/Yasuagram/Yasuagram/TMessagesProj/jni/voip/webrtc/third_party/jni_zero -I/usr/local/lib/android/sdk/ndk/27.2.12479018/sources/android/cpufeatures -std=c++17 -DANDROID -g -fno-limit-debug-info  -fPIC -Wall -finline-functions -ffast-math -fno-strict-aliasing -O3 -frtti -Wno-unknown-pragmas -funroll-loops -fexceptions -fno-math-errno -MD -MT CMakeFiles/tgvoip.dir/voip/libtgvoip/OpusDecoder.cpp.o -MF CMakeFiles/tgvoip.dir/voip/libtgvoip/OpusDecoder.cpp.o.d -o CMakeFiles/tgvoip.dir/voip/libtgvoip/OpusDecoder.cpp.o -c /home/runner/work/Yasuagram/Yasuagram/TMessagesProj/jni/voip/libtgvoip/OpusDecoder.cpp
build	Build APK	2026-07-28T10:42:40.9189812Z   /home/runner/work/Yasuagram/Yasuagram/TMessagesProj/jni/voip/libtgvoip/OpusDecoder.cpp:226:1: error: unknown type name 'LatencyReport'
build	Build APK	2026-07-28T10:42:40.9190617Z     226 | LatencyReport latencyReport;
build	Build APK	2026-07-28T10:42:40.9191217Z         | ^
build	Build APK	2026-07-28T10:42:40.9191863Z   In file included from /home/runner/work/Yasuagram/Yasuagram/TMessagesProj/jni/voip/libtgvoip/OpusDecoder.cpp:7:
build	Build APK	2026-07-28T10:42:40.9192801Z   In file included from /home/runner/work/Yasuagram/Yasuagram/TMessagesProj/jni/voip/libtgvoip/OpusDecoder.h:11:
build	Build APK	2026-07-28T10:42:40.9193723Z   In file included from /home/runner/work/Yasuagram/Yasuagram/TMessagesProj/jni/voip/libtgvoip/MediaStreamItf.h:14:
build	Build APK	2026-07-28T10:42:40.9194792Z   /home/runner/work/Yasuagram/Yasuagram/TMessagesProj/jni/voip/libtgvoip/threading.h:117:8: warning: private field 'maxPriority' is not used [-Wunused-private-field]
build	Build APK	2026-07-28T10:42:40.9195633Z     117 |                 bool maxPriority=false;
build	Build APK	2026-07-28T10:42:40.9196014Z         |                      ^
build	Build APK	2026-07-28T10:42:40.9196437Z   1 warning and 1 error generated.
build	Build APK	2026-07-28T10:42:40.9197024Z   [120/2054] Building CXX object CMakeFiles/tgvoip.dir/voip/libtgvoip/os/android/AudioInputAndroid.cpp.o
build	Build APK	2026-07-28T10:42:40.9197904Z   In file included from /home/runner/work/Yasuagram/Yasuagram/TMessagesProj/jni/voip/libtgvoip/os/android/AudioInputAndroid.cpp:7:
build	Build APK	2026-07-28T10:42:40.9199104Z   In file included from /home/runner/work/Yasuagram/Yasuagram/TMessagesProj/jni/voip/libtgvoip/os/android/AudioInputAndroid.h:11:
build	Build APK	2026-07-28T10:42:40.9200092Z   In file included from /home/runner/work/Yasuagram/Yasuagram/TMessagesProj/jni/voip/libtgvoip/os/android/../../audio/AudioInput.h:13:
build	Build APK	2026-07-28T10:42:40.9201273Z   In file included from /home/runner/work/Yasuagram/Yasuagram/TMessagesProj/jni/voip/libtgvoip/os/android/../../audio/../MediaStreamItf.h:14:
build	Build APK	2026-07-28T10:42:40.9202532Z   /home/runner/work/Yasuagram/Yasuagram/TMessagesProj/jni/voip/libtgvoip/os/android/../../audio/../threading.h:117:8: warning: private field 'maxPriority' is not used [-Wunused-private-field]
build	Build APK	2026-07-28T10:42:40.9203399Z     117 |                 bool maxPriority=false;
build	Build APK	2026-07-28T10:42:40.9203858Z         |                      ^
build	Build APK	2026-07-28T10:42:40.9204161Z   1 warning generated.
build	Build APK	2026-07-28T10:42:40.9204568Z   [121/2054] Building C object CMakeFiles/sqlite.dir/sqlite/sqlite3.c.o
build	Build APK	2026-07-28T10:42:40.9205170Z   [122/2054] Building CXX object CMakeFiles/tgvoip.dir/voip/libtgvoip/VoIPController.cpp.o
build	Build APK	2026-07-28T10:42:40.9206206Z   /home/runner/work/Yasuagram/Yasuagram/TMessagesProj/jni/voip/libtgvoip/VoIPController.cpp:422:15: warning: unqualified call to 'std::move' [-Wunqualified-std-cast-call]
build	Build APK	2026-07-28T10:42:40.9207077Z     422 |                         Buffer buf(move(s));
build	Build APK	2026-07-28T10:42:40.9207626Z         |                                    ^
build	Build APK	2026-07-28T10:42:40.9208039Z         |                                    std::
build	Build APK	2026-07-28T10:42:40.9208857Z   /home/runner/work/Yasuagram/Yasuagram/TMessagesProj/jni/voip/libtgvoip/VoIPController.cpp:974:13: warning: unqualified call to 'std::move' [-Wunqualified-std-cast-call]
build	Build APK	2026-07-28T10:42:40.9209752Z     974 |         Buffer buf(move(s));
build	Build APK	2026-07-28T10:42:40.9210105Z         |                    ^
build	Build APK	2026-07-28T10:42:40.9210418Z         |                    std::
build	Build APK	2026-07-28T10:42:40.9211463Z   /home/runner/work/Yasuagram/Yasuagram/TMessagesProj/jni/voip/libtgvoip/VoIPController.cpp:1053:28: warning: unqualified call to 'std::move' [-Wunqualified-std-cast-call]
build	Build APK	2026-07-28T10:42:40.9212338Z    1053 |                 ecAudioPackets.push_back(move(ecBuf));
build	Build APK	2026-07-28T10:42:40.9212815Z         |                                          ^
build	Build APK	2026-07-28T10:42:40.9213245Z         |                                          std::
build	Build APK	2026-07-28T10:42:40.9214091Z   /home/runner/work/Yasuagram/Yasuagram/TMessagesProj/jni/voip/libtgvoip/VoIPController.cpp:1069:21: warning: unqualified call to 'std::move' [-Wunqualified-std-cast-call]
build	Build APK	2026-07-28T10:42:40.9214956Z    1069 |                         /*.data=*/Buffer(move(pkt)),
build	Build APK	2026-07-28T10:42:40.9215393Z         |                                          ^
build	Build APK	2026-07-28T10:42:40.9215838Z         |                                          std::
build	Build APK	2026-07-28T10:42:40.9216645Z   /home/runner/work/Yasuagram/Yasuagram/TMessagesProj/jni/voip/libtgvoip/VoIPController.cpp:1075:22: warning: unqualified call to 'std::move' [-Wunqualified-std-cast-call]
build	Build APK	2026-07-28T10:42:40.9217552Z    1075 |         SendOrEnqueuePacket(move(p));
build	Build APK	2026-07-28T10:42:40.9217939Z         |                             ^
build	Build APK	2026-07-28T10:42:40.9218287Z         |                             std::
build	Build APK	2026-07-28T10:42:40.9219168Z   /home/runner/work/Yasuagram/Yasuagram/TMessagesProj/jni/voip/libtgvoip/VoIPController.cpp:1079:28: warning: unqualified call to 'std::move' [-Wunqualified-std-cast-call]
build	Build APK	2026-07-28T10:42:40.9220015Z    1079 |                 ecAudioPackets.push_back(move(ecBuf));
build	Build APK	2026-07-28T10:42:40.9220454Z         |                                          ^
build	Build APK	2026-07-28T10:42:40.9221108Z         |                                          std::
build	Build APK	2026-07-28T10:42:40.9221961Z   /home/runner/work/Yasuagram/Yasuagram/TMessagesProj/jni/voip/libtgvoip/VoIPController.cpp:1096:12: warning: unqualified call to 'std::move' [-Wunqualified-std-cast-call]
build	Build APK	2026-07-28T10:42:40.9222959Z    1096 |                                 Buffer(move(pkt)),
build	Build APK	2026-07-28T10:42:40.9223320Z         |                                        ^
build	Build APK	2026-07-28T10:42:40.9223684Z         |                                        std::
build	Build APK	2026-07-28T10:42:40.9224515Z   /home/runner/work/Yasuagram/Yasuagram/TMessagesProj/jni/voip/libtgvoip/VoIPController.cpp:1099:23: warning: unqualified call to 'std::move' [-Wunqualified-std-cast-call]
build	Build APK	2026-07-28T10:42:40.9225355Z    1099 |                 SendOrEnqueuePacket(move(p));
build	Build APK	2026-07-28T10:42:40.9225864Z         |                                     ^
build	Build APK	2026-07-28T10:42:40.9226294Z         |                                     std::
build	Build APK	2026-07-28T10:42:40.9227069Z   /home/runner/work/Yasuagram/Yasuagram/TMessagesProj/jni/voip/libtgvoip/VoIPController.cpp:1448:23: warning: unqualified call to 'std::move' [-Wunqualified-std-cast-call]
build	Build APK	2026-07-28T10:42:40.9227906Z    1448 |                                         /*.data=*/Buffer(move(out)),
build	Build APK	2026-07-28T10:42:40.9228415Z         |                                                          ^
build	Build APK	2026-07-28T10:42:40.9228833Z         |                                                          std::
build	Build APK	2026-07-28T10:42:40.9229822Z   /home/runner/work/Yasuagram/Yasuagram/TMessagesProj/jni/voip/libtgvoip/VoIPController.cpp:1691:25: warning: unqualified call to 'std::move' [-Wunqualified-std-cast-call]
build	Build APK	2026-07-28T10:42:40.9230978Z    1691 |                                 SendOrEnqueuePacket(move(*opkt), false);
build	Build APK	2026-07-28T10:42:40.9231580Z         |                                                     ^
build	Build APK	2026-07-28T10:42:40.9231962Z         |                                                     std::
build	Build APK	2026-07-28T10:42:40.9232703Z   /home/runner/work/Yasuagram/Yasuagram/TMessagesProj/jni/voip/libtgvoip/VoIPController.cpp:1756:17: warning: unqualified call to 'std::move' [-Wunqualified-std-cast-call]
build	Build APK	2026-07-28T10:42:40.9233547Z    1756 |                                                         Buffer b(move(o));
build	Build APK	2026-07-28T10:42:40.9234056Z         |                                                                  ^
build	Build APK	2026-07-28T10:42:40.9234492Z         |                                                                  std::
build	Build APK	2026-07-28T10:42:40.9235227Z   /home/runner/work/Yasuagram/Yasuagram/TMessagesProj/jni/voip/libtgvoip/VoIPController.cpp:1796:19: warning: unqualified call to 'std::move' [-Wunqualified-std-cast-call]
build	Build APK	2026-07-28T10:42:40.9236067Z    1796 |                                                         Buffer buf(move(pkt));
build	Build APK	2026-07-28T10:42:40.9236534Z         |                                                                    ^
build	Build APK	2026-07-28T10:42:40.9236934Z         |                                                                    std::
build	Build APK	2026-07-28T10:42:40.9237768Z   /home/runner/work/Yasuagram/Yasuagram/TMessagesProj/jni/voip/libtgvoip/VoIPController.cpp:1823:24: warning: variable length arrays in C++ are a Clang extension [-Wvla-cxx-extension]
build	Build APK	2026-07-28T10:42:40.9238631Z    1823 |                 unsigned char aesOut[MSC_STACK_FALLBACK(in.Remaining(), 1500)];
build	Build APK	2026-07-28T10:42:40.9239137Z         |                                      ^~~~~~~~~~~~~~~~~~~~~~~~~~~~~~~~~~~~~~~~
build	Build APK	2026-07-28T10:42:40.9239920Z   /home/runner/work/Yasuagram/Yasuagram/TMessagesProj/jni/voip/libtgvoip/PrivateDefines.h:119:34: note: expanded from macro 'MSC_STACK_FALLBACK'
build	Build APK	2026-07-28T10:42:40.9240613Z     119 | #define MSC_STACK_FALLBACK(a, b) (a)
build	Build APK	2026-07-28T10:42:40.9241227Z         |                                  ^~~
build	Build APK	2026-07-28T10:42:40.9242011Z   /home/runner/work/Yasuagram/Yasuagram/TMessagesProj/jni/voip/libtgvoip/VoIPController.cpp:1823:46: note: non-constexpr function 'Remaining' cannot be used in a constant expression
build	Build APK	2026-07-28T10:42:40.9242979Z    1823 |                 unsigned char aesOut[MSC_STACK_FALLBACK(in.Remaining(), 1500)];
build	Build APK	2026-07-28T10:42:40.9243471Z         |                                                            ^
build	Build APK	2026-07-28T10:42:40.9244099Z   /home/runner/work/Yasuagram/Yasuagram/TMessagesProj/jni/voip/libtgvoip/video/../Buffers.h:34:10: note: declared here
build	Build APK	2026-07-28T10:42:40.9244892Z      34 |                 size_t Remaining();
build	Build APK	2026-07-28T10:42:40.9245253Z         |                        ^
build	Build APK	2026-07-28T10:42:40.9246257Z   /home/runner/work/Yasuagram/Yasuagram/TMessagesProj/jni/voip/libtgvoip/VoIPController.cpp:2120:81: warning: format specifies type 'unsigned int' but the argument has type 'size_type' (aka 'unsigned long') [-Wformat]
build	Build APK	2026-07-28T10:42:40.9247702Z    2120 |                                                 LOGE("!!!!!!!!!!!!!!11 VIDEO FRAME LOSS DETECTED [1] %u of %u fragments", sentVideoFrames[0].unacknowledgedPackets.size(), sentVideoFrames[0].fragmentCount);
build	Build APK	2026-07-28T10:42:40.9248743Z         |                                                                                                      ~~                   ^~~~~~~~~~~~~~~~~~~~~~~~~~~~~~~~~~~~~~~~~~~~~~~
build	Build APK	2026-07-28T10:42:40.9249374Z         |                                                                                                      %zu
build	Build APK	2026-07-28T10:42:40.9250122Z   /home/runner/work/Yasuagram/Yasuagram/TMessagesProj/jni/voip/libtgvoip/logging.h:32:74: note: expanded from macro 'LOGE'
build	Build APK	2026-07-28T10:42:40.9256876Z      32 | #define LOGE(...) {__android_log_print(ANDROID_LOG_ERROR, TAG, _LOG_WRAP(__VA_ARGS__)); tgvoip_log_file_printf('E', __VA_ARGS__);}
build	Build APK	2026-07-28T10:42:40.9257580Z         |                                                                          ^~~~~~~~~~~
build	Build APK	2026-07-28T10:42:40.9258364Z   /home/runner/work/Yasuagram/Yasuagram/TMessagesProj/jni/voip/libtgvoip/logging.h:26:24: note: expanded from macro '_LOG_WRAP'
build	Build APK	2026-07-28T10:42:40.9259232Z      26 | #define _LOG_WRAP(...) __VA_ARGS__
build	Build APK	2026-07-28T10:42:40.9259632Z         |                        ^~~~~~~~~~~
build	Build APK	2026-07-28T10:42:40.9260617Z   /home/runner/work/Yasuagram/Yasuagram/TMessagesProj/jni/voip/libtgvoip/VoIPController.cpp:2129:80: warning: format specifies type 'unsigned int' but the argument has type 'size_type' (aka 'unsigned long') [-Wformat]
build	Build APK	2026-07-28T10:42:40.9262037Z    2129 |                                         LOGE("!!!!!!!!!!!!!!11 VIDEO FRAME LOSS DETECTED [2] %u of %u fragments", f->unacknowledgedPackets.size(), f->fragmentCount);
build	Build APK	2026-07-28T10:42:40.9262915Z         |                                                                                              ~~                   ^~~~~~~~~~~~~~~~~~~~~~~~~~~~~~~
build	Build APK	2026-07-28T10:42:40.9263536Z         |                                                                                              %zu
build	Build APK	2026-07-28T10:42:40.9264284Z   /home/runner/work/Yasuagram/Yasuagram/TMessagesProj/jni/voip/libtgvoip/logging.h:32:74: note: expanded from macro 'LOGE'
build	Build APK	2026-07-28T10:42:40.9265166Z      32 | #define LOGE(...) {__android_log_print(ANDROID_LOG_ERROR, TAG, _LOG_WRAP(__VA_ARGS__)); tgvoip_log_file_printf('E', __VA_ARGS__);}
build	Build APK	2026-07-28T10:42:40.9265880Z         |                                                                          ^~~~~~~~~~~
build	Build APK	2026-07-28T10:42:40.9266566Z   /home/runner/work/Yasuagram/Yasuagram/TMessagesProj/jni/voip/libtgvoip/logging.h:26:24: note: expanded from macro '_LOG_WRAP'
build	Build APK	2026-07-28T10:42:40.9267198Z      26 | #define _LOG_WRAP(...) __VA_ARGS__
build	Build APK	2026-07-28T10:42:40.9267633Z         |                        ^~~~~~~~~~~
build	Build APK	2026-07-28T10:42:40.9268464Z   /home/runner/work/Yasuagram/Yasuagram/TMessagesProj/jni/voip/libtgvoip/VoIPController.cpp:2273:22: warning: unqualified call to 'std::move' [-Wunqualified-std-cast-call]
build	Build APK	2026-07-28T10:42:40.9269378Z    2273 |                                 /*.data=*/Buffer(move(out)),
build	Build APK	2026-07-28T10:42:40.9269822Z         |                                                  ^
build	Build APK	2026-07-28T10:42:40.9270225Z         |                                                  std::
build	Build APK	2026-07-28T10:42:40.9271284Z   /home/runner/work/Yasuagram/Yasuagram/TMessagesProj/jni/voip/libtgvoip/VoIPController.cpp:2505:22: warning: unqualified call to 'std::move' [-Wunqualified-std-cast-call]
build	Build APK	2026-07-28T10:42:40.9272164Z    2505 |                                 /*.data=*/Buffer(move(pkt)),
build	Build APK	2026-07-28T10:42:40.9272797Z         |                                                  ^
build	Build APK	2026-07-28T10:42:40.9273273Z         |                                                  std::
build	Build APK	2026-07-28T10:42:40.9274112Z   /home/runner/work/Yasuagram/Yasuagram/TMessagesProj/jni/voip/libtgvoip/VoIPController.cpp:2646:39: warning: unqualified call to 'std::move' [-Wunqualified-std-cast-call]
build	Build APK	2026-07-28T10:42:40.9275018Z    2646 |                                         stm->codecSpecificData.push_back(move(csd));
build	Build APK	2026-07-28T10:42:40.9275520Z         |                                                                          ^
build	Build APK	2026-07-28T10:42:40.9276033Z         |                                                                          std::
build	Build APK	2026-07-28T10:42:40.9276929Z   /home/runner/work/Yasuagram/Yasuagram/TMessagesProj/jni/voip/libtgvoip/VoIPController.cpp:2784:27: warning: unqualified call to 'std::move' [-Wunqualified-std-cast-call]
build	Build APK	2026-07-28T10:42:40.9277800Z    2784 |                 sendQueue.push_back(move(pkt));
build	Build APK	2026-07-28T10:42:40.9278213Z         |                                     ^
build	Build APK	2026-07-28T10:42:40.9278635Z         |                                     std::
build	Build APK	2026-07-28T10:42:40.9279514Z   /home/runner/work/Yasuagram/Yasuagram/TMessagesProj/jni/voip/libtgvoip/VoIPController.cpp:2845:25: warning: variable length arrays in C++ are a Clang extension [-Wvla-cxx-extension]
build	Build APK	2026-07-28T10:42:40.9280483Z    2845 |                         unsigned char aesOut[MSC_STACK_FALLBACK(inner.GetLength(), 1500)];
build	Build APK	2026-07-28T10:42:40.9281373Z         |                                              ^~~~~~~~~~~~~~~~~~~~~~~~~~~~~~~~~~~~~~~~~~~
build	Build APK	2026-07-28T10:42:40.9282206Z   /home/runner/work/Yasuagram/Yasuagram/TMessagesProj/jni/voip/libtgvoip/PrivateDefines.h:119:34: note: expanded from macro 'MSC_STACK_FALLBACK'
build	Build APK	2026-07-28T10:42:40.9282982Z     119 | #define MSC_STACK_FALLBACK(a, b) (a)
build	Build APK	2026-07-28T10:42:40.9283393Z         |                                  ^~~
build	Build APK	2026-07-28T10:42:40.9284221Z   /home/runner/work/Yasuagram/Yasuagram/TMessagesProj/jni/voip/libtgvoip/VoIPController.cpp:2845:50: note: non-constexpr function 'GetLength' cannot be used in a constant expression
build	Build APK	2026-07-28T10:42:40.9285213Z    2845 |                         unsigned char aesOut[MSC_STACK_FALLBACK(inner.GetLength(), 1500)];
build	Build APK	2026-07-28T10:42:40.9285787Z         |                                                                       ^
build	Build APK	2026-07-28T10:42:40.9286496Z   /home/runner/work/Yasuagram/Yasuagram/TMessagesProj/jni/voip/libtgvoip/video/../Buffers.h:66:10: note: declared here
build	Build APK	2026-07-28T10:42:40.9287144Z      66 |                 size_t GetLength();
build	Build APK	2026-07-28T10:42:40.9287588Z         |                        ^
build	Build APK	2026-07-28T10:42:40.9288416Z   /home/runner/work/Yasuagram/Yasuagram/TMessagesProj/jni/voip/libtgvoip/VoIPController.cpp:2864:25: warning: variable length arrays in C++ are a Clang extension [-Wvla-cxx-extension]
build	Build APK	2026-07-28T10:42:40.9289394Z    2864 |                         unsigned char aesOut[MSC_STACK_FALLBACK(inner.GetLength(), 1500)];
build	Build APK	2026-07-28T10:42:40.9289999Z         |                                              ^~~~~~~~~~~~~~~~~~~~~~~~~~~~~~~~~~~~~~~~~~~
build	Build APK	2026-07-28T10:42:40.9290872Z   /home/runner/work/Yasuagram/Yasuagram/TMessagesProj/jni/voip/libtgvoip/PrivateDefines.h:119:34: note: expanded from macro 'MSC_STACK_FALLBACK'
build	Build APK	2026-07-28T10:42:40.9291708Z     119 | #define MSC_STACK_FALLBACK(a, b) (a)
build	Build APK	2026-07-28T10:42:40.9292062Z         |                                  ^~~
build	Build APK	2026-07-28T10:42:40.9292786Z   /home/runner/work/Yasuagram/Yasuagram/TMessagesProj/jni/voip/libtgvoip/VoIPController.cpp:2864:50: note: non-constexpr function 'GetLength' cannot be used in a constant expression
build	Build APK	2026-07-28T10:42:40.9293735Z    2864 |                         unsigned char aesOut[MSC_STACK_FALLBACK(inner.GetLength(), 1500)];
build	Build APK	2026-07-28T10:42:40.9294227Z         |                                                                       ^
build	Build APK	2026-07-28T10:42:40.9294867Z   /home/runner/work/Yasuagram/Yasuagram/TMessagesProj/jni/voip/libtgvoip/video/../Buffers.h:66:10: note: declared here
build	Build APK	2026-07-28T10:42:40.9295640Z      66 |                 size_t GetLength();
build	Build APK	2026-07-28T10:42:40.9296001Z         |                        ^
build	Build APK	2026-07-28T10:42:40.9296769Z   /home/runner/work/Yasuagram/Yasuagram/TMessagesProj/jni/voip/libtgvoip/VoIPController.cpp:3147:12: warning: unqualified call to 'std::move' [-Wunqualified-std-cast-call]
build	Build APK	2026-07-28T10:42:40.9297556Z    3147 |                 pkt.data=move(b);
build	Build APK	2026-07-28T10:42:40.9297920Z         |                          ^
build	Build APK	2026-07-28T10:42:40.9298279Z         |                          std::
build	Build APK	2026-07-28T10:42:40.9299066Z   /home/runner/work/Yasuagram/Yasuagram/TMessagesProj/jni/voip/libtgvoip/VoIPController.cpp:3156:27: warning: unqualified call to 'std::move' [-Wunqualified-std-cast-call]
build	Build APK	2026-07-28T10:42:40.9299901Z    3156 |                 queuedPackets.push_back(move(pkt));
build	Build APK	2026-07-28T10:42:40.9300277Z         |                                         ^
build	Build APK	2026-07-28T10:42:40.9300885Z         |                                         std::
build	Build APK	2026-07-28T10:42:40.9301723Z   /home/runner/work/Yasuagram/Yasuagram/TMessagesProj/jni/voip/libtgvoip/VoIPController.cpp:3170:12: warning: unqualified call to 'std::move' [-Wunqualified-std-cast-call]
build	Build APK	2026-07-28T10:42:40.9302604Z    3170 |                         x->data=move(data);
build	Build APK	2026-07-28T10:42:40.9302994Z         |                                 ^
build	Build APK	2026-07-28T10:42:40.9303347Z         |                                 std::
build	Build APK	2026-07-28T10:42:40.9304193Z   /home/runner/work/Yasuagram/Yasuagram/TMessagesProj/jni/voip/libtgvoip/VoIPController.cpp:3174:36: warning: unqualified call to 'std::move' [-Wunqualified-std-cast-call]
build	Build APK	2026-07-28T10:42:40.9305195Z    3174 |         UnacknowledgedExtraData xd={type, move(data), 0};
build	Build APK	2026-07-28T10:42:40.9305687Z         |                                           ^
build	Build APK	2026-07-28T10:42:40.9306086Z         |                                           std::
build	Build APK	2026-07-28T10:42:40.9307021Z   /home/runner/work/Yasuagram/Yasuagram/TMessagesProj/jni/voip/libtgvoip/VoIPController.cpp:3175:26: warning: unqualified call to 'std::move' [-Wunqualified-std-cast-call]
build	Build APK	2026-07-28T10:42:40.9307868Z    3175 |         currentExtras.push_back(move(xd));
build	Build APK	2026-07-28T10:42:40.9308244Z         |                                 ^
build	Build APK	2026-07-28T10:42:40.9308688Z         |                                 std::
build	Build APK	2026-07-28T10:42:40.9309550Z   /home/runner/work/Yasuagram/Yasuagram/TMessagesProj/jni/voip/libtgvoip/VoIPController.cpp:3444:23: warning: unqualified call to 'std::move' [-Wunqualified-std-cast-call]
build	Build APK	2026-07-28T10:42:40.9310519Z    3444 |                                         /*.data=*/Buffer(move(pkt)),
build	Build APK	2026-07-28T10:42:40.9311199Z         |                                                          ^
build	Build APK	2026-07-28T10:42:40.9311618Z         |                                                          std::
build	Build APK	2026-07-28T10:42:40.9312425Z   /home/runner/work/Yasuagram/Yasuagram/TMessagesProj/jni/voip/libtgvoip/VoIPController.cpp:3448:24: warning: unqualified call to 'std::move' [-Wunqualified-std-cast-call]
build	Build APK	2026-07-28T10:42:40.9313209Z    3448 |                         SendOrEnqueuePacket(move(p));
build	Build APK	2026-07-28T10:42:40.9313638Z         |                                             ^
build	Build APK	2026-07-28T10:42:40.9314031Z         |                                             std::
build	Build APK	2026-07-28T10:42:40.9314893Z   /home/runner/work/Yasuagram/Yasuagram/TMessagesProj/jni/voip/libtgvoip/VoIPController.cpp:3470:13: warning: unqualified call to 'std::move' [-Wunqualified-std-cast-call]
build	Build APK	2026-07-28T10:42:40.9315681Z    3470 |         Buffer buf(move(os));
build	Build APK	2026-07-28T10:42:40.9316085Z         |                    ^
build	Build APK	2026-07-28T10:42:40.9316410Z         |                    std::
build	Build APK	2026-07-28T10:42:40.9317176Z   /home/runner/work/Yasuagram/Yasuagram/TMessagesProj/jni/voip/libtgvoip/VoIPController.cpp:3492:36: warning: unqualified call to 'std::move' [-Wunqualified-std-cast-call]
build	Build APK	2026-07-28T10:42:40.9318056Z    3492 |                         videoRenderer->DecodeAndDisplay(move(frame), pts);
build	Build APK	2026-07-28T10:42:40.9318477Z         |                                                         ^
build	Build APK	2026-07-28T10:42:40.9319071Z         |                                                         std::
build	Build APK	2026-07-28T10:42:40.9319861Z   /home/runner/work/Yasuagram/Yasuagram/TMessagesProj/jni/voip/libtgvoip/VoIPController.cpp:3796:18: warning: unqualified call to 'std::move' [-Wunqualified-std-cast-call]
build	Build APK	2026-07-28T10:42:40.9320684Z    3796 |                                                 Buffer buf(move(s));
build	Build APK	2026-07-28T10:42:40.9321300Z         |                                                            ^
build	Build APK	2026-07-28T10:42:40.9321719Z         |                                                            std::
build	Build APK	2026-07-28T10:42:40.9322559Z   /home/runner/work/Yasuagram/Yasuagram/TMessagesProj/jni/voip/libtgvoip/VoIPController.cpp:3875:17: warning: unqualified call to 'std::move' [-Wunqualified-std-cast-call]
build	Build APK	2026-07-28T10:42:40.9323410Z    3875 |                                                 /*.data=*/move(buf),
build	Build APK	2026-07-28T10:42:40.9323793Z         |                                                           ^
build	Build APK	2026-07-28T10:42:40.9324344Z         |                                                           std::
build	Build APK	2026-07-28T10:42:40.9325121Z   /home/runner/work/Yasuagram/Yasuagram/TMessagesProj/jni/voip/libtgvoip/VoIPController.cpp:3883:23: warning: unqualified call to 'std::move' [-Wunqualified-std-cast-call]
build	Build APK	2026-07-28T10:42:40.9325960Z    3883 |                 SendOrEnqueuePacket(move(pkt));
build	Build APK	2026-07-28T10:42:40.9326349Z         |                                     ^
build	Build APK	2026-07-28T10:42:40.9326914Z         |                                     std::
build	Build APK	2026-07-28T10:42:40.9327531Z   In file included from /home/runner/work/Yasuagram/Yasuagram/TMessagesProj/jni/voip/libtgvoip/VoIPController.cpp:14:
build	Build APK	2026-07-28T10:42:40.9328311Z   In file included from /home/runner/work/Yasuagram/Yasuagram/TMessagesProj/jni/voip/libtgvoip/VoIPController.h:24:
build	Build APK	2026-07-28T10:42:40.9329208Z   In file included from /home/runner/work/Yasuagram/Yasuagram/TMessagesProj/jni/voip/libtgvoip/video/VideoSource.h:12:
build	Build APK	2026-07-28T10:42:40.9329968Z   In file included from /home/runner/work/Yasuagram/Yasuagram/TMessagesProj/jni/voip/libtgvoip/video/../Buffers.h:19:
build	Build APK	2026-07-28T10:42:40.9331231Z   /home/runner/work/Yasuagram/Yasuagram/TMessagesProj/jni/voip/libtgvoip/video/../threading.h:117:8: warning: private field 'maxPriority' is not used [-Wunused-private-field]
build	Build APK	2026-07-28T10:42:40.9331992Z     117 |                 bool maxPriority=false;
build	Build APK	2026-07-28T10:42:40.9332331Z         |                      ^
build	Build APK	2026-07-28T10:42:40.9332656Z   34 warnings generated.
build	Build APK	2026-07-28T10:42:40.9332979Z   ninja: build stopped: subcommand failed.
build	Build APK	2026-07-28T10:42:40.9333342Z   
build	Build APK	2026-07-28T10:42:40.9333646Z   C++ build system [build] failed while executing:
build	Build APK	2026-07-28T10:42:40.9334097Z       /usr/local/lib/android/sdk/cmake/3.22.1/bin/ninja \
build	Build APK	2026-07-28T10:42:40.9334447Z         -C \
build	Build APK	2026-07-28T10:42:40.9334847Z         /home/runner/work/Yasuagram/Yasuagram/TMessagesProj/.cxx/Debug/59344w51/arm64-v8a \
build	Build APK	2026-07-28T10:42:40.9335416Z         tmessages.49
build	Build APK	2026-07-28T10:42:40.9335772Z     from /home/runner/work/Yasuagram/Yasuagram/TMessagesProj
build	Build APK	2026-07-28T10:42:40.9336068Z 
build	Build APK	2026-07-28T10:42:40.9336187Z * Try:
build	Build APK	2026-07-28T10:42:40.9336544Z > Run with --stacktrace option to get the stack trace.
build	Build APK	2026-07-28T10:42:40.9336979Z > Run with --info or --debug option to get more log output.
build	Build APK	2026-07-28T10:42:40.9337407Z > Run with --scan to get full insights.
build	Build APK	2026-07-28T10:42:40.9337808Z > Get more help at https://help.gradle.org.
build	Build APK	2026-07-28T10:42:40.9338092Z 
build	Build APK	2026-07-28T10:42:40.9338246Z BUILD FAILED in 1m
build	Build APK	2026-07-28T10:42:40.9338544Z C/C++:       |                    std::
build	Build APK	2026-07-28T10:42:40.9339337Z C/C++: /home/runner/work/Yasuagram/Yasuagram/TMessagesProj/jni/voip/libtgvoip/VoIPController.cpp:1053:28: warning: unqualified call to 'std::move' [-Wunqualified-std-cast-call]
build	Build APK	2026-07-28T10:42:40.9340268Z C/C++:  1053 |                 ecAudioPackets.push_back(move(ecBuf));
build	Build APK	2026-07-28T10:42:40.9340862Z C/C++:       |                                          ^
build	Build APK	2026-07-28T10:42:40.9341479Z C/C++:       |                                          std::
build	Build APK	2026-07-28T10:42:40.9342314Z C/C++: /home/runner/work/Yasuagram/Yasuagram/TMessagesProj/jni/voip/libtgvoip/VoIPController.cpp:1069:21: warning: unqualified call to 'std::move' [-Wunqualified-std-cast-call]
build	Build APK	2026-07-28T10:42:40.9343176Z C/C++:  1069 |                         /*.data=*/Buffer(move(pkt)),
build	Build APK	2026-07-28T10:42:40.9343533Z C/C++:       |                                          ^
build	Build APK	2026-07-28T10:42:40.9343868Z C/C++:       |                                          std::
build	Build APK	2026-07-28T10:42:40.9344461Z C/C++: /home/runner/work/Yasuagram/Yasuagram/TMessagesProj/jni/voip/libtgvoip/VoIPController.cpp:1075:22: warning: unqualified call to 'std::move' [-Wunqualified-std-cast-call]
build	Build APK	2026-07-28T10:42:40.9345061Z C/C++:  1075 |         SendOrEnqueuePacket(move(p));
build	Build APK	2026-07-28T10:42:40.9345397Z C/C++:       |                             ^
build	Build APK	2026-07-28T10:42:40.9345668Z C/C++:       |                             std::
build	Build APK	2026-07-28T10:42:40.9346236Z C/C++: /home/runner/work/Yasuagram/Yasuagram/TMessagesProj/jni/voip/libtgvoip/VoIPController.cpp:1079:28: warning: unqualified call to 'std::move' [-Wunqualified-std-cast-call]
build	Build APK	2026-07-28T10:42:40.9346881Z C/C++:  1079 |                 ecAudioPackets.push_back(move(ecBuf));
build	Build APK	2026-07-28T10:42:40.9347194Z C/C++:       |                                          ^
build	Build APK	2026-07-28T10:42:40.9347542Z C/C++:       |                                          std::
build	Build APK	2026-07-28T10:42:40.9348211Z C/C++: /home/runner/work/Yasuagram/Yasuagram/TMessagesProj/jni/voip/libtgvoip/VoIPController.cpp:1096:12: warning: unqualified call to 'std::move' [-Wunqualified-std-cast-call]
build	Build APK	2026-07-28T10:42:40.9348812Z C/C++:  1096 |                                 Buffer(move(pkt)),
build	Build APK	2026-07-28T10:42:40.9349114Z C/C++:       |                                        ^
build	Build APK	2026-07-28T10:42:40.9349451Z C/C++:       |                                        std::
build	Build APK	2026-07-28T10:42:40.9350031Z C/C++: /home/runner/work/Yasuagram/Yasuagram/TMessagesProj/jni/voip/libtgvoip/VoIPController.cpp:1099:23: warning: unqualified call to 'std::move' [-Wunqualified-std-cast-call]
build	Build APK	2026-07-28T10:42:40.9350634Z C/C++:  1099 |                 SendOrEnqueuePacket(move(p));
build	Build APK	2026-07-28T10:42:40.9351317Z C/C++:       |                                     ^
build	Build APK	2026-07-28T10:42:40.9351751Z C/C++:       |                                     std::
build	Build APK	2026-07-28T10:42:40.9352641Z C/C++: /home/runner/work/Yasuagram/Yasuagram/TMessagesProj/jni/voip/libtgvoip/VoIPController.cpp:1448:23: warning: unqualified call to 'std::move' [-Wunqualified-std-cast-call]
build	Build APK	2026-07-28T10:42:40.9353602Z C/C++:  1448 |                                         /*.data=*/Buffer(move(out)),
build	Build APK	2026-07-28T10:42:40.9354064Z C/C++:       |                                                          ^
build	Build APK	2026-07-28T10:42:40.9354569Z C/C++:       |                                                          std::
build	Build APK	2026-07-28T10:42:40.9355504Z C/C++: /home/runner/work/Yasuagram/Yasuagram/TMessagesProj/jni/voip/libtgvoip/VoIPController.cpp:1691:25: warning: unqualified call to 'std::move' [-Wunqualified-std-cast-call]
build	Build APK	2026-07-28T10:42:40.9356488Z C/C++:  1691 |                                 SendOrEnqueuePacket(move(*opkt), false);
build	Build APK	2026-07-28T10:42:40.9357012Z C/C++:       |                                                     ^
build	Build APK	2026-07-28T10:42:40.9357453Z C/C++:       |                                                     std::
build	Build APK	2026-07-28T10:42:40.9358363Z C/C++: /home/runner/work/Yasuagram/Yasuagram/TMessagesProj/jni/voip/libtgvoip/VoIPController.cpp:1756:17: warning: unqualified call to 'std::move' [-Wunqualified-std-cast-call]
build	Build APK	2026-07-28T10:42:40.9359323Z C/C++:  1756 |                                                         Buffer b(move(o));
build	Build APK	2026-07-28T10:42:40.9359845Z C/C++:       |                                                                  ^
build	Build APK	2026-07-28T10:42:40.9360307Z C/C++:       |                                                                  std::
build	Build APK	2026-07-28T10:42:40.9361443Z C/C++: /home/runner/work/Yasuagram/Yasuagram/TMessagesProj/jni/voip/libtgvoip/VoIPController.cpp:1796:19: warning: unqualified call to 'std::move' [-Wunqualified-std-cast-call]
build	Build APK	2026-07-28T10:42:40.9362561Z C/C++:  1796 |                                                         Buffer buf(move(pkt));
build	Build APK	2026-07-28T10:42:40.9363041Z C/C++:       |                                                                    ^
build	Build APK	2026-07-28T10:42:40.9363578Z C/C++:       |                                                                    std::
build	Build APK	2026-07-28T10:42:40.9364543Z C/C++: /home/runner/work/Yasuagram/Yasuagram/TMessagesProj/jni/voip/libtgvoip/VoIPController.cpp:1823:24: warning: variable length arrays in C++ are a Clang extension [-Wvla-cxx-extension]
build	Build APK	2026-07-28T10:42:40.9365601Z C/C++:  1823 |                 unsigned char aesOut[MSC_STACK_FALLBACK(in.Remaining(), 1500)];
build	Build APK	2026-07-28T10:42:40.9366221Z C/C++:       |                                      ^~~~~~~~~~~~~~~~~~~~~~~~~~~~~~~~~~~~~~~~
build	Build APK	2026-07-28T10:42:40.9367049Z C/C++: /home/runner/work/Yasuagram/Yasuagram/TMessagesProj/jni/voip/libtgvoip/PrivateDefines.h:119:34: note: expanded from macro 'MSC_STACK_FALLBACK'
build	Build APK	2026-07-28T10:42:40.9367850Z C/C++:   119 | #define MSC_STACK_FALLBACK(a, b) (a)
build	Build APK	2026-07-28T10:42:40.9368232Z C/C++:       |                                  ^~~
build	Build APK	2026-07-28T10:42:40.9369161Z C/C++: /home/runner/work/Yasuagram/Yasuagram/TMessagesProj/jni/voip/libtgvoip/VoIPController.cpp:1823:46: note: non-constexpr function 'Remaining' cannot be used in a constant expression
build	Build APK	2026-07-28T10:42:40.9370290Z C/C++:  1823 |                 unsigned char aesOut[MSC_STACK_FALLBACK(in.Remaining(), 1500)];
build	Build APK	2026-07-28T10:42:40.9370980Z C/C++:       |                                                            ^
build	Build APK	2026-07-28T10:42:40.9371687Z C/C++: /home/runner/work/Yasuagram/Yasuagram/TMessagesProj/jni/voip/libtgvoip/video/../Buffers.h:34:10: note: declared here
build	Build APK	2026-07-28T10:42:40.9372443Z C/C++:    34 |                 size_t Remaining();
build	Build APK	2026-07-28T10:42:40.9372806Z C/C++:       |                        ^
build	Build APK	2026-07-28T10:42:40.9373746Z C/C++: /home/runner/work/Yasuagram/Yasuagram/TMessagesProj/jni/voip/libtgvoip/VoIPController.cpp:2120:81: warning: format specifies type 'unsigned int' but the argument has type 'size_type' (aka 'unsigned long') [-Wformat]
build	Build APK	2026-07-28T10:42:40.9375223Z C/C++:  2120 |                                                 LOGE("!!!!!!!!!!!!!!11 VIDEO FRAME LOSS DETECTED [1] %u of %u fragments", sentVideoFrames[0].unacknowledgedPackets.size(), sentVideoFrames[0].fragmentCount);
build	Build APK	2026-07-28T10:42:40.9376202Z C/C++:       |                                                                                                      ~~                   ^~~~~~~~~~~~~~~~~~~~~~~~~~~~~~~~~~~~~~~~~~~~~~~
build	Build APK	2026-07-28T10:42:40.9377054Z C/C++:       |                                                                                                      %zu
build	Build APK	2026-07-28T10:42:40.9377891Z C/C++: /home/runner/work/Yasuagram/Yasuagram/TMessagesProj/jni/voip/libtgvoip/logging.h:32:74: note: expanded from macro 'LOGE'
build	Build APK	2026-07-28T10:42:40.9378861Z C/C++:    32 | #define LOGE(...) {__android_log_print(ANDROID_LOG_ERROR, TAG, _LOG_WRAP(__VA_ARGS__)); tgvoip_log_file_printf('E', __VA_ARGS__);}
build	Build APK	2026-07-28T10:42:40.9379699Z C/C++:       |                                                                          ^~~~~~~~~~~
build	Build APK	2026-07-28T10:42:40.9380417Z C/C++: /home/runner/work/Yasuagram/Yasuagram/TMessagesProj/jni/voip/libtgvoip/logging.h:26:24: note: expanded from macro '_LOG_WRAP'
build	Build APK	2026-07-28T10:42:40.9381262Z C/C++:    26 | #define _LOG_WRAP(...) __VA_ARGS__
build	Build APK	2026-07-28T10:42:40.9381707Z C/C++:       |                        ^~~~~~~~~~~
build	Build APK	2026-07-28T10:42:40.9382586Z C/C++: /home/runner/work/Yasuagram/Yasuagram/TMessagesProj/jni/voip/libtgvoip/VoIPController.cpp:2129:80: warning: format specifies type 'unsigned int' but the argument has type 'size_type' (aka 'unsigned long') [-Wformat]
build	Build APK	2026-07-28T10:42:40.9383858Z C/C++:  2129 |                                         LOGE("!!!!!!!!!!!!!!11 VIDEO FRAME LOSS DETECTED [2] %u of %u fragments", f->unacknowledgedPackets.size(), f->fragmentCount);
build	Build APK	2026-07-28T10:42:40.9384860Z C/C++:       |                                                                                              ~~                   ^~~~~~~~~~~~~~~~~~~~~~~~~~~~~~~
build	Build APK	2026-07-28T10:42:40.9385472Z C/C++:       |                                                                                              %zu
build	Build APK	2026-07-28T10:42:40.9386249Z C/C++: /home/runner/work/Yasuagram/Yasuagram/TMessagesProj/jni/voip/libtgvoip/logging.h:32:74: note: expanded from macro 'LOGE'
build	Build APK	2026-07-28T10:42:40.9387260Z C/C++:    32 | #define LOGE(...) {__android_log_print(ANDROID_LOG_ERROR, TAG, _LOG_WRAP(__VA_ARGS__)); tgvoip_log_file_printf('E', __VA_ARGS__);}
build	Build APK	2026-07-28T10:42:40.9387956Z C/C++:       |                                                                          ^~~~~~~~~~~
build	Build APK	2026-07-28T10:42:40.9388773Z C/C++: /home/runner/work/Yasuagram/Yasuagram/TMessagesProj/jni/voip/libtgvoip/logging.h:26:24: note: expanded from macro '_LOG_WRAP'
build	Build APK	2026-07-28T10:42:40.9389541Z C/C++:    26 | #define _LOG_WRAP(...) __VA_ARGS__
build	Build APK	2026-07-28T10:42:40.9389944Z C/C++:       |                        ^~~~~~~~~~~
build	Build APK	2026-07-28T10:42:40.9391058Z C/C++: /home/runner/work/Yasuagram/Yasuagram/TMessagesProj/jni/voip/libtgvoip/VoIPController.cpp:2273:22: warning: unqualified call to 'std::move' [-Wunqualified-std-cast-call]
build	Build APK	2026-07-28T10:42:40.9391835Z C/C++:  2273 |                                 /*.data=*/Buffer(move(out)),
build	Build APK	2026-07-28T10:42:40.9392214Z C/C++:       |                                                  ^
build	Build APK	2026-07-28T10:42:40.9392693Z C/C++:       |                                                  std::
build	Build APK	2026-07-28T10:42:40.9393268Z C/C++: /home/runner/work/Yasuagram/Yasuagram/TMessagesProj/jni/voip/libtgvoip/VoIPController.cpp:2505:22: warning: unqualified call to 'std::move' [-Wunqualified-std-cast-call]
build	Build APK	2026-07-28T10:42:40.9393893Z C/C++:  2505 |                                 /*.data=*/Buffer(move(pkt)),
build	Build APK	2026-07-28T10:42:40.9394256Z C/C++:       |                                                  ^
build	Build APK	2026-07-28T10:42:40.9394564Z C/C++:       |                                                  std::
build	Build APK	2026-07-28T10:42:40.9395141Z C/C++: /home/runner/work/Yasuagram/Yasuagram/TMessagesProj/jni/voip/libtgvoip/VoIPController.cpp:2646:39: warning: unqualified call to 'std::move' [-Wunqualified-std-cast-call]
build	Build APK	2026-07-28T10:42:40.9395811Z C/C++:  2646 |                                         stm->codecSpecificData.push_back(move(csd));
build	Build APK	2026-07-28T10:42:40.9396199Z C/C++:       |                                                                          ^
build	Build APK	2026-07-28T10:42:40.9396528Z C/C++:       |                                                                          std::
build	Build APK	2026-07-28T10:42:40.9397168Z C/C++: /home/runner/work/Yasuagram/Yasuagram/TMessagesProj/jni/voip/libtgvoip/VoIPController.cpp:2784:27: warning: unqualified call to 'std::move' [-Wunqualified-std-cast-call]
build	Build APK	2026-07-28T10:42:40.9397760Z C/C++:  2784 |                 sendQueue.push_back(move(pkt));
build	Build APK	2026-07-28T10:42:40.9398093Z C/C++:       |                                     ^
build	Build APK	2026-07-28T10:42:40.9398384Z C/C++:       |                                     std::
build	Build APK	2026-07-28T10:42:40.9398973Z C/C++: /home/runner/work/Yasuagram/Yasuagram/TMessagesProj/jni/voip/libtgvoip/VoIPController.cpp:2845:25: warning: variable length arrays in C++ are a Clang extension [-Wvla-cxx-extension]
build	Build APK	2026-07-28T10:42:40.9399694Z C/C++:  2845 |                         unsigned char aesOut[MSC_STACK_FALLBACK(inner.GetLength(), 1500)];
build	Build APK	2026-07-28T10:42:40.9400095Z C/C++:       |                                              ^~~~~~~~~~~~~~~~~~~~~~~~~~~~~~~~~~~~~~~~~~~
build	Build APK	2026-07-28T10:42:40.9400655Z C/C++: /home/runner/work/Yasuagram/Yasuagram/TMessagesProj/jni/voip/libtgvoip/PrivateDefines.h:119:34: note: expanded from macro 'MSC_STACK_FALLBACK'
build	Build APK	2026-07-28T10:42:40.9401369Z C/C++:   119 | #define MSC_STACK_FALLBACK(a, b) (a)
build	Build APK	2026-07-28T10:42:40.9401665Z C/C++:       |                                  ^~~
build	Build APK	2026-07-28T10:42:40.9402251Z C/C++: /home/runner/work/Yasuagram/Yasuagram/TMessagesProj/jni/voip/libtgvoip/VoIPController.cpp:2845:50: note: non-constexpr function 'GetLength' cannot be used in a constant expression
build	Build APK	2026-07-28T10:42:40.9403001Z C/C++:  2845 |                         unsigned char aesOut[MSC_STACK_FALLBACK(inner.GetLength(), 1500)];
build	Build APK	2026-07-28T10:42:40.9403412Z C/C++:       |                                                                       ^
build	Build APK	2026-07-28T10:42:40.9403888Z C/C++: /home/runner/work/Yasuagram/Yasuagram/TMessagesProj/jni/voip/libtgvoip/video/../Buffers.h:66:10: note: declared here
build	Build APK	2026-07-28T10:42:40.9404384Z C/C++:    66 |                 size_t GetLength();
build	Build APK	2026-07-28T10:42:40.9404650Z C/C++:       |                        ^
build	Build APK	2026-07-28T10:42:40.9405212Z C/C++: /home/runner/work/Yasuagram/Yasuagram/TMessagesProj/jni/voip/libtgvoip/VoIPController.cpp:2864:25: warning: variable length arrays in C++ are a Clang extension [-Wvla-cxx-extension]
build	Build APK	2026-07-28T10:42:40.9405946Z C/C++:  2864 |                         unsigned char aesOut[MSC_STACK_FALLBACK(inner.GetLength(), 1500)];
build	Build APK	2026-07-28T10:42:40.9406342Z C/C++:       |                                              ^~~~~~~~~~~~~~~~~~~~~~~~~~~~~~~~~~~~~~~~~~~
build	Build APK	2026-07-28T10:42:40.9406891Z C/C++: /home/runner/work/Yasuagram/Yasuagram/TMessagesProj/jni/voip/libtgvoip/PrivateDefines.h:119:34: note: expanded from macro 'MSC_STACK_FALLBACK'
build	Build APK	2026-07-28T10:42:40.9407433Z C/C++:   119 | #define MSC_STACK_FALLBACK(a, b) (a)
build	Build APK	2026-07-28T10:42:40.9407726Z C/C++:       |                                  ^~~
build	Build APK	2026-07-28T10:42:40.9408372Z C/C++: /home/runner/work/Yasuagram/Yasuagram/TMessagesProj/jni/voip/libtgvoip/VoIPController.cpp:2864:50: note: non-constexpr function 'GetLength' cannot be used in a constant expression
build	Build APK	2026-07-28T10:42:40.9409054Z C/C++:  2864 |                         unsigned char aesOut[MSC_STACK_FALLBACK(inner.GetLength(), 1500)];
build	Build APK	2026-07-28T10:42:40.9409456Z C/C++:       |                                                                       ^
build	Build APK	2026-07-28T10:42:40.9409980Z C/C++: /home/runner/work/Yasuagram/Yasuagram/TMessagesProj/jni/voip/libtgvoip/video/../Buffers.h:66:10: note: declared here
build	Build APK	2026-07-28T10:42:40.9410499Z C/C++:    66 |                 size_t GetLength();
build	Build APK	2026-07-28T10:42:40.9410897Z C/C++:       |                        ^
build	Build APK	2026-07-28T10:42:40.9411511Z C/C++: /home/runner/work/Yasuagram/Yasuagram/TMessagesProj/jni/voip/libtgvoip/VoIPController.cpp:3147:12: warning: unqualified call to 'std::move' [-Wunqualified-std-cast-call]
build	Build APK	2026-07-28T10:42:40.9412120Z C/C++:  3147 |                 pkt.data=move(b);
build	Build APK	2026-07-28T10:42:40.9412432Z C/C++:       |                          ^
build	Build APK	2026-07-28T10:42:40.9412753Z C/C++:       |                          std::
build	Build APK	2026-07-28T10:42:40.9413342Z C/C++: /home/runner/work/Yasuagram/Yasuagram/TMessagesProj/jni/voip/libtgvoip/VoIPController.cpp:3156:27: warning: unqualified call to 'std::move' [-Wunqualified-std-cast-call]
build	Build APK	2026-07-28T10:42:40.9413963Z C/C++:  3156 |                 queuedPackets.push_back(move(pkt));
build	Build APK	2026-07-28T10:42:40.9414356Z C/C++:       |                                         ^
build	Build APK	2026-07-28T10:42:40.9414642Z C/C++:       |                                         std::
build	Build APK	2026-07-28T10:42:40.9415265Z C/C++: /home/runner/work/Yasuagram/Yasuagram/TMessagesProj/jni/voip/libtgvoip/VoIPController.cpp:3170:12: warning: unqualified call to 'std::move' [-Wunqualified-std-cast-call]
build	Build APK	2026-07-28T10:42:40.9415903Z C/C++:  3170 |                         x->data=move(data);
build	Build APK	2026-07-28T10:42:40.9416219Z C/C++:       |                                 ^
build	Build APK	2026-07-28T10:42:40.9416528Z C/C++:       |                                 std::
build	Build APK	2026-07-28T10:42:40.9417150Z C/C++: /home/runner/work/Yasuagram/Yasuagram/TMessagesProj/jni/voip/libtgvoip/VoIPController.cpp:3174:36: warning: unqualified call to 'std::move' [-Wunqualified-std-cast-call]
build	Build APK	2026-07-28T10:42:40.9417785Z C/C++:  3174 |         UnacknowledgedExtraData xd={type, move(data), 0};
build	Build APK	2026-07-28T10:42:40.9418126Z C/C++:       |                                           ^
build	Build APK	2026-07-28T10:42:40.9418555Z C/C++:       |                                           std::
build	Build APK	2026-07-28T10:42:40.9419138Z C/C++: /home/runner/work/Yasuagram/Yasuagram/TMessagesProj/jni/voip/libtgvoip/VoIPController.cpp:3175:26: warning: unqualified call to 'std::move' [-Wunqualified-std-cast-call]
build	Build APK	2026-07-28T10:42:40.9419788Z C/C++:  3175 |         currentExtras.push_back(move(xd));
build	Build APK	2026-07-28T10:42:40.9420141Z C/C++:       |                                 ^
build	Build APK	2026-07-28T10:42:40.9420419Z C/C++:       |                                 std::
build	Build APK	2026-07-28T10:42:40.9421143Z C/C++: /home/runner/work/Yasuagram/Yasuagram/TMessagesProj/jni/voip/libtgvoip/VoIPController.cpp:3444:23: warning: unqualified call to 'std::move' [-Wunqualified-std-cast-call]
build	Build APK	2026-07-28T10:42:40.9421800Z C/C++:  3444 |                                         /*.data=*/Buffer(move(pkt)),
build	Build APK	2026-07-28T10:42:40.9422161Z C/C++:       |                                                          ^
build	Build APK	2026-07-28T10:42:40.9422491Z C/C++:       |                                                          std::
build	Build APK	2026-07-28T10:42:40.9423131Z C/C++: /home/runner/work/Yasuagram/Yasuagram/TMessagesProj/jni/voip/libtgvoip/VoIPController.cpp:3448:24: warning: unqualified call to 'std::move' [-Wunqualified-std-cast-call]
build	Build APK	2026-07-28T10:42:40.9423770Z C/C++:  3448 |                         SendOrEnqueuePacket(move(p));
build	Build APK	2026-07-28T10:42:40.9424098Z C/C++:       |                                             ^
build	Build APK	2026-07-28T10:42:40.9424449Z C/C++:       |                                             std::
build	Build APK	2026-07-28T10:42:40.9425097Z C/C++: /home/runner/work/Yasuagram/Yasuagram/TMessagesProj/jni/voip/libtgvoip/VoIPController.cpp:3470:13: warning: unqualified call to 'std::move' [-Wunqualified-std-cast-call]
build	Build APK	2026-07-28T10:42:40.9425688Z C/C++:  3470 |         Buffer buf(move(os));
build	Build APK	2026-07-28T10:42:40.9426029Z C/C++:       |                    ^
build	Build APK	2026-07-28T10:42:40.9426275Z C/C++:       |                    std::
build	Build APK	2026-07-28T10:42:40.9426878Z C/C++: /home/runner/work/Yasuagram/Yasuagram/TMessagesProj/jni/voip/libtgvoip/VoIPController.cpp:3492:36: warning: unqualified call to 'std::move' [-Wunqualified-std-cast-call]
build	Build APK	2026-07-28T10:42:40.9427552Z C/C++:  3492 |                         videoRenderer->DecodeAndDisplay(move(frame), pts);
build	Build APK	2026-07-28T10:42:40.9427950Z C/C++:       |                                                         ^
build	Build APK	2026-07-28T10:42:40.9428273Z C/C++:       |                                                         std::
build	Build APK	2026-07-28T10:42:40.9428913Z C/C++: /home/runner/work/Yasuagram/Yasuagram/TMessagesProj/jni/voip/libtgvoip/VoIPController.cpp:3796:18: warning: unqualified call to 'std::move' [-Wunqualified-std-cast-call]
build	Build APK	2026-07-28T10:42:40.9429539Z C/C++:  3796 |                                                 Buffer buf(move(s));
build	Build APK	2026-07-28T10:42:40.9429883Z C/C++:       |                                                            ^
build	Build APK	2026-07-28T10:42:40.9430294Z C/C++:       |                                                            std::
build	Build APK	2026-07-28T10:42:40.9431033Z C/C++: /home/runner/work/Yasuagram/Yasuagram/TMessagesProj/jni/voip/libtgvoip/VoIPController.cpp:3875:17: warning: unqualified call to 'std::move' [-Wunqualified-std-cast-call]
build	Build APK	2026-07-28T10:42:40.9431662Z C/C++:  3875 |                                                 /*.data=*/move(buf),
build	Build APK	2026-07-28T10:42:40.9432049Z C/C++:       |                                                           ^
build	Build APK	2026-07-28T10:42:40.9432379Z C/C++:       |                                                           std::
build	Build APK	2026-07-28T10:42:40.9433016Z C/C++: /home/runner/work/Yasuagram/Yasuagram/TMessagesProj/jni/voip/libtgvoip/VoIPController.cpp:3883:23: warning: unqualified call to 'std::move' [-Wunqualified-std-cast-call]
build	Build APK	2026-07-28T10:42:40.9433660Z C/C++:  3883 |                 SendOrEnqueuePacket(move(pkt));
build	Build APK	2026-07-28T10:42:40.9433987Z C/C++:       |                                     ^
build	Build APK	2026-07-28T10:42:40.9434282Z C/C++:       |                                     std::
build	Build APK	2026-07-28T10:42:40.9434809Z C/C++: In file included from /home/runner/work/Yasuagram/Yasuagram/TMessagesProj/jni/voip/libtgvoip/VoIPController.cpp:14:
build	Build APK	2026-07-28T10:42:40.9435511Z C/C++: In file included from /home/runner/work/Yasuagram/Yasuagram/TMessagesProj/jni/voip/libtgvoip/VoIPController.h:24:
build	Build APK	2026-07-28T10:42:40.9436161Z C/C++: In file included from /home/runner/work/Yasuagram/Yasuagram/TMessagesProj/jni/voip/libtgvoip/video/VideoSource.h:12:
build	Build APK	2026-07-28T10:42:40.9436817Z C/C++: In file included from /home/runner/work/Yasuagram/Yasuagram/TMessagesProj/jni/voip/libtgvoip/video/../Buffers.h:19:
build	Build APK	2026-07-28T10:42:40.9437616Z C/C++: /home/runner/work/Yasuagram/Yasuagram/TMessagesProj/jni/voip/libtgvoip/video/../threading.h:117:8: warning: private field 'maxPriority' is not used [-Wunused-private-field]
build	Build APK	2026-07-28T10:42:40.9438273Z C/C++:   117 |                 bool maxPriority=false;
build	Build APK	2026-07-28T10:42:40.9438566Z C/C++:       |                      ^
build	Build APK	2026-07-28T10:42:40.9438821Z C/C++: 34 warnings generated.
build	Build APK	2026-07-28T10:42:40.9439023Z 
build	Build APK	2026-07-28T10:42:40.9439190Z > Task :TMessagesProj:buildCMakeDebug[arm64-v8a] FAILED
build	Build APK	2026-07-28T10:42:40.9439394Z 
build	Build APK	2026-07-28T10:42:40.9439641Z Deprecated Gradle features were used in this build, making it incompatible with Gradle 9.0.
build	Build APK	2026-07-28T10:42:40.9439935Z 
build	Build APK	2026-07-28T10:42:40.9440250Z You can use '--warning-mode all' to show the individual deprecation warnings and determine if they come from your own scripts or plugins.
build	Build APK	2026-07-28T10:42:40.9440641Z 
build	Build APK	2026-07-28T10:42:40.9441131Z For more on this, please refer to https://docs.gradle.org/8.7/userguide/command_line_interface.html#sec:command_line_warnings in the Gradle documentation.
build	Build APK	2026-07-28T10:42:40.9441752Z 8 actionable tasks: 7 executed, 1 from cache
build	Build APK	2026-07-28T10:42:41.4309753Z ##[error]Process completed with exit code 1.
build	Post Run actions/setup-java@v4	﻿2026-07-28T10:42:41.6629333Z Node 20 is being deprecated. This workflow is running with Node 24 by default. If you need to temporarily use Node 20, you can set the ACTIONS_ALLOW_USE_UNSECURE_NODE_VERSION=true environment variable. For more information see: https://github.blog/changelog/2025-09-19-deprecation-of-node-20-on-github-actions-runners/
build	Post Run actions/setup-java@v4	2026-07-28T10:42:41.6630413Z Post job cleanup.
build	Post Run actions/setup-java@v4	2026-07-28T10:42:41.9610879Z (node:2666) [DEP0040] DeprecationWarning: The `punycode` module is deprecated. Please use a userland alternative instead.
build	Post Run actions/setup-java@v4	2026-07-28T10:42:41.9611629Z (Use `node --trace-deprecation ...` to show where the warning was created)
build	Post Run actions/checkout@v4	﻿2026-07-28T10:42:41.9729932Z Node 20 is being deprecated. This workflow is running with Node 24 by default. If you need to temporarily use Node 20, you can set the ACTIONS_ALLOW_USE_UNSECURE_NODE_VERSION=true environment variable. For more information see: https://github.blog/changelog/2025-09-19-deprecation-of-node-20-on-github-actions-runners/
build	Post Run actions/checkout@v4	2026-07-28T10:42:41.9731139Z Post job cleanup.
build	Post Run actions/checkout@v4	2026-07-28T10:42:42.0403104Z [command]/usr/bin/git version
build	Post Run actions/checkout@v4	2026-07-28T10:42:42.0432449Z git version 2.54.0
build	Post Run actions/checkout@v4	2026-07-28T10:42:42.0461662Z Temporarily overriding HOME='/home/runner/work/_temp/be7f97b2-a323-4b82-a295-73ee8919d119' before making global git config changes
build	Post Run actions/checkout@v4	2026-07-28T10:42:42.0462551Z Adding repository directory to the temporary git global config as a safe directory
build	Post Run actions/checkout@v4	2026-07-28T10:42:42.0463158Z [command]/usr/bin/git config --global --add safe.directory /home/runner/work/Yasuagram/Yasuagram
build	Post Run actions/checkout@v4	2026-07-28T10:42:42.0492557Z [command]/usr/bin/git config --local --name-only --get-regexp core\.sshCommand
build	Post Run actions/checkout@v4	2026-07-28T10:42:42.0518479Z [command]/usr/bin/git submodule foreach --recursive sh -c "git config --local --name-only --get-regexp 'core\.sshCommand' && git config --local --unset-all 'core.sshCommand' || :"
build	Post Run actions/checkout@v4	2026-07-28T10:42:42.1387672Z [command]/usr/bin/git config --local --name-only --get-regexp http\.https\:\/\/github\.com\/\.extraheader
build	Post Run actions/checkout@v4	2026-07-28T10:42:42.1412635Z http.https://github.com/.extraheader
build	Post Run actions/checkout@v4	2026-07-28T10:42:42.1421019Z [command]/usr/bin/git config --local --unset-all http.https://github.com/.extraheader
build	Post Run actions/checkout@v4	2026-07-28T10:42:42.1446164Z [command]/usr/bin/git submodule foreach --recursive sh -c "git config --local --name-only --get-regexp 'http\.https\:\/\/github\.com\/\.extraheader' && git config --local --unset-all 'http.https://github.com/.extraheader' || :"
build	Post Run actions/checkout@v4	2026-07-28T10:42:42.1609571Z [command]/usr/bin/git config --local --name-only --get-regexp ^includeIf\.gitdir:
build	Post Run actions/checkout@v4	2026-07-28T10:42:42.1631356Z [command]/usr/bin/git submodule foreach --recursive git config --local --show-origin --name-only --get-regexp remote.origin.url
build	Complete job	﻿2026-07-28T10:42:42.1889106Z Cleaning up orphan processes
build	Complete job	2026-07-28T10:42:42.2861494Z ##[warning]Node.js 20 is deprecated. The following actions target Node.js 20 but are being forced to run on Node.js 24: actions/cache@v4, actions/checkout@v4, actions/setup-java@v4. For more information see: https://github.blog/changelog/2025-09-19-deprecation-of-node-20-on-github-actions-runners/
