build	Set up job	﻿2026-07-23T18:23:36.3879868Z Current runner version: '2.336.0'
build	Set up job	2026-07-23T18:23:36.3905637Z ##[group]Runner Image Provisioner
build	Set up job	2026-07-23T18:23:36.3906627Z Hosted Compute Agent
build	Set up job	2026-07-23T18:23:36.3907236Z Version: 20260707.563
build	Set up job	2026-07-23T18:23:36.3907865Z Commit: 02667638d2b423fbc733a8e32a88b44996a3ba6e
build	Set up job	2026-07-23T18:23:36.3908688Z Build Date: 2026-07-07T19:33:50Z
build	Set up job	2026-07-23T18:23:36.3909376Z Worker ID: {c41b9428-b7ce-4039-a354-8ab3845dc7d9}
build	Set up job	2026-07-23T18:23:36.3910083Z Azure Region: eastus
build	Set up job	2026-07-23T18:23:36.3910712Z ##[endgroup]
build	Set up job	2026-07-23T18:23:36.3912511Z ##[group]Operating System
build	Set up job	2026-07-23T18:23:36.3913272Z Ubuntu
build	Set up job	2026-07-23T18:23:36.3913855Z 24.04.4
build	Set up job	2026-07-23T18:23:36.3914566Z LTS
build	Set up job	2026-07-23T18:23:36.3915151Z ##[endgroup]
build	Set up job	2026-07-23T18:23:36.3915701Z ##[group]Runner Image
build	Set up job	2026-07-23T18:23:36.3916324Z Image: ubuntu-24.04
build	Set up job	2026-07-23T18:23:36.3916949Z Version: 20260714.240.1
build	Set up job	2026-07-23T18:23:36.3918003Z Included Software: https://github.com/actions/runner-images/blob/ubuntu24/20260714.240/images/ubuntu/Ubuntu2404-Readme.md
build	Set up job	2026-07-23T18:23:36.3920256Z Image Release: https://github.com/actions/runner-images/releases/tag/ubuntu24%2F20260714.240
build	Set up job	2026-07-23T18:23:36.3921265Z ##[endgroup]
build	Set up job	2026-07-23T18:23:36.3922431Z ##[group]GITHUB_TOKEN Permissions
build	Set up job	2026-07-23T18:23:36.3925029Z Contents: read
build	Set up job	2026-07-23T18:23:36.3925665Z Metadata: read
build	Set up job	2026-07-23T18:23:36.3926239Z Packages: read
build	Set up job	2026-07-23T18:23:36.3926853Z ##[endgroup]
build	Set up job	2026-07-23T18:23:36.3929012Z Secret source: Actions
build	Set up job	2026-07-23T18:23:36.3930494Z Prepare workflow directory
build	Set up job	2026-07-23T18:23:36.4264858Z Prepare all required actions
build	Set up job	2026-07-23T18:23:36.4308265Z Getting action download info
build	Set up job	2026-07-23T18:23:36.6391311Z Download action repository 'actions/checkout@v4' (SHA:11d5960a326750d5838078e36cf38b85af677262)
build	Set up job	2026-07-23T18:23:36.8803362Z Download action repository 'actions/setup-java@v4' (SHA:c1e323688fd81a25caa38c78aa6df2d33d3e20d9)
build	Set up job	2026-07-23T18:23:37.1100042Z Download action repository 'actions/cache@v4' (SHA:0057852bfaa89a56745cba8c7296529d2fc39830)
build	Set up job	2026-07-23T18:23:37.2062140Z Download action repository 'actions/upload-artifact@v4' (SHA:ea165f8d65b6e75b540449e92b4886f43607fa02)
build	Set up job	2026-07-23T18:23:37.4576240Z Complete job name: build
build	Run actions/checkout@v4	﻿2026-07-23T18:23:37.5626173Z Node 20 is being deprecated. This workflow is running with Node 24 by default. If you need to temporarily use Node 20, you can set the ACTIONS_ALLOW_USE_UNSECURE_NODE_VERSION=true environment variable. For more information see: https://github.blog/changelog/2025-09-19-deprecation-of-node-20-on-github-actions-runners/
build	Run actions/checkout@v4	2026-07-23T18:23:37.5637739Z ##[group]Run actions/checkout@v4
build	Run actions/checkout@v4	2026-07-23T18:23:37.5638997Z with:
build	Run actions/checkout@v4	2026-07-23T18:23:37.5639846Z   repository: Yasue106601/Yasuagram
build	Run actions/checkout@v4	2026-07-23T18:23:37.5649993Z   token: ***
build	Run actions/checkout@v4	2026-07-23T18:23:37.5650844Z   ssh-strict: true
build	Run actions/checkout@v4	2026-07-23T18:23:37.5651678Z   ssh-user: git
build	Run actions/checkout@v4	2026-07-23T18:23:37.5652527Z   persist-credentials: true
build	Run actions/checkout@v4	2026-07-23T18:23:37.5653455Z   clean: true
build	Run actions/checkout@v4	2026-07-23T18:23:37.5654461Z   sparse-checkout-cone-mode: true
build	Run actions/checkout@v4	2026-07-23T18:23:37.5655491Z   fetch-depth: 1
build	Run actions/checkout@v4	2026-07-23T18:23:37.5656354Z   fetch-tags: false
build	Run actions/checkout@v4	2026-07-23T18:23:37.5657204Z   show-progress: true
build	Run actions/checkout@v4	2026-07-23T18:23:37.5658049Z   lfs: false
build	Run actions/checkout@v4	2026-07-23T18:23:37.5658830Z   submodules: false
build	Run actions/checkout@v4	2026-07-23T18:23:37.5659739Z   set-safe-directory: true
build	Run actions/checkout@v4	2026-07-23T18:23:37.5660718Z   allow-unsafe-pr-checkout: false
build	Run actions/checkout@v4	2026-07-23T18:23:37.5662069Z ##[endgroup]
build	Run actions/checkout@v4	2026-07-23T18:23:37.6871896Z Syncing repository: Yasue106601/Yasuagram
build	Run actions/checkout@v4	2026-07-23T18:23:37.6876849Z ##[group]Getting Git version info
build	Run actions/checkout@v4	2026-07-23T18:23:37.6879612Z Working directory is '/home/runner/work/Yasuagram/Yasuagram'
build	Run actions/checkout@v4	2026-07-23T18:23:37.6883274Z [command]/usr/bin/git version
build	Run actions/checkout@v4	2026-07-23T18:23:37.6977535Z git version 2.54.0
build	Run actions/checkout@v4	2026-07-23T18:23:37.7045384Z ##[endgroup]
build	Run actions/checkout@v4	2026-07-23T18:23:37.7055450Z Temporarily overriding HOME='/home/runner/work/_temp/0539507f-b502-481f-a966-d5639fad25ef' before making global git config changes
build	Run actions/checkout@v4	2026-07-23T18:23:37.7059118Z Adding repository directory to the temporary git global config as a safe directory
build	Run actions/checkout@v4	2026-07-23T18:23:37.7062571Z [command]/usr/bin/git config --global --add safe.directory /home/runner/work/Yasuagram/Yasuagram
build	Run actions/checkout@v4	2026-07-23T18:23:37.7123598Z Deleting the contents of '/home/runner/work/Yasuagram/Yasuagram'
build	Run actions/checkout@v4	2026-07-23T18:23:37.7128914Z ##[group]Initializing the repository
build	Run actions/checkout@v4	2026-07-23T18:23:37.7136099Z [command]/usr/bin/git init /home/runner/work/Yasuagram/Yasuagram
build	Run actions/checkout@v4	2026-07-23T18:23:37.7281109Z hint: Using 'master' as the name for the initial branch. This default branch name
build	Run actions/checkout@v4	2026-07-23T18:23:37.7285318Z hint: will change to "main" in Git 3.0. To configure the initial branch name
build	Run actions/checkout@v4	2026-07-23T18:23:37.7289984Z hint: to use in all of your new repositories, which will suppress this warning,
build	Run actions/checkout@v4	2026-07-23T18:23:37.7298180Z hint: call:
build	Run actions/checkout@v4	2026-07-23T18:23:37.7300074Z hint:
build	Run actions/checkout@v4	2026-07-23T18:23:37.7302105Z hint: 	git config --global init.defaultBranch <name>
build	Run actions/checkout@v4	2026-07-23T18:23:37.7303926Z hint:
build	Run actions/checkout@v4	2026-07-23T18:23:37.7305814Z hint: Names commonly chosen instead of 'master' are 'main', 'trunk' and
build	Run actions/checkout@v4	2026-07-23T18:23:37.7308316Z hint: 'development'. The just-created branch can be renamed via this command:
build	Run actions/checkout@v4	2026-07-23T18:23:37.7311000Z hint:
build	Run actions/checkout@v4	2026-07-23T18:23:37.7312133Z hint: 	git branch -m <name>
build	Run actions/checkout@v4	2026-07-23T18:23:37.7313527Z hint:
build	Run actions/checkout@v4	2026-07-23T18:23:37.7316086Z hint: Disable this message with "git config set advice.defaultBranchName false"
build	Run actions/checkout@v4	2026-07-23T18:23:37.7319028Z Initialized empty Git repository in /home/runner/work/Yasuagram/Yasuagram/.git/
build	Run actions/checkout@v4	2026-07-23T18:23:37.7322750Z [command]/usr/bin/git remote add origin https://github.com/Yasue106601/Yasuagram
build	Run actions/checkout@v4	2026-07-23T18:23:37.7375275Z ##[endgroup]
build	Run actions/checkout@v4	2026-07-23T18:23:37.7378053Z ##[group]Disabling automatic garbage collection
build	Run actions/checkout@v4	2026-07-23T18:23:37.7380265Z [command]/usr/bin/git config --local gc.auto 0
build	Run actions/checkout@v4	2026-07-23T18:23:37.7420256Z ##[endgroup]
build	Run actions/checkout@v4	2026-07-23T18:23:37.7422854Z ##[group]Setting up auth
build	Run actions/checkout@v4	2026-07-23T18:23:37.7428399Z [command]/usr/bin/git config --local --name-only --get-regexp core\.sshCommand
build	Run actions/checkout@v4	2026-07-23T18:23:37.7470871Z [command]/usr/bin/git submodule foreach --recursive sh -c "git config --local --name-only --get-regexp 'core\.sshCommand' && git config --local --unset-all 'core.sshCommand' || :"
build	Run actions/checkout@v4	2026-07-23T18:23:37.7878328Z [command]/usr/bin/git config --local --name-only --get-regexp http\.https\:\/\/github\.com\/\.extraheader
build	Run actions/checkout@v4	2026-07-23T18:23:37.7917008Z [command]/usr/bin/git submodule foreach --recursive sh -c "git config --local --name-only --get-regexp 'http\.https\:\/\/github\.com\/\.extraheader' && git config --local --unset-all 'http.https://github.com/.extraheader' || :"
build	Run actions/checkout@v4	2026-07-23T18:23:37.8145409Z [command]/usr/bin/git config --local --name-only --get-regexp ^includeIf\.gitdir:
build	Run actions/checkout@v4	2026-07-23T18:23:37.8184559Z [command]/usr/bin/git submodule foreach --recursive git config --local --show-origin --name-only --get-regexp remote.origin.url
build	Run actions/checkout@v4	2026-07-23T18:23:37.8414911Z [command]/usr/bin/git config --local http.https://github.com/.extraheader AUTHORIZATION: basic ***
build	Run actions/checkout@v4	2026-07-23T18:23:37.8456334Z ##[endgroup]
build	Run actions/checkout@v4	2026-07-23T18:23:37.8458073Z ##[group]Fetching the repository
build	Run actions/checkout@v4	2026-07-23T18:23:37.8467250Z [command]/usr/bin/git -c protocol.version=2 fetch --no-tags --prune --no-recurse-submodules --depth=1 origin +4169c4ac7b2826761d1c2b723f6a3b9e2efa2e72:refs/remotes/origin/main
build	Run actions/checkout@v4	2026-07-23T18:23:43.6468808Z From https://github.com/Yasue106601/Yasuagram
build	Run actions/checkout@v4	2026-07-23T18:23:43.6470101Z  * [new ref]           4169c4ac7b2826761d1c2b723f6a3b9e2efa2e72 -> origin/main
build	Run actions/checkout@v4	2026-07-23T18:23:43.6496550Z ##[endgroup]
build	Run actions/checkout@v4	2026-07-23T18:23:43.6497670Z ##[group]Determining the checkout info
build	Run actions/checkout@v4	2026-07-23T18:23:43.6499846Z ##[endgroup]
build	Run actions/checkout@v4	2026-07-23T18:23:43.6507164Z [command]/usr/bin/git sparse-checkout disable
build	Run actions/checkout@v4	2026-07-23T18:23:43.6585620Z [command]/usr/bin/git config --local --unset-all extensions.worktreeConfig
build	Run actions/checkout@v4	2026-07-23T18:23:43.6600758Z ##[group]Checking out the ref
build	Run actions/checkout@v4	2026-07-23T18:23:43.6606013Z [command]/usr/bin/git checkout --progress --force -B main refs/remotes/origin/main
build	Run actions/checkout@v4	2026-07-23T18:23:44.6913702Z Updating files:  23% (7460/31161)
build	Run actions/checkout@v4	2026-07-23T18:23:44.7777252Z Updating files:  24% (7479/31161)
build	Run actions/checkout@v4	2026-07-23T18:23:44.9504418Z Updating files:  25% (7791/31161)
build	Run actions/checkout@v4	2026-07-23T18:23:44.9766435Z Updating files:  26% (8102/31161)
build	Run actions/checkout@v4	2026-07-23T18:23:45.0005827Z Updating files:  27% (8414/31161)
build	Run actions/checkout@v4	2026-07-23T18:23:45.4381594Z Updating files:  28% (8726/31161)
build	Run actions/checkout@v4	2026-07-23T18:23:45.4651751Z Updating files:  29% (9037/31161)
build	Run actions/checkout@v4	2026-07-23T18:23:45.4925358Z Updating files:  30% (9349/31161)
build	Run actions/checkout@v4	2026-07-23T18:23:45.5158375Z Updating files:  31% (9660/31161)
build	Run actions/checkout@v4	2026-07-23T18:23:45.5441232Z Updating files:  32% (9972/31161)
build	Run actions/checkout@v4	2026-07-23T18:23:45.5779075Z Updating files:  33% (10284/31161)
build	Run actions/checkout@v4	2026-07-23T18:23:45.6125420Z Updating files:  34% (10595/31161)
build	Run actions/checkout@v4	2026-07-23T18:23:45.6322926Z Updating files:  35% (10907/31161)
build	Run actions/checkout@v4	2026-07-23T18:23:45.6550249Z Updating files:  36% (11218/31161)
build	Run actions/checkout@v4	2026-07-23T18:23:45.6766861Z Updating files:  37% (11530/31161)
build	Run actions/checkout@v4	2026-07-23T18:23:45.6878747Z Updating files:  38% (11842/31161)
build	Run actions/checkout@v4	2026-07-23T18:23:45.7021614Z Updating files:  38% (11984/31161)
build	Run actions/checkout@v4	2026-07-23T18:23:45.7179316Z Updating files:  39% (12153/31161)
build	Run actions/checkout@v4	2026-07-23T18:23:45.7348172Z Updating files:  40% (12465/31161)
build	Run actions/checkout@v4	2026-07-23T18:23:45.7522620Z Updating files:  41% (12777/31161)
build	Run actions/checkout@v4	2026-07-23T18:23:45.7709268Z Updating files:  42% (13088/31161)
build	Run actions/checkout@v4	2026-07-23T18:23:45.7884260Z Updating files:  43% (13400/31161)
build	Run actions/checkout@v4	2026-07-23T18:23:45.8089052Z Updating files:  44% (13711/31161)
build	Run actions/checkout@v4	2026-07-23T18:23:45.8277062Z Updating files:  45% (14023/31161)
build	Run actions/checkout@v4	2026-07-23T18:23:45.8496764Z Updating files:  46% (14335/31161)
build	Run actions/checkout@v4	2026-07-23T18:23:45.8687796Z Updating files:  47% (14646/31161)
build	Run actions/checkout@v4	2026-07-23T18:23:45.8876630Z Updating files:  48% (14958/31161)
build	Run actions/checkout@v4	2026-07-23T18:23:45.9059423Z Updating files:  49% (15269/31161)
build	Run actions/checkout@v4	2026-07-23T18:23:45.9233081Z Updating files:  50% (15581/31161)
build	Run actions/checkout@v4	2026-07-23T18:23:45.9421973Z Updating files:  51% (15893/31161)
build	Run actions/checkout@v4	2026-07-23T18:23:45.9616021Z Updating files:  52% (16204/31161)
build	Run actions/checkout@v4	2026-07-23T18:23:45.9821271Z Updating files:  53% (16516/31161)
build	Run actions/checkout@v4	2026-07-23T18:23:46.0061259Z Updating files:  54% (16827/31161)
build	Run actions/checkout@v4	2026-07-23T18:23:46.0257027Z Updating files:  55% (17139/31161)
build	Run actions/checkout@v4	2026-07-23T18:23:46.0425849Z Updating files:  56% (17451/31161)
build	Run actions/checkout@v4	2026-07-23T18:23:46.0595474Z Updating files:  57% (17762/31161)
build	Run actions/checkout@v4	2026-07-23T18:23:46.0728024Z Updating files:  58% (18074/31161)
build	Run actions/checkout@v4	2026-07-23T18:23:46.0864612Z Updating files:  59% (18385/31161)
build	Run actions/checkout@v4	2026-07-23T18:23:46.0994516Z Updating files:  60% (18697/31161)
build	Run actions/checkout@v4	2026-07-23T18:23:46.1121400Z Updating files:  61% (19009/31161)
build	Run actions/checkout@v4	2026-07-23T18:23:46.1253695Z Updating files:  62% (19320/31161)
build	Run actions/checkout@v4	2026-07-23T18:23:46.1380248Z Updating files:  63% (19632/31161)
build	Run actions/checkout@v4	2026-07-23T18:23:46.1508362Z Updating files:  64% (19944/31161)
build	Run actions/checkout@v4	2026-07-23T18:23:46.1639676Z Updating files:  65% (20255/31161)
build	Run actions/checkout@v4	2026-07-23T18:23:46.1776162Z Updating files:  66% (20567/31161)
build	Run actions/checkout@v4	2026-07-23T18:23:46.1911082Z Updating files:  67% (20878/31161)
build	Run actions/checkout@v4	2026-07-23T18:23:46.2033795Z Updating files:  68% (21190/31161)
build	Run actions/checkout@v4	2026-07-23T18:23:46.2155526Z Updating files:  69% (21502/31161)
build	Run actions/checkout@v4	2026-07-23T18:23:46.2512726Z Updating files:  70% (21813/31161)
build	Run actions/checkout@v4	2026-07-23T18:23:46.2733017Z Updating files:  71% (22125/31161)
build	Run actions/checkout@v4	2026-07-23T18:23:46.2949657Z Updating files:  72% (22436/31161)
build	Run actions/checkout@v4	2026-07-23T18:23:46.3332284Z Updating files:  73% (22748/31161)
build	Run actions/checkout@v4	2026-07-23T18:23:46.3776273Z Updating files:  74% (23060/31161)
build	Run actions/checkout@v4	2026-07-23T18:23:46.4272874Z Updating files:  75% (23371/31161)
build	Run actions/checkout@v4	2026-07-23T18:23:46.4631813Z Updating files:  76% (23683/31161)
build	Run actions/checkout@v4	2026-07-23T18:23:46.4935196Z Updating files:  77% (23994/31161)
build	Run actions/checkout@v4	2026-07-23T18:23:46.5491756Z Updating files:  78% (24306/31161)
build	Run actions/checkout@v4	2026-07-23T18:23:46.5767491Z Updating files:  79% (24618/31161)
build	Run actions/checkout@v4	2026-07-23T18:23:46.5877534Z Updating files:  80% (24929/31161)
build	Run actions/checkout@v4	2026-07-23T18:23:46.5990496Z Updating files:  81% (25241/31161)
build	Run actions/checkout@v4	2026-07-23T18:23:46.6101720Z Updating files:  82% (25553/31161)
build	Run actions/checkout@v4	2026-07-23T18:23:46.6211818Z Updating files:  83% (25864/31161)
build	Run actions/checkout@v4	2026-07-23T18:23:46.6325542Z Updating files:  84% (26176/31161)
build	Run actions/checkout@v4	2026-07-23T18:23:46.6436961Z Updating files:  85% (26487/31161)
build	Run actions/checkout@v4	2026-07-23T18:23:46.6548188Z Updating files:  86% (26799/31161)
build	Run actions/checkout@v4	2026-07-23T18:23:46.6660889Z Updating files:  87% (27111/31161)
build	Run actions/checkout@v4	2026-07-23T18:23:46.6774074Z Updating files:  88% (27422/31161)
build	Run actions/checkout@v4	2026-07-23T18:23:46.6879311Z Updating files:  89% (27734/31161)
build	Run actions/checkout@v4	2026-07-23T18:23:46.6892283Z Updating files:  89% (28011/31161)
build	Run actions/checkout@v4	2026-07-23T18:23:46.7002772Z Updating files:  90% (28045/31161)
build	Run actions/checkout@v4	2026-07-23T18:23:46.7117589Z Updating files:  91% (28357/31161)
build	Run actions/checkout@v4	2026-07-23T18:23:46.7232459Z Updating files:  92% (28669/31161)
build	Run actions/checkout@v4	2026-07-23T18:23:46.7374531Z Updating files:  93% (28980/31161)
build	Run actions/checkout@v4	2026-07-23T18:23:46.7511084Z Updating files:  94% (29292/31161)
build	Run actions/checkout@v4	2026-07-23T18:23:46.7903742Z Updating files:  95% (29603/31161)
build	Run actions/checkout@v4	2026-07-23T18:23:46.8292968Z Updating files:  96% (29915/31161)
build	Run actions/checkout@v4	2026-07-23T18:23:46.8432213Z Updating files:  97% (30227/31161)
build	Run actions/checkout@v4	2026-07-23T18:23:46.8562778Z Updating files:  98% (30538/31161)
build	Run actions/checkout@v4	2026-07-23T18:23:46.9335321Z Updating files:  99% (30850/31161)
build	Run actions/checkout@v4	2026-07-23T18:23:46.9336022Z Updating files: 100% (31161/31161)
build	Run actions/checkout@v4	2026-07-23T18:23:46.9336412Z Updating files: 100% (31161/31161), done.
build	Run actions/checkout@v4	2026-07-23T18:23:46.9644290Z Switched to a new branch 'main'
build	Run actions/checkout@v4	2026-07-23T18:23:46.9647971Z branch 'main' set up to track 'origin/main'.
build	Run actions/checkout@v4	2026-07-23T18:23:46.9749634Z ##[endgroup]
build	Run actions/checkout@v4	2026-07-23T18:23:46.9801091Z [command]/usr/bin/git log -1 --format=%H
build	Run actions/checkout@v4	2026-07-23T18:23:46.9838041Z 4169c4ac7b2826761d1c2b723f6a3b9e2efa2e72
build	Run actions/setup-java@v4	﻿2026-07-23T18:23:47.0132402Z Node 20 is being deprecated. This workflow is running with Node 24 by default. If you need to temporarily use Node 20, you can set the ACTIONS_ALLOW_USE_UNSECURE_NODE_VERSION=true environment variable. For more information see: https://github.blog/changelog/2025-09-19-deprecation-of-node-20-on-github-actions-runners/
build	Run actions/setup-java@v4	2026-07-23T18:23:47.0134673Z ##[group]Run actions/setup-java@v4
build	Run actions/setup-java@v4	2026-07-23T18:23:47.0134948Z with:
build	Run actions/setup-java@v4	2026-07-23T18:23:47.0135143Z   distribution: temurin
build	Run actions/setup-java@v4	2026-07-23T18:23:47.0135360Z   java-version: 17
build	Run actions/setup-java@v4	2026-07-23T18:23:47.0135568Z   cache: gradle
build	Run actions/setup-java@v4	2026-07-23T18:23:47.0135762Z   java-package: jdk
build	Run actions/setup-java@v4	2026-07-23T18:23:47.0135968Z   check-latest: false
build	Run actions/setup-java@v4	2026-07-23T18:23:47.0136172Z   server-id: github
build	Run actions/setup-java@v4	2026-07-23T18:23:47.0136374Z   server-username: GITHUB_ACTOR
build	Run actions/setup-java@v4	2026-07-23T18:23:47.0136625Z   server-password: GITHUB_TOKEN
build	Run actions/setup-java@v4	2026-07-23T18:23:47.0136886Z   overwrite-settings: true
build	Run actions/setup-java@v4	2026-07-23T18:23:47.0137121Z   job-status: success
build	Run actions/setup-java@v4	2026-07-23T18:23:47.0139795Z   token: ***
build	Run actions/setup-java@v4	2026-07-23T18:23:47.0139996Z ##[endgroup]
build	Run actions/setup-java@v4	2026-07-23T18:23:47.1783837Z ##[group]Installed distributions
build	Run actions/setup-java@v4	2026-07-23T18:23:47.1852240Z Resolved Java 17.0.19+10 from tool-cache
build	Run actions/setup-java@v4	2026-07-23T18:23:47.1852817Z Setting Java 17.0.19+10 as the default
build	Run actions/setup-java@v4	2026-07-23T18:23:47.1865267Z (node:2268) [DEP0040] DeprecationWarning: The `punycode` module is deprecated. Please use a userland alternative instead.
build	Run actions/setup-java@v4	2026-07-23T18:23:47.1866279Z (Use `node --trace-deprecation ...` to show where the warning was created)
build	Run actions/setup-java@v4	2026-07-23T18:23:47.1874373Z Creating toolchains.xml for JDK version 17 from temurin
build	Run actions/setup-java@v4	2026-07-23T18:23:47.1985681Z Writing to /home/runner/.m2/toolchains.xml
build	Run actions/setup-java@v4	2026-07-23T18:23:47.1991274Z 
build	Run actions/setup-java@v4	2026-07-23T18:23:47.1991619Z Java configuration:
build	Run actions/setup-java@v4	2026-07-23T18:23:47.1992276Z   Distribution: temurin
build	Run actions/setup-java@v4	2026-07-23T18:23:47.1992942Z   Version: 17.0.19+10
build	Run actions/setup-java@v4	2026-07-23T18:23:47.1993738Z   Path: /opt/hostedtoolcache/Java_Temurin-Hotspot_jdk/17.0.19-10/x64
build	Run actions/setup-java@v4	2026-07-23T18:23:47.1994737Z 
build	Run actions/setup-java@v4	2026-07-23T18:23:47.1995589Z ##[endgroup]
build	Run actions/setup-java@v4	2026-07-23T18:23:47.2015691Z Creating settings.xml with server-id: github
build	Run actions/setup-java@v4	2026-07-23T18:23:47.2016555Z Writing to /home/runner/.m2/settings.xml
build	Run actions/setup-java@v4	2026-07-23T18:23:50.1130455Z Cache hit for: setup-java-Linux-x64-gradle-9904013d3d5cfa5e4d18cbae9b7bf653caacf42275e9e61959f3e3f03e0dd458
build	Run actions/setup-java@v4	2026-07-23T18:23:50.1242666Z (node:2268) [DEP0169] DeprecationWarning: `url.parse()` behavior is not standardized and prone to errors that have security implications. Use the WHATWG URL API instead. CVEs are not issued for `url.parse()` vulnerabilities.
build	Run actions/setup-java@v4	2026-07-23T18:23:51.2035366Z Received 205520896 of 2006521623 (10.2%), 195.8 MBs/sec
build	Run actions/setup-java@v4	2026-07-23T18:23:52.2034539Z Received 457179136 of 2006521623 (22.8%), 217.8 MBs/sec
build	Run actions/setup-java@v4	2026-07-23T18:23:53.2039097Z Received 729808896 of 2006521623 (36.4%), 231.8 MBs/sec
build	Run actions/setup-java@v4	2026-07-23T18:23:54.2306582Z Received 939524096 of 2006521623 (46.8%), 222.7 MBs/sec
build	Run actions/setup-java@v4	2026-07-23T18:23:55.2276165Z Received 1178599424 of 2006521623 (58.7%), 223.6 MBs/sec
build	Run actions/setup-java@v4	2026-07-23T18:23:56.2302035Z Received 1392508928 of 2006521623 (69.4%), 220.3 MBs/sec
build	Run actions/setup-java@v4	2026-07-23T18:23:57.2322506Z Received 1656750080 of 2006521623 (82.6%), 224.7 MBs/sec
build	Run actions/setup-java@v4	2026-07-23T18:23:58.2378076Z Received 1891631104 of 2006521623 (94.3%), 224.5 MBs/sec
build	Run actions/setup-java@v4	2026-07-23T18:23:58.5998450Z Received 2006521623 of 2006521623 (100.0%), 227.9 MBs/sec
build	Run actions/setup-java@v4	2026-07-23T18:23:58.5999773Z Cache Size: ~1914 MB (2006521623 B)
build	Run actions/setup-java@v4	2026-07-23T18:23:58.6122484Z [command]/usr/bin/tar -xf /home/runner/work/_temp/165bb5ec-26c9-4d84-a21e-32ddf3ef6b68/cache.tzst -P -C /home/runner/work/Yasuagram/Yasuagram --use-compress-program unzstd
build	Run actions/setup-java@v4	2026-07-23T18:24:04.6434316Z Cache restored successfully
build	Run actions/setup-java@v4	2026-07-23T18:24:04.7401973Z Cache restored from key: setup-java-Linux-x64-gradle-9904013d3d5cfa5e4d18cbae9b7bf653caacf42275e9e61959f3e3f03e0dd458
build	Run actions/cache@v4	﻿2026-07-23T18:24:07.3812368Z Node 20 is being deprecated. This workflow is running with Node 24 by default. If you need to temporarily use Node 20, you can set the ACTIONS_ALLOW_USE_UNSECURE_NODE_VERSION=true environment variable. For more information see: https://github.blog/changelog/2025-09-19-deprecation-of-node-20-on-github-actions-runners/
build	Run actions/cache@v4	2026-07-23T18:24:07.3813699Z ##[group]Run actions/cache@v4
build	Run actions/cache@v4	2026-07-23T18:24:07.3813946Z with:
build	Run actions/cache@v4	2026-07-23T18:24:07.3814633Z   path: ~/.gradle/caches
build	Run actions/cache@v4	~/.gradle/wrapper
build	Run actions/cache@v4	TMessagesProj/.cxx
build	Run actions/cache@v4	
build	Run actions/cache@v4	2026-07-23T18:24:07.3815168Z   key: gradle-Linux-9904013d3d5cfa5e4d18cbae9b7bf653caacf42275e9e61959f3e3f03e0dd458
build	Run actions/cache@v4	2026-07-23T18:24:07.3815628Z   restore-keys: gradle-Linux-
build	Run actions/cache@v4	
build	Run actions/cache@v4	2026-07-23T18:24:07.3815891Z   enableCrossOsArchive: false
build	Run actions/cache@v4	2026-07-23T18:24:07.3816141Z   fail-on-cache-miss: false
build	Run actions/cache@v4	2026-07-23T18:24:07.3816376Z   lookup-only: false
build	Run actions/cache@v4	2026-07-23T18:24:07.3816594Z   save-always: false
build	Run actions/cache@v4	2026-07-23T18:24:07.3816796Z env:
build	Run actions/cache@v4	2026-07-23T18:24:07.3817088Z   JAVA_HOME: /opt/hostedtoolcache/Java_Temurin-Hotspot_jdk/17.0.19-10/x64
build	Run actions/cache@v4	2026-07-23T18:24:07.3817630Z   JAVA_HOME_17_X64: /opt/hostedtoolcache/Java_Temurin-Hotspot_jdk/17.0.19-10/x64
build	Run actions/cache@v4	2026-07-23T18:24:07.3818017Z ##[endgroup]
build	Run actions/cache@v4	2026-07-23T18:24:07.5007668Z (node:2300) [DEP0040] DeprecationWarning: The `punycode` module is deprecated. Please use a userland alternative instead.
build	Run actions/cache@v4	2026-07-23T18:24:07.5009093Z (Use `node --trace-deprecation ...` to show where the warning was created)
build	Run actions/cache@v4	2026-07-23T18:24:07.5601186Z Cache hit for: gradle-Linux-9904013d3d5cfa5e4d18cbae9b7bf653caacf42275e9e61959f3e3f03e0dd458
build	Run actions/cache@v4	2026-07-23T18:24:07.5746554Z (node:2300) [DEP0169] DeprecationWarning: `url.parse()` behavior is not standardized and prone to errors that have security implications. Use the WHATWG URL API instead. CVEs are not issued for `url.parse()` vulnerabilities.
build	Run actions/cache@v4	2026-07-23T18:24:08.6273789Z Received 230686720 of 3490620036 (6.6%), 218.7 MBs/sec
build	Run actions/cache@v4	2026-07-23T18:24:09.6336476Z Received 469762048 of 3490620036 (13.5%), 222.6 MBs/sec
build	Run actions/cache@v4	2026-07-23T18:24:10.6338241Z Received 713031680 of 3490620036 (20.4%), 225.7 MBs/sec
build	Run actions/cache@v4	2026-07-23T18:24:11.6356943Z Received 968884224 of 3490620036 (27.8%), 230.3 MBs/sec
build	Run actions/cache@v4	2026-07-23T18:24:12.6340343Z Received 1233125376 of 3490620036 (35.3%), 234.6 MBs/sec
build	Run actions/cache@v4	2026-07-23T18:24:13.6349270Z Received 1497366528 of 3490620036 (42.9%), 237.4 MBs/sec
build	Run actions/cache@v4	2026-07-23T18:24:14.6360872Z Received 1744830464 of 3490620036 (50.0%), 237.2 MBs/sec
build	Run actions/cache@v4	2026-07-23T18:24:15.6368582Z Received 1975517184 of 3490620036 (56.6%), 235.0 MBs/sec
build	Run actions/cache@v4	2026-07-23T18:24:16.6371190Z Received 2202009600 of 3490620036 (63.1%), 232.9 MBs/sec
build	Run actions/cache@v4	2026-07-23T18:24:17.6385844Z Received 2445279232 of 3490620036 (70.1%), 232.8 MBs/sec
build	Run actions/cache@v4	2026-07-23T18:24:18.6380455Z Received 2696937472 of 3490620036 (77.3%), 233.5 MBs/sec
build	Run actions/cache@v4	2026-07-23T18:24:19.6385918Z Received 2965372928 of 3490620036 (85.0%), 235.3 MBs/sec
build	Run actions/cache@v4	2026-07-23T18:24:20.6390061Z Received 3221225472 of 3490620036 (92.3%), 236.0 MBs/sec
build	Run actions/cache@v4	2026-07-23T18:24:21.6215398Z Received 3490620036 of 3490620036 (100.0%), 237.8 MBs/sec
build	Run actions/cache@v4	2026-07-23T18:24:21.6218203Z Cache Size: ~3329 MB (3490620036 B)
build	Run actions/cache@v4	2026-07-23T18:24:21.6260657Z [command]/usr/bin/tar -xf /home/runner/work/_temp/ad7e739f-539f-4a55-a054-7cd12cc2e9ff/cache.tzst -P -C /home/runner/work/Yasuagram/Yasuagram --use-compress-program unzstd
build	Run actions/cache@v4	2026-07-23T18:24:47.6256797Z Cache restored successfully
build	Run actions/cache@v4	2026-07-23T18:24:48.5167053Z Cache restored from key: gradle-Linux-9904013d3d5cfa5e4d18cbae9b7bf653caacf42275e9e61959f3e3f03e0dd458
build	Build APK	﻿2026-07-23T18:24:48.6467838Z ##[group]Run chmod +x gradlew
build	Build APK	2026-07-23T18:24:48.6468207Z ^[[36;1mchmod +x gradlew^[[0m
build	Build APK	2026-07-23T18:24:48.6468654Z ^[[36;1m./gradlew :TMessagesProj_App:assembleAfatDebug --build-cache --no-daemon^[[0m
build	Build APK	2026-07-23T18:24:49.8660157Z shell: /usr/bin/bash -e {0}
build	Build APK	2026-07-23T18:24:49.8660506Z env:
build	Build APK	2026-07-23T18:24:49.8660876Z   JAVA_HOME: /opt/hostedtoolcache/Java_Temurin-Hotspot_jdk/17.0.19-10/x64
build	Build APK	2026-07-23T18:24:49.8661827Z   JAVA_HOME_17_X64: /opt/hostedtoolcache/Java_Temurin-Hotspot_jdk/17.0.19-10/x64
build	Build APK	2026-07-23T18:24:49.8662513Z ##[endgroup]
build	Build APK	2026-07-23T18:24:54.3502425Z 
build	Build APK	2026-07-23T18:24:54.3506031Z Welcome to Gradle 8.7!
build	Build APK	2026-07-23T18:24:54.3506415Z 
build	Build APK	2026-07-23T18:24:54.3506673Z Here are the highlights of this release:
build	Build APK	2026-07-23T18:24:54.3514773Z  - Compiling and testing with Java 22
build	Build APK	2026-07-23T18:24:54.3515150Z  - Cacheable Groovy script compilation
build	Build APK	2026-07-23T18:24:54.3515467Z  - New methods in lazy collection properties
build	Build APK	2026-07-23T18:24:54.3515688Z 
build	Build APK	2026-07-23T18:24:54.3515894Z For more details see https://docs.gradle.org/8.7/release-notes.html
build	Build APK	2026-07-23T18:24:54.3516602Z 
build	Build APK	2026-07-23T18:24:54.6456786Z To honour the JVM settings for this build a single-use Daemon process will be forked. For more on this, please refer to https://docs.gradle.org/8.7/userguide/gradle_daemon.html#sec:disabling_the_daemon in the Gradle documentation.
build	Build APK	2026-07-23T18:24:56.2433889Z Daemon will be stopped at the end of the build 
build	Build APK	2026-07-23T18:25:03.1455177Z > Task :buildSrc:checkKotlinGradlePluginConfigurationErrors
build	Build APK	2026-07-23T18:25:03.4438962Z > Task :buildSrc:compileKotlin FROM-CACHE
build	Build APK	2026-07-23T18:25:03.4439651Z > Task :buildSrc:compileJava NO-SOURCE
build	Build APK	2026-07-23T18:25:03.4440313Z > Task :buildSrc:compileGroovy NO-SOURCE
build	Build APK	2026-07-23T18:25:03.4440951Z > Task :buildSrc:pluginDescriptors
build	Build APK	2026-07-23T18:25:03.4441563Z > Task :buildSrc:processResources
build	Build APK	2026-07-23T18:25:03.4442146Z > Task :buildSrc:classes
build	Build APK	2026-07-23T18:25:03.5446560Z > Task :buildSrc:jar
build	Build APK	2026-07-23T18:25:06.1432638Z 
build	Build APK	2026-07-23T18:25:06.1455621Z > Configure project :TMessagesProj
build	Build APK	2026-07-23T18:25:06.1482822Z WARNING: The option setting 'android.defaults.buildfeatures.buildconfig=true' is deprecated.
build	Build APK	2026-07-23T18:25:06.1484317Z The current default is 'false'.
build	Build APK	2026-07-23T18:25:06.1485122Z It will be removed in version 9.0 of the Android Gradle plugin.
build	Build APK	2026-07-23T18:25:06.1486164Z To keep using this feature, add the following to your module-level build.gradle files:
build	Build APK	2026-07-23T18:25:06.1487142Z     android.buildFeatures.buildConfig = true
build	Build APK	2026-07-23T18:25:06.1488095Z or from Android Studio, click: `Refactor` > `Migrate BuildConfig to Gradle Build Files`.
build	Build APK	2026-07-23T18:25:08.3433346Z Checking the license for package NDK (Side by side) 27.2.12479018 in /usr/local/lib/android/sdk/licenses
build	Build APK	2026-07-23T18:25:08.3436751Z License for package NDK (Side by side) 27.2.12479018 accepted.
build	Build APK	2026-07-23T18:25:08.3438168Z Preparing "Install NDK (Side by side) 27.2.12479018 v.27.2.12479018".
build	Build APK	2026-07-23T18:25:21.4433428Z "Install NDK (Side by side) 27.2.12479018 v.27.2.12479018" ready.
build	Build APK	2026-07-23T18:25:21.4434828Z Installing NDK (Side by side) 27.2.12479018 in /usr/local/lib/android/sdk/ndk/27.2.12479018
build	Build APK	2026-07-23T18:25:21.4435915Z "Install NDK (Side by side) 27.2.12479018 v.27.2.12479018" complete.
build	Build APK	2026-07-23T18:25:21.7444542Z "Install NDK (Side by side) 27.2.12479018 v.27.2.12479018" finished.
build	Build APK	2026-07-23T18:25:23.4446012Z 
build	Build APK	2026-07-23T18:25:23.4495844Z > Configure project :TMessagesProj_AppHuawei
build	Build APK	2026-07-23T18:25:23.4504473Z --W- Build Environment: AGConnect plugin version is: 1.9.1.301, Gradle version is: 8.7, Android Plugin version is: 8.6.1
build	Build APK	2026-07-23T18:25:23.4506230Z --I- Using the AGConnect-Config file: /home/runner/work/Yasuagram/Yasuagram/TMessagesProj_AppHuawei/agconnect-services.json
build	Build APK	2026-07-23T18:25:23.4509496Z --W- The variant: afatDebug, Use the json file: /home/runner/work/Yasuagram/Yasuagram/TMessagesProj_AppHuawei/agconnect-services.json
build	Build APK	2026-07-23T18:25:23.4515833Z --I- Using the AGConnect-Config file: /home/runner/work/Yasuagram/Yasuagram/TMessagesProj_AppHuawei/agconnect-services.json
build	Build APK	2026-07-23T18:25:23.4518196Z --W- The variant: afatRelease, Use the json file: /home/runner/work/Yasuagram/Yasuagram/TMessagesProj_AppHuawei/agconnect-services.json
build	Build APK	2026-07-23T18:25:26.5431540Z 
build	Build APK	2026-07-23T18:25:26.5455275Z > Task :TMessagesProj:checkVisibility
build	Build APK	2026-07-23T18:25:26.5482260Z > Task :TMessagesProj:preBuild
build	Build APK	2026-07-23T18:25:26.5514975Z > Task :TMessagesProj:preDebugBuild
build	Build APK	2026-07-23T18:25:28.5447410Z 
build	Build APK	2026-07-23T18:25:28.5471114Z > Task :TMessagesProj:configureCMakeDebug[arm64-v8a]
build	Build APK	2026-07-23T18:25:28.5472033Z Checking the license for package CMake 3.22.1 in /usr/local/lib/android/sdk/licenses
build	Build APK	2026-07-23T18:25:28.5472834Z License for package CMake 3.22.1 accepted.
build	Build APK	2026-07-23T18:25:28.5473427Z Preparing "Install CMake 3.22.1 v.3.22.1".
build	Build APK	2026-07-23T18:25:28.5473968Z "Install CMake 3.22.1 v.3.22.1" ready.
build	Build APK	2026-07-23T18:25:28.5474841Z Installing CMake 3.22.1 in /usr/local/lib/android/sdk/cmake/3.22.1
build	Build APK	2026-07-23T18:25:28.5475572Z "Install CMake 3.22.1 v.3.22.1" complete.
build	Build APK	2026-07-23T18:25:28.5476074Z "Install CMake 3.22.1 v.3.22.1" finished.
build	Build APK	2026-07-23T18:25:28.5476602Z C/C++: CMake Warning (dev) in CMakeLists.txt:
build	Build APK	2026-07-23T18:25:28.5477299Z C/C++:   No project() command is present.  The top-level CMakeLists.txt file must
build	Build APK	2026-07-23T18:25:28.5478160Z C/C++:   contain a literal, direct call to the project() command.  Add a line of
build	Build APK	2026-07-23T18:25:28.5478831Z C/C++:   code such as
build	Build APK	2026-07-23T18:25:28.5479226Z C/C++:     project(ProjectName)
build	Build APK	2026-07-23T18:25:28.5479794Z C/C++:   near the top of the file, but after cmake_minimum_required().
build	Build APK	2026-07-23T18:25:28.5480595Z C/C++:   CMake is pretending there is a "project(Project)" command on the first
build	Build APK	2026-07-23T18:25:28.5481252Z C/C++:   line.
build	Build APK	2026-07-23T18:25:28.5481794Z C/C++: This warning is for project developers.  Use -Wno-dev to suppress it.
build	Build APK	2026-07-23T18:25:32.0499497Z 
build	Build APK	2026-07-23T18:25:32.0545345Z > Task :TMessagesProj:buildCMakeDebug[arm64-v8a]
build	Build APK	2026-07-23T18:25:32.0615533Z C/C++: ninja: Entering directory `/home/runner/work/Yasuagram/Yasuagram/TMessagesProj/.cxx/Debug/59344w51/arm64-v8a'
build	Build APK	2026-07-23T18:25:32.0675553Z C/C++: /home/runner/work/Yasuagram/Yasuagram/TMessagesProj/jni/tgnet/Connection.cpp:216:93: warning: '&&' within '||' [-Wlogical-op-parentheses]
build	Build APK	2026-07-23T18:25:32.0735628Z C/C++:   216 |         if (currentProtocolType != ProtocolTypeDD && currentProtocolType != ProtocolTypeTLS && currentPacketLength % 4 != 0 || currentPacketLength > 2 * 1024 * 1024) {
build	Build APK	2026-07-23T18:25:32.0795096Z C/C++:       |             ~~~~~~~~~~~~~~~~~~~~~~~~~~~~~~~~~~~~~~~~~~~~~~~~~~~~~~~~~~~~~~~~~~~~~~~~~~~~~~~~^~~~~~~~~~~~~~~~~~~~~~~~~~~~~~~ ~~
build	Build APK	2026-07-23T18:25:32.0855619Z C/C++: /home/runner/work/Yasuagram/Yasuagram/TMessagesProj/jni/tgnet/Connection.cpp:216:93: note: place parentheses around the '&&' expression to silence this warning
build	Build APK	2026-07-23T18:25:32.0915605Z C/C++:   216 |         if (currentProtocolType != ProtocolTypeDD && currentProtocolType != ProtocolTypeTLS && currentPacketLength % 4 != 0 || currentPacketLength > 2 * 1024 * 1024) {
build	Build APK	2026-07-23T18:25:32.0944891Z C/C++:       |                                                                                             ^
build	Build APK	2026-07-23T18:25:32.0945719Z C/C++:       |             (                                                                                                              )
build	Build APK	2026-07-23T18:25:32.0947098Z C/C++: /home/runner/work/Yasuagram/Yasuagram/TMessagesProj/jni/tgnet/Connection.cpp:527:223: warning: '&&' within '||' [-Wlogical-op-parentheses]
build	Build APK	2026-07-23T18:25:32.0949369Z C/C++:   527 |             if (currentProtocolType == ProtocolTypeTLS || bytes[0] != 0xef && val != 0x44414548 && val != 0x54534f50 && val != 0x20544547 && val != 0x4954504f && val != 0xeeeeeeee && val != 0xdddddddd && val != 0x02010316 && val2 != 0x00000000) {
build	Build APK	2026-07-23T18:25:32.0952179Z C/C++:       |                                                        ~~ ~~~~~~~~~~~~~~~~~~~~~~~~~~~~~~~~~~~~~~~~~~~~~~~~~~~~~~~~~~~~~~~~~~~~~~~~~~~~~~~~~~~~~~~~~~~~~~~~~~~~~~~~~~~~~~~~~~~~~~~~~~~~~~~~~~~~~~~~~~~~~~~~~~~~~~~~~~~~~~~~~~~~^~~~~~~~~~~~~~~~~~~~~
build	Build APK	2026-07-23T18:25:32.0984813Z C/C++: /home/runner/work/Yasuagram/Yasuagram/TMessagesProj/jni/tgnet/Connection.cpp:527:223: note: place parentheses around the '&&' expression to silence this warning
build	Build APK	2026-07-23T18:25:32.0987470Z C/C++:   527 |             if (currentProtocolType == ProtocolTypeTLS || bytes[0] != 0xef && val != 0x44414548 && val != 0x54534f50 && val != 0x20544547 && val != 0x4954504f && val != 0xeeeeeeee && val != 0xdddddddd && val != 0x02010316 && val2 != 0x00000000) {
build	Build APK	2026-07-23T18:25:32.0989531Z C/C++:       |                                                                                                                                                                                                                               ^                    
build	Build APK	2026-07-23T18:25:32.0991011Z C/C++:       |                                                           (                                                                                                                                                                                        )
build	Build APK	2026-07-23T18:25:32.0992687Z C/C++: /home/runner/work/Yasuagram/Yasuagram/TMessagesProj/jni/tgnet/Connection.cpp:660:57: warning: '&&' within '||' [-Wlogical-op-parentheses]
build	Build APK	2026-07-23T18:25:32.0995041Z C/C++:   660 |     bool switchToNextPort = reason == 2 && wasConnected && (!hasSomeDataSinceLastConnect || currentDatacenter->isCustomPort(currentAddressFlags)) || forceNextPort;
build	Build APK	2026-07-23T18:25:32.0996755Z C/C++:       |                             ~~~~~~~~~~~~~~~~~~~~~~~~~~~~^~~~~~~~~~~~~~~~~~~~~~~~~~~~~~~~~~~~~~~~~~~~~~~~~~~~~~~~~~~~~~~~~~~~~~~~~~~~~~~~~~~~~~~~~ ~~
build	Build APK	2026-07-23T18:25:32.0998456Z C/C++: /home/runner/work/Yasuagram/Yasuagram/TMessagesProj/jni/tgnet/Connection.cpp:660:57: note: place parentheses around the '&&' expression to silence this warning
build	Build APK	2026-07-23T18:25:32.1000617Z C/C++:   660 |     bool switchToNextPort = reason == 2 && wasConnected && (!hasSomeDataSinceLastConnect || currentDatacenter->isCustomPort(currentAddressFlags)) || forceNextPort;
build	Build APK	2026-07-23T18:25:32.1002075Z C/C++:       |                                                         ^
build	Build APK	2026-07-23T18:25:32.1002920Z C/C++:       |                             (                                                                                                                    )
build	Build APK	2026-07-23T18:25:32.1005558Z C/C++: /home/runner/work/Yasuagram/Yasuagram/TMessagesProj/jni/tgnet/Connection.cpp:715:62: warning: '&&' within '||' [-Wlogical-op-parentheses]
build	Build APK	2026-07-23T18:25:32.1009156Z C/C++:   715 |             if (connectionType == ConnectionTypeGenericMedia && currentDatacenter->isHandshaking(true) || connectionType == ConnectionTypeGeneric && (currentDatacenter->isHandshaking(false) || datacenterId == ConnectionsManager::getInstance(currentDatacenter->instanceNum).currentDatacenterId || datacenterId == ConnectionsManager::getInstance(currentDatacenter->instanceNum).movingToDatacenterId)) {
build	Build APK	2026-07-23T18:25:32.1012127Z C/C++:       |                 ~~~~~~~~~~~~~~~~~~~~~~~~~~~~~~~~~~~~~~~~~~~~~^~~~~~~~~~~~~~~~~~~~~~~~~~~~~~~~~~~~~~~~~ ~~
build	Build APK	2026-07-23T18:25:32.1013737Z C/C++: /home/runner/work/Yasuagram/Yasuagram/TMessagesProj/jni/tgnet/Connection.cpp:715:62: note: place parentheses around the '&&' expression to silence this warning
build	Build APK	2026-07-23T18:25:32.1017479Z C/C++:   715 |             if (connectionType == ConnectionTypeGenericMedia && currentDatacenter->isHandshaking(true) || connectionType == ConnectionTypeGeneric && (currentDatacenter->isHandshaking(false) || datacenterId == ConnectionsManager::getInstance(currentDatacenter->instanceNum).currentDatacenterId || datacenterId == ConnectionsManager::getInstance(currentDatacenter->instanceNum).movingToDatacenterId)) {
build	Build APK	2026-07-23T18:25:32.1020708Z C/C++:       |                                                              ^
build	Build APK	2026-07-23T18:25:32.1021524Z C/C++:       |                 (                                                                                     )
build	Build APK	2026-07-23T18:25:32.1022852Z C/C++: /home/runner/work/Yasuagram/Yasuagram/TMessagesProj/jni/tgnet/Connection.cpp:715:147: warning: '&&' within '||' [-Wlogical-op-parentheses]
build	Build APK	2026-07-23T18:25:32.1027015Z C/C++:   715 |             if (connectionType == ConnectionTypeGenericMedia && currentDatacenter->isHandshaking(true) || connectionType == ConnectionTypeGeneric && (currentDatacenter->isHandshaking(false) || datacenterId == ConnectionsManager::getInstance(currentDatacenter->instanceNum).currentDatacenterId || datacenterId == ConnectionsManager::getInstance(currentDatacenter->instanceNum).movingToDatacenterId)) {
build	Build APK	2026-07-23T18:25:32.1030843Z C/C++:       |                                                                                                        ~~ ~~~~~~~~~~~~~~~~~~~~~~~~~~~~~~~~~~~~~~~~^~~~~~~~~~~~~~~~~~~~~~~~~~~~~~~~~~~~~~~~~~~~~~~~~~~~~~~~~~~~~~~~~~~~~~~~~~~~~~~~~~~~~~~~~~~~~~~~~~~~~~~~~~~~~~~~~~~~~~~~~~~~~~~~~~~~~~~~~~~~~~~~~~~~~~~~~~~~~~~~~~~~~~~~~~~~~~~~~~~~~~~~~~~~~~~~~~~~~~~~~~~~~~~~~~~~~~~~~~~~~~~~~~~~~~~~~~~~~~~~~~~~~~~~~~~
build	Build APK	2026-07-23T18:25:32.1033220Z C/C++: /home/runner/work/Yasuagram/Yasuagram/TMessagesProj/jni/tgnet/Connection.cpp:715:147: note: place parentheses around the '&&' expression to silence this warning
build	Build APK	2026-07-23T18:25:32.1067405Z C/C++:   715 |             if (connectionType == ConnectionTypeGenericMedia && currentDatacenter->isHandshaking(true) || connectionType == ConnectionTypeGeneric && (currentDatacenter->isHandshaking(false) || datacenterId == ConnectionsManager::getInstance(currentDatacenter->instanceNum).currentDatacenterId || datacenterId == ConnectionsManager::getInstance(currentDatacenter->instanceNum).movingToDatacenterId)) {
build	Build APK	2026-07-23T18:25:32.1071103Z C/C++:       |                                                                                                                                                   ^                                                                                                                                                                                                                                                          
build	Build APK	2026-07-23T18:25:32.1073241Z C/C++:       |                                                                                                           (                                                                                                                                                                                                                                                                                                  )
build	Build APK	2026-07-23T18:25:32.1074890Z C/C++: 5 warnings generated.
build	Build APK	2026-07-23T18:25:32.5445940Z C/C++: /home/runner/work/Yasuagram/Yasuagram/TMessagesProj/jni/tgnet/NativeByteBuffer.cpp:17:12: warning: unused variable 'buffersCount' [-Wunused-variable]
build	Build APK	2026-07-23T18:25:32.5487294Z C/C++:    17 | static int buffersCount = 0;
build	Build APK	2026-07-23T18:25:32.5504976Z C/C++:       |            ^~~~~~~~~~~~
build	Build APK	2026-07-23T18:25:32.5534878Z C/C++: 1 warning generated.
build	Build APK	2026-07-23T18:25:35.1445968Z C/C++: /home/runner/work/Yasuagram/Yasuagram/TMessagesProj/jni/tgnet/ConnectionSocket.cpp:1095:29: warning: '&&' within '||' [-Wlogical-op-parentheses]
build	Build APK	2026-07-23T18:25:35.1495816Z C/C++:  1095 |     if (proxyAuthState == 0 && (outgoingByteStream->hasData() || !onConnectedSent) || proxyAuthState == 1 || proxyAuthState == 3 || proxyAuthState == 5 || proxyAuthState == 10) {
build	Build APK	2026-07-23T18:25:35.1547475Z C/C++:       |         ~~~~~~~~~~~~~~~~~~~~^~~~~~~~~~~~~~~~~~~~~~~~~~~~~~~~~~~~~~~~~~~~~~~~~~~~~~ ~~
build	Build APK	2026-07-23T18:25:35.1615907Z C/C++: /home/runner/work/Yasuagram/Yasuagram/TMessagesProj/jni/tgnet/ConnectionSocket.cpp:1095:29: note: place parentheses around the '&&' expression to silence this warning
build	Build APK	2026-07-23T18:25:35.1635764Z C/C++:  1095 |     if (proxyAuthState == 0 && (outgoingByteStream->hasData() || !onConnectedSent) || proxyAuthState == 1 || proxyAuthState == 3 || proxyAuthState == 5 || proxyAuthState == 10) {
build	Build APK	2026-07-23T18:25:35.1694815Z C/C++:       |                             ^
build	Build APK	2026-07-23T18:25:35.1724933Z C/C++:       |         (                                                                         )
build	Build APK	2026-07-23T18:25:35.1749289Z C/C++: 1 warning generated.
build	Build APK	2026-07-23T18:25:35.9446081Z C/C++: /home/runner/work/Yasuagram/Yasuagram/TMessagesProj/jni/tgnet/Request.cpp:82:19: warning: '&&' within '||' [-Wlogical-op-parentheses]
build	Build APK	2026-07-23T18:25:35.9475526Z C/C++:    82 |     return !media && datacenter->lastInitVersion != currentVersion || media && datacenter->lastInitMediaVersion != currentVersion;
build	Build APK	2026-07-23T18:25:35.9476870Z C/C++:       |            ~~~~~~~^~~~~~~~~~~~~~~~~~~~~~~~~~~~~~~~~~~~~~~~~~~~~~~~ ~~
build	Build APK	2026-07-23T18:25:35.9535602Z C/C++: /home/runner/work/Yasuagram/Yasuagram/TMessagesProj/jni/tgnet/Request.cpp:82:19: note: place parentheses around the '&&' expression to silence this warning
build	Build APK	2026-07-23T18:25:35.9538005Z C/C++:    82 |     return !media && datacenter->lastInitVersion != currentVersion || media && datacenter->lastInitMediaVersion != currentVersion;
build	Build APK	2026-07-23T18:25:35.9564790Z C/C++:       |                   ^
build	Build APK	2026-07-23T18:25:35.9565827Z C/C++:       |            (                                                      )
build	Build APK	2026-07-23T18:25:35.9598706Z C/C++: /home/runner/work/Yasuagram/Yasuagram/TMessagesProj/jni/tgnet/Request.cpp:82:77: warning: '&&' within '||' [-Wlogical-op-parentheses]
build	Build APK	2026-07-23T18:25:35.9625501Z C/C++:    82 |     return !media && datacenter->lastInitVersion != currentVersion || media && datacenter->lastInitMediaVersion != currentVersion;
build	Build APK	2026-07-23T18:25:35.9655030Z C/C++:       |                                                                    ~~ ~~~~~~^~~~~~~~~~~~~~~~~~~~~~~~~~~~~~~~~~~~~~~~~~~~~~~~~~~~~
build	Build APK	2026-07-23T18:25:35.9656623Z C/C++: /home/runner/work/Yasuagram/Yasuagram/TMessagesProj/jni/tgnet/Request.cpp:82:77: note: place parentheses around the '&&' expression to silence this warning
build	Build APK	2026-07-23T18:25:35.9685485Z C/C++:    82 |     return !media && datacenter->lastInitVersion != currentVersion || media && datacenter->lastInitMediaVersion != currentVersion;
build	Build APK	2026-07-23T18:25:35.9714928Z C/C++:       |                                                                             ^                                                    
build	Build APK	2026-07-23T18:25:35.9715887Z C/C++:       |                                                                       (                                                          )
build	Build APK	2026-07-23T18:25:35.9716571Z C/C++: 2 warnings generated.
build	Build APK	2026-07-23T18:25:36.8440098Z C/C++: /home/runner/work/Yasuagram/Yasuagram/TMessagesProj/jni/tgnet/Datacenter.cpp:199:62: warning: '&&' within '||' [-Wlogical-op-parentheses]
build	Build APK	2026-07-23T18:25:36.8495627Z C/C++:   199 |     if (flags == 0 && (authKeyPerm == nullptr || PFS_ENABLED && authKeyTemp == nullptr) && !addressesIpv4Temp.empty()) {
build	Build APK	2026-07-23T18:25:36.8524958Z C/C++:       |                                               ~~ ~~~~~~~~~~~~^~~~~~~~~~~~~~~~~~~~~~~~~
build	Build APK	2026-07-23T18:25:36.8526493Z C/C++: /home/runner/work/Yasuagram/Yasuagram/TMessagesProj/jni/tgnet/Datacenter.cpp:199:62: note: place parentheses around the '&&' expression to silence this warning
build	Build APK	2026-07-23T18:25:36.8528254Z C/C++:   199 |     if (flags == 0 && (authKeyPerm == nullptr || PFS_ENABLED && authKeyTemp == nullptr) && !addressesIpv4Temp.empty()) {
build	Build APK	2026-07-23T18:25:36.8529427Z C/C++:       |                                                  ~~~~~~~~~~~~^~~~~~~~~~~~~~~~~~~~~~~~~
build	Build APK	2026-07-23T18:25:36.8530709Z C/C++: /home/runner/work/Yasuagram/Yasuagram/TMessagesProj/jni/tgnet/Datacenter.cpp:257:62: warning: '&&' within '||' [-Wlogical-op-parentheses]
build	Build APK	2026-07-23T18:25:36.8532315Z C/C++:   257 |     if (flags == 0 && (authKeyPerm == nullptr || PFS_ENABLED && authKeyTemp == nullptr) && !addressesIpv4Temp.empty()) {
build	Build APK	2026-07-23T18:25:36.8533411Z C/C++:       |                                               ~~ ~~~~~~~~~~~~^~~~~~~~~~~~~~~~~~~~~~~~~
build	Build APK	2026-07-23T18:25:36.8535582Z C/C++: /home/runner/work/Yasuagram/Yasuagram/TMessagesProj/jni/tgnet/Datacenter.cpp:257:62: note: place parentheses around the '&&' expression to silence this warning
build	Build APK	2026-07-23T18:25:36.8537345Z C/C++:   257 |     if (flags == 0 && (authKeyPerm == nullptr || PFS_ENABLED && authKeyTemp == nullptr) && !addressesIpv4Temp.empty()) {
build	Build APK	2026-07-23T18:25:36.8538778Z C/C++:       |                                                  ~~~~~~~~~~~~^~~~~~~~~~~~~~~~~~~~~~~~~
build	Build APK	2026-07-23T18:25:36.8540062Z C/C++: /home/runner/work/Yasuagram/Yasuagram/TMessagesProj/jni/tgnet/Datacenter.cpp:377:62: warning: '&&' within '||' [-Wlogical-op-parentheses]
build	Build APK	2026-07-23T18:25:36.8541685Z C/C++:   377 |     if (flags == 0 && (authKeyPerm == nullptr || PFS_ENABLED && authKeyTemp == nullptr) && !addressesIpv4Temp.empty()) {
build	Build APK	2026-07-23T18:25:36.8542785Z C/C++:       |                                               ~~ ~~~~~~~~~~~~^~~~~~~~~~~~~~~~~~~~~~~~~
build	Build APK	2026-07-23T18:25:36.8544489Z C/C++: /home/runner/work/Yasuagram/Yasuagram/TMessagesProj/jni/tgnet/Datacenter.cpp:377:62: note: place parentheses around the '&&' expression to silence this warning
build	Build APK	2026-07-23T18:25:36.8546286Z C/C++:   377 |     if (flags == 0 && (authKeyPerm == nullptr || PFS_ENABLED && authKeyTemp == nullptr) && !addressesIpv4Temp.empty()) {
build	Build APK	2026-07-23T18:25:36.8547418Z C/C++:       |                                                  ~~~~~~~~~~~~^~~~~~~~~~~~~~~~~~~~~~~~~
build	Build APK	2026-07-23T18:25:36.8548684Z C/C++: /home/runner/work/Yasuagram/Yasuagram/TMessagesProj/jni/tgnet/Datacenter.cpp:446:62: warning: '&&' within '||' [-Wlogical-op-parentheses]
build	Build APK	2026-07-23T18:25:36.8550307Z C/C++:   446 |     if (flags == 0 && (authKeyPerm == nullptr || PFS_ENABLED && authKeyTemp == nullptr) && !addressesIpv4Temp.empty()) {
build	Build APK	2026-07-23T18:25:36.8551415Z C/C++:       |                                               ~~ ~~~~~~~~~~~~^~~~~~~~~~~~~~~~~~~~~~~~~
build	Build APK	2026-07-23T18:25:36.8552825Z C/C++: /home/runner/work/Yasuagram/Yasuagram/TMessagesProj/jni/tgnet/Datacenter.cpp:446:62: note: place parentheses around the '&&' expression to silence this warning
build	Build APK	2026-07-23T18:25:36.8615014Z C/C++:   446 |     if (flags == 0 && (authKeyPerm == nullptr || PFS_ENABLED && authKeyTemp == nullptr) && !addressesIpv4Temp.empty()) {
build	Build APK	2026-07-23T18:25:36.8616228Z C/C++:       |                                                  ~~~~~~~~~~~~^~~~~~~~~~~~~~~~~~~~~~~~~
build	Build APK	2026-07-23T18:25:36.8616932Z C/C++: 4 warnings generated.
build	Build APK	2026-07-23T18:25:42.6476016Z C/C++: /home/runner/work/Yasuagram/Yasuagram/TMessagesProj/jni/rlottie/src/lottie/lottiemodel.cpp:211:73: warning: '&&' within '||' [-Wlogical-op-parentheses]
build	Build APK	2026-07-23T18:25:42.6565589Z C/C++:   211 |     if (opacityArraySize % 2 != 0 || colorPoints > opacityArraySize / 2 && opacityArraySize < 4) {
build	Build APK	2026-07-23T18:25:42.6655425Z C/C++:       |                                   ~~ ~~~~~~~~~~~~~~~~~~~~~~~~~~~~~~~~~~~^~~~~~~~~~~~~~~~~~~~~~~
build	Build APK	2026-07-23T18:25:42.6685997Z C/C++: /home/runner/work/Yasuagram/Yasuagram/TMessagesProj/jni/rlottie/src/lottie/lottiemodel.cpp:211:73: note: place parentheses around the '&&' expression to silence this warning
build	Build APK	2026-07-23T18:25:42.6745283Z C/C++:   211 |     if (opacityArraySize % 2 != 0 || colorPoints > opacityArraySize / 2 && opacityArraySize < 4) {
build	Build APK	2026-07-23T18:25:42.6775051Z C/C++:       |                                                                         ^                      
build	Build APK	2026-07-23T18:25:42.6797025Z C/C++:       |                                      (                                                         )
build	Build APK	2026-07-23T18:25:42.6864918Z C/C++: 1 warning generated.
build	Build APK	2026-07-23T18:25:47.6466331Z C/C++: /home/runner/work/Yasuagram/Yasuagram/TMessagesProj/jni/tgnet/ConnectionsManager.cpp:1243:127: warning: format specifies type 'long long' but the argument has type 'int64_t' (aka 'long') [-Wformat]
build	Build APK	2026-07-23T18:25:47.6516453Z C/C++:  1243 |             if (LOGS_ENABLED) DEBUG_D("message_id %lld connection(%p, account%u, dc%u, type %d) received rpc_result with %s", messageId, connection, instanceNum, datacenter->getDatacenterId(), connection->getConnectionType(), typeid(*object).name());
build	Build APK	2026-07-23T18:25:47.6545080Z C/C++:       |                                                   ~~~~                                                                        ^~~~~~~~~
build	Build APK	2026-07-23T18:25:47.6597092Z C/C++:       |                                                   %ld
build	Build APK	2026-07-23T18:25:47.6656195Z C/C++: /home/runner/work/Yasuagram/Yasuagram/TMessagesProj/jni/tgnet/ConnectionsManager.cpp:1247:132: warning: format specifies type 'long long' but the argument has type 'int64_t' (aka 'long') [-Wformat]
build	Build APK	2026-07-23T18:25:47.6686284Z C/C++:  1247 |             if (LOGS_ENABLED) DEBUG_E("message_id %lld req_msg_id %lld connection(%p, account%u, dc%u, type %d) rpc error %d: %s", messageId, resultMid, connection, instanceNum, datacenter->getDatacenterId(), connection->getConnectionType(), error->error_code, error->error_message.c_str());
build	Build APK	2026-07-23T18:25:47.6688559Z C/C++:       |                                                   ~~~~                                                                             ^~~~~~~~~
build	Build APK	2026-07-23T18:25:47.6689417Z C/C++:       |                                                   %ld
build	Build APK	2026-07-23T18:25:47.6690965Z C/C++: /home/runner/work/Yasuagram/Yasuagram/TMessagesProj/jni/tgnet/ConnectionsManager.cpp:1247:143: warning: format specifies type 'long long' but the argument has type 'int64_t' (aka 'long') [-Wformat]
build	Build APK	2026-07-23T18:25:47.6693874Z C/C++:  1247 |             if (LOGS_ENABLED) DEBUG_E("message_id %lld req_msg_id %lld connection(%p, account%u, dc%u, type %d) rpc error %d: %s", messageId, resultMid, connection, instanceNum, datacenter->getDatacenterId(), connection->getConnectionType(), error->error_code, error->error_message.c_str());
build	Build APK	2026-07-23T18:25:47.6696437Z C/C++:       |                                                                   ~~~~                                                                        ^~~~~~~~~
build	Build APK	2026-07-23T18:25:47.6697445Z C/C++:       |                                                                   %ld
build	Build APK	2026-07-23T18:25:47.6726097Z C/C++: /home/runner/work/Yasuagram/Yasuagram/TMessagesProj/jni/tgnet/ConnectionsManager.cpp:1952:101: warning: expression with side effects will be evaluated despite being used as an operand to 'typeid' [-Wpotentially-evaluated-expression]
build	Build APK	2026-07-23T18:25:47.6775330Z C/C++:  1952 |         if (LOGS_ENABLED) DEBUG_D("send request wrapped %p - %s", request->rpcRequest.get(), typeid(*(request->rpcRequest.get())).name());
build	Build APK	2026-07-23T18:25:47.6834979Z C/C++:       |                                                                                                     ^
build	Build APK	2026-07-23T18:25:47.6865833Z C/C++: /home/runner/work/Yasuagram/Yasuagram/TMessagesProj/jni/tgnet/ConnectionsManager.cpp:2028:52: warning: format specifies type 'long long' but the argument has type 'int64_t' (aka 'long') [-Wformat]
build	Build APK	2026-07-23T18:25:47.6883854Z C/C++:  2028 |         if (LOGS_ENABLED) DEBUG_D("set user %lld", userId);
build	Build APK	2026-07-23T18:25:47.6954968Z C/C++:       |                                             ~~~~   ^~~~~~
build	Build APK	2026-07-23T18:25:47.6984828Z C/C++:       |                                             %ld
build	Build APK	2026-07-23T18:25:47.7045847Z C/C++: /home/runner/work/Yasuagram/Yasuagram/TMessagesProj/jni/tgnet/ConnectionsManager.cpp:2206:5: warning: non-void lambda does not return a value in all control paths [-Wreturn-type]
build	Build APK	2026-07-23T18:25:47.7095476Z C/C++:  2206 |     });
build	Build APK	2026-07-23T18:25:47.7144991Z C/C++:       |     ^
build	Build APK	2026-07-23T18:25:47.7246165Z C/C++: /home/runner/work/Yasuagram/Yasuagram/TMessagesProj/jni/tgnet/ConnectionsManager.cpp:3053:155: warning: expression with side effects will be evaluated despite being used as an operand to 'typeid' [-Wpotentially-evaluated-expression]
build	Build APK	2026-07-23T18:25:47.7295755Z C/C++:  3053 |                             if (LOGS_ENABLED) DEBUG_D("wrap body(%p, %s) to TL_invokeAfterMsg, token = %d, after 0x%" PRIx64, message->body.get(), typeid(*(message->body.get())).name(), networkMessage->requestId, request->msg_id);
build	Build APK	2026-07-23T18:25:47.7355114Z C/C++:       |                                                                                                                                                           ^
build	Build APK	2026-07-23T18:25:47.7415583Z C/C++: /home/runner/work/Yasuagram/Yasuagram/TMessagesProj/jni/tgnet/ConnectionsManager.cpp:3278:43: warning: array subscript is of type 'char' [-Wchar-subscripts]
build	Build APK	2026-07-23T18:25:47.7475086Z C/C++:  3278 |             auto value = url_char_to_value[base64.c_str()[i++]];
build	Build APK	2026-07-23T18:25:47.7534917Z C/C++:       |                                           ^~~~~~~~~~~~~~~~~~~~
build	Build APK	2026-07-23T18:25:47.7590835Z C/C++: 8 warnings generated.
build	Build APK	2026-07-23T18:25:48.8450586Z C/C++: In file included from /home/runner/work/Yasuagram/Yasuagram/TMessagesProj/jni/rlottie/src/lottie/lottieparser.cpp:58:
build	Build APK	2026-07-23T18:25:48.8475037Z C/C++: In file included from /home/runner/work/Yasuagram/Yasuagram/TMessagesProj/jni/./tgnet/FileLog.h:12:
build	Build APK	2026-07-23T18:25:48.8505920Z C/C++: /home/runner/work/Yasuagram/Yasuagram/TMessagesProj/jni/./tgnet/Defines.h:142:16: warning: 'ConnectiosManagerDelegate' has virtual functions but non-virtual destructor [-Wnon-virtual-dtor]
build	Build APK	2026-07-23T18:25:48.8535125Z C/C++:   142 | typedef struct ConnectiosManagerDelegate {
build	Build APK	2026-07-23T18:25:48.8564802Z C/C++:       |                ^
build	Build APK	2026-07-23T18:25:48.8566472Z C/C++: /home/runner/work/Yasuagram/Yasuagram/TMessagesProj/jni/./tgnet/Defines.h:161:16: warning: 'HandshakeDelegate' has virtual functions but non-virtual destructor [-Wnon-virtual-dtor]
build	Build APK	2026-07-23T18:25:48.8593571Z C/C++:   161 | typedef struct HandshakeDelegate {
build	Build APK	2026-07-23T18:25:48.8624831Z C/C++:       |                ^
build	Build APK	2026-07-23T18:25:48.8655706Z C/C++: /home/runner/work/Yasuagram/Yasuagram/TMessagesProj/jni/rlottie/src/lottie/lottieparser.cpp:186:60: warning: field 'colorMap' will be initialized after field 'mFitzModifier' [-Wreorder-ctor]
build	Build APK	2026-07-23T18:25:48.8657869Z C/C++:   186 |         : LookaheadParserHandler(str), mDirPath(dir_path), colorMap(colorReplacement), mFitzModifier(fitzModifier)
build	Build APK	2026-07-23T18:25:48.8685135Z C/C++:       |                                        ~~~~~~~~~~~~~~~~~~  ^~~~~~~~~~~~~~~~~~~~~~~~~~  ~~~~~~~~~~~~~~~~~~~~~~~~~~~
build	Build APK	2026-07-23T18:25:48.8715185Z C/C++:       |                                        mFitzModifier(fitzModifier) mDirPath(dir_path)  colorMap(colorReplacement)
build	Build APK	2026-07-23T18:25:48.8724893Z C/C++: 3 warnings generated.
build	Build APK	2026-07-23T18:25:50.7455689Z C/C++: In file included from /home/runner/work/Yasuagram/Yasuagram/TMessagesProj/jni/rlottie/src/vector/vraster.cpp:22:
build	Build APK	2026-07-23T18:25:50.7485247Z C/C++: In file included from /home/runner/work/Yasuagram/Yasuagram/TMessagesProj/jni/./tgnet/FileLog.h:12:
build	Build APK	2026-07-23T18:25:50.7525909Z C/C++: /home/runner/work/Yasuagram/Yasuagram/TMessagesProj/jni/./tgnet/Defines.h:142:16: warning: 'ConnectiosManagerDelegate' has virtual functions but non-virtual destructor [-Wnon-virtual-dtor]
build	Build APK	2026-07-23T18:25:50.7553553Z C/C++:   142 | typedef struct ConnectiosManagerDelegate {
build	Build APK	2026-07-23T18:25:50.7609738Z C/C++:       |                ^
build	Build APK	2026-07-23T18:25:50.7635798Z C/C++: /home/runner/work/Yasuagram/Yasuagram/TMessagesProj/jni/./tgnet/Defines.h:161:16: warning: 'HandshakeDelegate' has virtual functions but non-virtual destructor [-Wnon-virtual-dtor]
build	Build APK	2026-07-23T18:25:50.7664925Z C/C++:   161 | typedef struct HandshakeDelegate {
build	Build APK	2026-07-23T18:25:50.7714790Z C/C++:       |                ^
build	Build APK	2026-07-23T18:25:50.7734907Z C/C++: 2 warnings generated.
build	Build APK	2026-07-23T18:25:55.8450358Z C/C++: In file included from /home/runner/work/Yasuagram/Yasuagram/TMessagesProj/jni/voip/libtgvoip/Buffers.cpp:7:
build	Build APK	2026-07-23T18:25:55.8495448Z C/C++: In file included from /home/runner/work/Yasuagram/Yasuagram/TMessagesProj/jni/voip/libtgvoip/Buffers.h:19:
build	Build APK	2026-07-23T18:25:55.8551206Z C/C++: /home/runner/work/Yasuagram/Yasuagram/TMessagesProj/jni/voip/libtgvoip/threading.h:110:8: warning: private field 'maxPriority' is not used [-Wunused-private-field]
build	Build APK	2026-07-23T18:25:55.8604944Z C/C++:   110 |                 bool maxPriority=false;
build	Build APK	2026-07-23T18:25:55.8634790Z C/C++:       |                      ^
build	Build APK	2026-07-23T18:25:55.8694887Z C/C++: 1 warning generated.
build	Build APK	2026-07-23T18:25:56.4455966Z C/C++: In file included from /home/runner/work/Yasuagram/Yasuagram/TMessagesProj/jni/voip/libtgvoip/BlockingQueue.cpp:7:
build	Build APK	2026-07-23T18:25:56.4485488Z C/C++: In file included from /home/runner/work/Yasuagram/Yasuagram/TMessagesProj/jni/voip/libtgvoip/BlockingQueue.h:12:
build	Build APK	2026-07-23T18:25:56.5456002Z C/C++: /home/runner/work/Yasuagram/Yasuagram/TMessagesProj/jni/voip/libtgvoip/threading.h:110:8: warning: private field 'maxPriority' is not used [-Wunused-private-field]
build	Build APK	2026-07-23T18:25:56.5457801Z C/C++:   110 |                 bool maxPriority=false;
build	Build APK	2026-07-23T18:25:56.5494741Z C/C++:       |                      ^
build	Build APK	2026-07-23T18:25:56.5524735Z C/C++: 1 warning generated.
build	Build APK	2026-07-23T18:25:56.7495839Z C/C++: In file included from /home/runner/work/Yasuagram/Yasuagram/TMessagesProj/jni/voip/libtgvoip/logging.cpp:12:
build	Build APK	2026-07-23T18:25:56.7505392Z C/C++: In file included from /home/runner/work/Yasuagram/Yasuagram/TMessagesProj/jni/voip/libtgvoip/VoIPController.h:24:
build	Build APK	2026-07-23T18:25:56.7525250Z C/C++: In file included from /home/runner/work/Yasuagram/Yasuagram/TMessagesProj/jni/voip/libtgvoip/video/VideoSource.h:12:
build	Build APK	2026-07-23T18:25:56.7535403Z C/C++: In file included from /home/runner/work/Yasuagram/Yasuagram/TMessagesProj/jni/voip/libtgvoip/video/../Buffers.h:19:
build	Build APK	2026-07-23T18:25:56.7565725Z C/C++: /home/runner/work/Yasuagram/Yasuagram/TMessagesProj/jni/voip/libtgvoip/video/../threading.h:110:8: warning: private field 'maxPriority' is not used [-Wunused-private-field]
build	Build APK	2026-07-23T18:25:56.7594839Z C/C++:   110 |                 bool maxPriority=false;
build	Build APK	2026-07-23T18:25:56.7614677Z C/C++:       |                      ^
build	Build APK	2026-07-23T18:25:56.7624883Z C/C++: 1 warning generated.
build	Build APK	2026-07-23T18:25:57.5433780Z C/C++: In file included from /home/runner/work/Yasuagram/Yasuagram/TMessagesProj/jni/voip/libtgvoip/audio/AudioInput.cpp:7:
build	Build APK	2026-07-23T18:25:57.5465272Z C/C++: In file included from /home/runner/work/Yasuagram/Yasuagram/TMessagesProj/jni/voip/libtgvoip/audio/AudioInput.h:13:
build	Build APK	2026-07-23T18:25:57.5485470Z C/C++: In file included from /home/runner/work/Yasuagram/Yasuagram/TMessagesProj/jni/voip/libtgvoip/audio/../MediaStreamItf.h:14:
build	Build APK	2026-07-23T18:25:57.5505586Z C/C++: /home/runner/work/Yasuagram/Yasuagram/TMessagesProj/jni/voip/libtgvoip/audio/../threading.h:110:8: warning: private field 'maxPriority' is not used [-Wunused-private-field]
build	Build APK	2026-07-23T18:25:57.5524904Z C/C++:   110 |                 bool maxPriority=false;
build	Build APK	2026-07-23T18:25:57.5534688Z C/C++:       |                      ^
build	Build APK	2026-07-23T18:25:57.5574821Z C/C++: 1 warning generated.
build	Build APK	2026-07-23T18:25:57.7434401Z C/C++: In file included from /home/runner/work/Yasuagram/Yasuagram/TMessagesProj/jni/voip/libtgvoip/os/android/AudioInputOpenSLES.cpp:11:
build	Build APK	2026-07-23T18:25:57.7455678Z C/C++: In file included from /home/runner/work/Yasuagram/Yasuagram/TMessagesProj/jni/voip/libtgvoip/os/android/AudioInputOpenSLES.h:13:
build	Build APK	2026-07-23T18:25:57.7505426Z C/C++: In file included from /home/runner/work/Yasuagram/Yasuagram/TMessagesProj/jni/voip/libtgvoip/os/android/../../audio/AudioInput.h:13:
build	Build APK	2026-07-23T18:25:57.7560416Z C/C++: In file included from /home/runner/work/Yasuagram/Yasuagram/TMessagesProj/jni/voip/libtgvoip/os/android/../../audio/../MediaStreamItf.h:14:
build	Build APK	2026-07-23T18:25:57.7605858Z C/C++: /home/runner/work/Yasuagram/Yasuagram/TMessagesProj/jni/voip/libtgvoip/os/android/../../audio/../threading.h:110:8: warning: private field 'maxPriority' is not used [-Wunused-private-field]
build	Build APK	2026-07-23T18:25:57.7614924Z C/C++:   110 |                 bool maxPriority=false;
build	Build APK	2026-07-23T18:25:57.7681630Z C/C++:       |                      ^
build	Build APK	2026-07-23T18:25:57.7714878Z C/C++: 1 warning generated.
build	Build APK	2026-07-23T18:25:58.5459819Z C/C++: /home/runner/work/Yasuagram/Yasuagram/TMessagesProj/jni/voip/libtgvoip/VoIPGroupController.cpp:628:24: warning: variable length arrays in C++ are a Clang extension [-Wvla-cxx-extension]
build	Build APK	2026-07-23T18:25:58.5525277Z C/C++:   628 |                 unsigned char aesOut[MSC_STACK_FALLBACK(inner.GetLength(), 1500)];
build	Build APK	2026-07-23T18:25:58.5605073Z C/C++:       |                                      ^~~~~~~~~~~~~~~~~~~~~~~~~~~~~~~~~~~~~~~~~~~
build	Build APK	2026-07-23T18:25:58.5635551Z C/C++: /home/runner/work/Yasuagram/Yasuagram/TMessagesProj/jni/voip/libtgvoip/PrivateDefines.h:119:34: note: expanded from macro 'MSC_STACK_FALLBACK'
build	Build APK	2026-07-23T18:25:58.5678297Z C/C++:   119 | #define MSC_STACK_FALLBACK(a, b) (a)
build	Build APK	2026-07-23T18:25:58.5724842Z C/C++:       |                                  ^~~
build	Build APK	2026-07-23T18:25:58.5796044Z C/C++: /home/runner/work/Yasuagram/Yasuagram/TMessagesProj/jni/voip/libtgvoip/VoIPGroupController.cpp:628:49: note: non-constexpr function 'GetLength' cannot be used in a constant expression
build	Build APK	2026-07-23T18:25:58.5835460Z C/C++:   628 |                 unsigned char aesOut[MSC_STACK_FALLBACK(inner.GetLength(), 1500)];
build	Build APK	2026-07-23T18:25:58.5894955Z C/C++:       |                                                               ^
build	Build APK	2026-07-23T18:25:58.5915642Z C/C++: /home/runner/work/Yasuagram/Yasuagram/TMessagesProj/jni/voip/libtgvoip/video/../Buffers.h:66:10: note: declared here
build	Build APK	2026-07-23T18:25:58.5954848Z C/C++:    66 |                 size_t GetLength();
build	Build APK	2026-07-23T18:25:58.6014954Z C/C++:       |                        ^
build	Build APK	2026-07-23T18:25:58.6035362Z C/C++: In file included from /home/runner/work/Yasuagram/Yasuagram/TMessagesProj/jni/voip/libtgvoip/VoIPGroupController.cpp:7:
build	Build APK	2026-07-23T18:25:58.6037078Z C/C++: In file included from /home/runner/work/Yasuagram/Yasuagram/TMessagesProj/jni/voip/libtgvoip/VoIPController.h:24:
build	Build APK	2026-07-23T18:25:58.6038642Z C/C++: In file included from /home/runner/work/Yasuagram/Yasuagram/TMessagesProj/jni/voip/libtgvoip/video/VideoSource.h:12:
build	Build APK	2026-07-23T18:25:58.6040218Z C/C++: In file included from /home/runner/work/Yasuagram/Yasuagram/TMessagesProj/jni/voip/libtgvoip/video/../Buffers.h:19:
build	Build APK	2026-07-23T18:25:58.6042180Z C/C++: /home/runner/work/Yasuagram/Yasuagram/TMessagesProj/jni/voip/libtgvoip/video/../threading.h:110:8: warning: private field 'maxPriority' is not used [-Wunused-private-field]
build	Build APK	2026-07-23T18:25:58.6043687Z C/C++:   110 |                 bool maxPriority=false;
build	Build APK	2026-07-23T18:25:58.6044530Z C/C++:       |                      ^
build	Build APK	2026-07-23T18:25:58.6045011Z C/C++: 2 warnings generated.
build	Build APK	2026-07-23T18:25:58.9455724Z C/C++: In file included from /home/runner/work/Yasuagram/Yasuagram/TMessagesProj/jni/voip/libtgvoip/MediaStreamItf.cpp:8:
build	Build APK	2026-07-23T18:25:58.9485486Z C/C++: In file included from /home/runner/work/Yasuagram/Yasuagram/TMessagesProj/jni/voip/libtgvoip/MediaStreamItf.h:14:
build	Build APK	2026-07-23T18:25:58.9545667Z C/C++: /home/runner/work/Yasuagram/Yasuagram/TMessagesProj/jni/voip/libtgvoip/threading.h:110:8: warning: private field 'maxPriority' is not used [-Wunused-private-field]
build	Build APK	2026-07-23T18:25:58.9595072Z C/C++:   110 |                 bool maxPriority=false;
build	Build APK	2026-07-23T18:25:58.9660195Z C/C++:       |                      ^
build	Build APK	2026-07-23T18:25:58.9714796Z C/C++: 1 warning generated.
build	Build APK	2026-07-23T18:25:59.4461357Z C/C++: In file included from /home/runner/work/Yasuagram/Yasuagram/TMessagesProj/jni/voip/libtgvoip/OpusEncoder.cpp:7:
build	Build APK	2026-07-23T18:25:59.4525541Z C/C++: In file included from /home/runner/work/Yasuagram/Yasuagram/TMessagesProj/jni/voip/libtgvoip/OpusEncoder.h:11:
build	Build APK	2026-07-23T18:25:59.4535455Z C/C++: In file included from /home/runner/work/Yasuagram/Yasuagram/TMessagesProj/jni/voip/libtgvoip/MediaStreamItf.h:14:
build	Build APK	2026-07-23T18:25:59.4575567Z C/C++: /home/runner/work/Yasuagram/Yasuagram/TMessagesProj/jni/voip/libtgvoip/threading.h:110:8: warning: private field 'maxPriority' is not used [-Wunused-private-field]
build	Build APK	2026-07-23T18:25:59.4594957Z C/C++:   110 |                 bool maxPriority=false;
build	Build APK	2026-07-23T18:25:59.4634726Z C/C++:       |                      ^
build	Build APK	2026-07-23T18:25:59.4664715Z C/C++: 1 warning generated.
build	Build APK	2026-07-23T18:25:59.4695298Z C/C++: In file included from /home/runner/work/Yasuagram/Yasuagram/TMessagesProj/jni/voip/libtgvoip/audio/AudioOutput.cpp:19:
build	Build APK	2026-07-23T18:25:59.4725963Z C/C++: /home/runner/work/Yasuagram/Yasuagram/TMessagesProj/jni/voip/libtgvoip/audio/../os/android/AudioOutputAndroid.h:20:15: warning: 'Start' overrides a member function but is not marked 'override' [-Winconsistent-missing-override]
build	Build APK	2026-07-23T18:25:59.4754755Z C/C++:    20 |         virtual void Start();
build	Build APK	2026-07-23T18:25:59.4784649Z C/C++:       |                      ^
build	Build APK	2026-07-23T18:25:59.4815497Z C/C++: /home/runner/work/Yasuagram/Yasuagram/TMessagesProj/jni/voip/libtgvoip/audio/../MediaStreamItf.h:24:15: note: overridden virtual function is here
build	Build APK	2026-07-23T18:25:59.4844778Z C/C++:    24 |         virtual void Start()=0;
build	Build APK	2026-07-23T18:25:59.4874709Z C/C++:       |                      ^
build	Build APK	2026-07-23T18:25:59.4905253Z C/C++: In file included from /home/runner/work/Yasuagram/Yasuagram/TMessagesProj/jni/voip/libtgvoip/audio/AudioOutput.cpp:19:
build	Build APK	2026-07-23T18:25:59.4935964Z C/C++: /home/runner/work/Yasuagram/Yasuagram/TMessagesProj/jni/voip/libtgvoip/audio/../os/android/AudioOutputAndroid.h:21:15: warning: 'Stop' overrides a member function but is not marked 'override' [-Winconsistent-missing-override]
build	Build APK	2026-07-23T18:25:59.4964754Z C/C++:    21 |         virtual void Stop();
build	Build APK	2026-07-23T18:25:59.4994730Z C/C++:       |                      ^
build	Build APK	2026-07-23T18:25:59.5025501Z C/C++: /home/runner/work/Yasuagram/Yasuagram/TMessagesProj/jni/voip/libtgvoip/audio/../MediaStreamItf.h:25:15: note: overridden virtual function is here
build	Build APK	2026-07-23T18:25:59.5054775Z C/C++:    25 |         virtual void Stop()=0;
build	Build APK	2026-07-23T18:25:59.5084809Z C/C++:       |                      ^
build	Build APK	2026-07-23T18:25:59.5115292Z C/C++: In file included from /home/runner/work/Yasuagram/Yasuagram/TMessagesProj/jni/voip/libtgvoip/audio/AudioOutput.cpp:7:
build	Build APK	2026-07-23T18:25:59.5145416Z C/C++: In file included from /home/runner/work/Yasuagram/Yasuagram/TMessagesProj/jni/voip/libtgvoip/audio/AudioOutput.h:14:
build	Build APK	2026-07-23T18:25:59.5175330Z C/C++: In file included from /home/runner/work/Yasuagram/Yasuagram/TMessagesProj/jni/voip/libtgvoip/audio/../MediaStreamItf.h:14:
build	Build APK	2026-07-23T18:25:59.5205567Z C/C++: /home/runner/work/Yasuagram/Yasuagram/TMessagesProj/jni/voip/libtgvoip/audio/../threading.h:110:8: warning: private field 'maxPriority' is not used [-Wunused-private-field]
build	Build APK	2026-07-23T18:25:59.5234736Z C/C++:   110 |                 bool maxPriority=false;
build	Build APK	2026-07-23T18:25:59.5264709Z C/C++:       |                      ^
build	Build APK	2026-07-23T18:25:59.5294756Z C/C++: 3 warnings generated.
build	Build APK	2026-07-23T18:26:00.3435946Z C/C++: In file included from /home/runner/work/Yasuagram/Yasuagram/TMessagesProj/jni/voip/libtgvoip/os/android/AudioOutputOpenSLES.cpp:10:
build	Build APK	2026-07-23T18:26:00.3465573Z C/C++: In file included from /home/runner/work/Yasuagram/Yasuagram/TMessagesProj/jni/voip/libtgvoip/os/android/AudioOutputOpenSLES.h:13:
build	Build APK	2026-07-23T18:26:00.3525646Z C/C++: In file included from /home/runner/work/Yasuagram/Yasuagram/TMessagesProj/jni/voip/libtgvoip/os/android/../../audio/AudioOutput.h:14:
build	Build APK	2026-07-23T18:26:00.3555504Z C/C++: In file included from /home/runner/work/Yasuagram/Yasuagram/TMessagesProj/jni/voip/libtgvoip/os/android/../../audio/../MediaStreamItf.h:14:
build	Build APK	2026-07-23T18:26:00.3557750Z C/C++: /home/runner/work/Yasuagram/Yasuagram/TMessagesProj/jni/voip/libtgvoip/os/android/../../audio/../threading.h:110:8: warning: private field 'maxPriority' is not used [-Wunused-private-field]
build	Build APK	2026-07-23T18:26:00.3559271Z C/C++:   110 |                 bool maxPriority=false;
build	Build APK	2026-07-23T18:26:00.3559868Z C/C++:       |                      ^
build	Build APK	2026-07-23T18:26:00.3560353Z C/C++: 1 warning generated.
build	Build APK	2026-07-23T18:26:01.0445721Z C/C++: In file included from /home/runner/work/Yasuagram/Yasuagram/TMessagesProj/jni/voip/libtgvoip/OpusDecoder.cpp:7:
build	Build APK	2026-07-23T18:26:01.0505907Z C/C++: In file included from /home/runner/work/Yasuagram/Yasuagram/TMessagesProj/jni/voip/libtgvoip/OpusDecoder.h:11:
build	Build APK	2026-07-23T18:26:01.0535392Z C/C++: In file included from /home/runner/work/Yasuagram/Yasuagram/TMessagesProj/jni/voip/libtgvoip/MediaStreamItf.h:14:
build	Build APK	2026-07-23T18:26:01.0565683Z C/C++: /home/runner/work/Yasuagram/Yasuagram/TMessagesProj/jni/voip/libtgvoip/threading.h:110:8: warning: private field 'maxPriority' is not used [-Wunused-private-field]
build	Build APK	2026-07-23T18:26:01.0575408Z C/C++:   110 |                 bool maxPriority=false;
build	Build APK	2026-07-23T18:26:01.0594748Z C/C++:       |                      ^
build	Build APK	2026-07-23T18:26:01.0606218Z C/C++: 1 warning generated.
build	Build APK	2026-07-23T18:26:01.2465690Z C/C++: In file included from /home/runner/work/Yasuagram/Yasuagram/TMessagesProj/jni/voip/libtgvoip/JitterBuffer.cpp:7:
build	Build APK	2026-07-23T18:26:01.2485292Z C/C++: In file included from /home/runner/work/Yasuagram/Yasuagram/TMessagesProj/jni/voip/libtgvoip/VoIPController.h:24:
build	Build APK	2026-07-23T18:26:01.2515325Z C/C++: In file included from /home/runner/work/Yasuagram/Yasuagram/TMessagesProj/jni/voip/libtgvoip/video/VideoSource.h:12:
build	Build APK	2026-07-23T18:26:01.2545229Z C/C++: In file included from /home/runner/work/Yasuagram/Yasuagram/TMessagesProj/jni/voip/libtgvoip/video/../Buffers.h:19:
build	Build APK	2026-07-23T18:26:01.2575800Z C/C++: /home/runner/work/Yasuagram/Yasuagram/TMessagesProj/jni/voip/libtgvoip/video/../threading.h:110:8: warning: private field 'maxPriority' is not used [-Wunused-private-field]
build	Build APK	2026-07-23T18:26:01.2604824Z C/C++:   110 |                 bool maxPriority=false;
build	Build APK	2026-07-23T18:26:01.2626150Z C/C++:       |                      ^
build	Build APK	2026-07-23T18:26:01.2664775Z C/C++: 1 warning generated.
build	Build APK	2026-07-23T18:26:01.7435897Z C/C++: In file included from /home/runner/work/Yasuagram/Yasuagram/TMessagesProj/jni/voip/libtgvoip/EchoCanceller.cpp:12:
build	Build APK	2026-07-23T18:26:01.7465381Z C/C++: In file included from /home/runner/work/Yasuagram/Yasuagram/TMessagesProj/jni/voip/libtgvoip/EchoCanceller.h:10:
build	Build APK	2026-07-23T18:26:01.7467371Z C/C++: /home/runner/work/Yasuagram/Yasuagram/TMessagesProj/jni/voip/libtgvoip/threading.h:110:8: warning: private field 'maxPriority' is not used [-Wunused-private-field]
build	Build APK	2026-07-23T18:26:01.7468815Z C/C++:   110 |                 bool maxPriority=false;
build	Build APK	2026-07-23T18:26:01.7469381Z C/C++:       |                      ^
build	Build APK	2026-07-23T18:26:01.7469875Z C/C++: 1 warning generated.
build	Build APK	2026-07-23T18:26:01.7470905Z C/C++: In file included from /home/runner/work/Yasuagram/Yasuagram/TMessagesProj/jni/voip/libtgvoip/os/android/AudioInputAndroid.cpp:7:
build	Build APK	2026-07-23T18:26:01.7472547Z C/C++: In file included from /home/runner/work/Yasuagram/Yasuagram/TMessagesProj/jni/voip/libtgvoip/os/android/AudioInputAndroid.h:11:
build	Build APK	2026-07-23T18:26:01.7474530Z C/C++: In file included from /home/runner/work/Yasuagram/Yasuagram/TMessagesProj/jni/voip/libtgvoip/os/android/../../audio/AudioInput.h:13:
build	Build APK	2026-07-23T18:26:01.7476325Z C/C++: In file included from /home/runner/work/Yasuagram/Yasuagram/TMessagesProj/jni/voip/libtgvoip/os/android/../../audio/../MediaStreamItf.h:14:
build	Build APK	2026-07-23T18:26:01.7478422Z C/C++: /home/runner/work/Yasuagram/Yasuagram/TMessagesProj/jni/voip/libtgvoip/os/android/../../audio/../threading.h:110:8: warning: private field 'maxPriority' is not used [-Wunused-private-field]
build	Build APK	2026-07-23T18:26:01.7479957Z C/C++:   110 |                 bool maxPriority=false;
build	Build APK	2026-07-23T18:26:01.7480530Z C/C++:       |                      ^
build	Build APK	2026-07-23T18:26:01.7480986Z C/C++: 1 warning generated.
build	Build APK	2026-07-23T18:26:02.7435798Z C/C++: In file included from /home/runner/work/Yasuagram/Yasuagram/TMessagesProj/jni/voip/libtgvoip/os/android/AudioOutputAndroid.cpp:7:
build	Build APK	2026-07-23T18:26:02.7496072Z C/C++: /home/runner/work/Yasuagram/Yasuagram/TMessagesProj/jni/voip/libtgvoip/os/android/AudioOutputAndroid.h:20:15: warning: 'Start' overrides a member function but is not marked 'override' [-Winconsistent-missing-override]
build	Build APK	2026-07-23T18:26:02.7524983Z C/C++:    20 |         virtual void Start();
build	Build APK	2026-07-23T18:26:02.7584985Z C/C++:       |                      ^
build	Build APK	2026-07-23T18:26:02.7615508Z C/C++: /home/runner/work/Yasuagram/Yasuagram/TMessagesProj/jni/voip/libtgvoip/os/android/../../audio/../MediaStreamItf.h:24:15: note: overridden virtual function is here
build	Build APK	2026-07-23T18:26:02.7665061Z C/C++:    24 |         virtual void Start()=0;
build	Build APK	2026-07-23T18:26:02.7695003Z C/C++:       |                      ^
build	Build APK	2026-07-23T18:26:02.7745556Z C/C++: In file included from /home/runner/work/Yasuagram/Yasuagram/TMessagesProj/jni/voip/libtgvoip/os/android/AudioOutputAndroid.cpp:7:
build	Build APK	2026-07-23T18:26:02.7796001Z C/C++: /home/runner/work/Yasuagram/Yasuagram/TMessagesProj/jni/voip/libtgvoip/os/android/AudioOutputAndroid.h:21:15: warning: 'Stop' overrides a member function but is not marked 'override' [-Winconsistent-missing-override]
build	Build APK	2026-07-23T18:26:02.7885166Z C/C++:    21 |         virtual void Stop();
build	Build APK	2026-07-23T18:26:02.7914769Z C/C++:       |                      ^
build	Build APK	2026-07-23T18:26:02.7975791Z C/C++: /home/runner/work/Yasuagram/Yasuagram/TMessagesProj/jni/voip/libtgvoip/os/android/../../audio/../MediaStreamItf.h:25:15: note: overridden virtual function is here
build	Build APK	2026-07-23T18:26:02.8035413Z C/C++:    25 |         virtual void Stop()=0;
build	Build APK	2026-07-23T18:26:02.8036549Z C/C++:       |                      ^
build	Build APK	2026-07-23T18:26:02.8065506Z C/C++: In file included from /home/runner/work/Yasuagram/Yasuagram/TMessagesProj/jni/voip/libtgvoip/os/android/AudioOutputAndroid.cpp:7:
build	Build APK	2026-07-23T18:26:02.8095479Z C/C++: In file included from /home/runner/work/Yasuagram/Yasuagram/TMessagesProj/jni/voip/libtgvoip/os/android/AudioOutputAndroid.h:11:
build	Build APK	2026-07-23T18:26:02.8125474Z C/C++: In file included from /home/runner/work/Yasuagram/Yasuagram/TMessagesProj/jni/voip/libtgvoip/os/android/../../audio/AudioOutput.h:14:
build	Build APK	2026-07-23T18:26:02.8127670Z C/C++: In file included from /home/runner/work/Yasuagram/Yasuagram/TMessagesProj/jni/voip/libtgvoip/os/android/../../audio/../MediaStreamItf.h:14:
build	Build APK	2026-07-23T18:26:02.8155776Z C/C++: /home/runner/work/Yasuagram/Yasuagram/TMessagesProj/jni/voip/libtgvoip/os/android/../../audio/../threading.h:110:8: warning: private field 'maxPriority' is not used [-Wunused-private-field]
build	Build APK	2026-07-23T18:26:02.8184998Z C/C++:   110 |                 bool maxPriority=false;
build	Build APK	2026-07-23T18:26:02.8214840Z C/C++:       |                      ^
build	Build APK	2026-07-23T18:26:02.8244856Z C/C++: 3 warnings generated.
build	Build APK	2026-07-23T18:26:02.8455953Z C/C++: In file included from /home/runner/work/Yasuagram/Yasuagram/TMessagesProj/jni/voip/libtgvoip/VoIPServerConfig.cpp:7:
build	Build APK	2026-07-23T18:26:02.8458174Z C/C++: In file included from /home/runner/work/Yasuagram/Yasuagram/TMessagesProj/jni/voip/libtgvoip/VoIPServerConfig.h:13:
build	Build APK	2026-07-23T18:26:02.8485858Z C/C++: /home/runner/work/Yasuagram/Yasuagram/TMessagesProj/jni/voip/libtgvoip/threading.h:110:8: warning: private field 'maxPriority' is not used [-Wunused-private-field]
build	Build APK	2026-07-23T18:26:02.8514995Z C/C++:   110 |                 bool maxPriority=false;
build	Build APK	2026-07-23T18:26:02.8544847Z C/C++:       |                      ^
build	Build APK	2026-07-23T18:26:02.8545670Z C/C++: 1 warning generated.
build	Build APK	2026-07-23T18:26:03.9431556Z C/C++: In file included from /home/runner/work/Yasuagram/Yasuagram/TMessagesProj/jni/voip/libtgvoip/CongestionControl.cpp:7:
build	Build APK	2026-07-23T18:26:03.9445474Z C/C++: In file included from /home/runner/work/Yasuagram/Yasuagram/TMessagesProj/jni/voip/libtgvoip/CongestionControl.h:12:
build	Build APK	2026-07-23T18:26:03.9475741Z C/C++: /home/runner/work/Yasuagram/Yasuagram/TMessagesProj/jni/voip/libtgvoip/threading.h:110:8: warning: private field 'maxPriority' is not used [-Wunused-private-field]
build	Build APK	2026-07-23T18:26:03.9504821Z C/C++:   110 |                 bool maxPriority=false;
build	Build APK	2026-07-23T18:26:03.9534782Z C/C++:       |                      ^
build	Build APK	2026-07-23T18:26:03.9535533Z C/C++: 1 warning generated.
build	Build APK	2026-07-23T18:26:04.3455869Z C/C++: In file included from /home/runner/work/Yasuagram/Yasuagram/TMessagesProj/jni/voip/libtgvoip/MessageThread.cpp:15:
build	Build APK	2026-07-23T18:26:04.3457840Z C/C++: In file included from /home/runner/work/Yasuagram/Yasuagram/TMessagesProj/jni/voip/libtgvoip/MessageThread.h:8:
build	Build APK	2026-07-23T18:26:04.3485658Z C/C++: /home/runner/work/Yasuagram/Yasuagram/TMessagesProj/jni/voip/libtgvoip/threading.h:110:8: warning: private field 'maxPriority' is not used [-Wunused-private-field]
build	Build APK	2026-07-23T18:26:04.3514904Z C/C++:   110 |                 bool maxPriority=false;
build	Build APK	2026-07-23T18:26:04.3534677Z C/C++:       |                      ^
build	Build APK	2026-07-23T18:26:04.3544755Z C/C++: 1 warning generated.
build	Build APK	2026-07-23T18:26:05.0455931Z C/C++: In file included from /home/runner/work/Yasuagram/Yasuagram/TMessagesProj/jni/voip/libtgvoip/PacketReassembler.cpp:5:
build	Build APK	2026-07-23T18:26:05.0465409Z C/C++: In file included from /home/runner/work/Yasuagram/Yasuagram/TMessagesProj/jni/voip/libtgvoip/PacketReassembler.h:12:
build	Build APK	2026-07-23T18:26:05.0485326Z C/C++: In file included from /home/runner/work/Yasuagram/Yasuagram/TMessagesProj/jni/voip/libtgvoip/Buffers.h:19:
build	Build APK	2026-07-23T18:26:05.0515683Z C/C++: /home/runner/work/Yasuagram/Yasuagram/TMessagesProj/jni/voip/libtgvoip/threading.h:110:8: warning: private field 'maxPriority' is not used [-Wunused-private-field]
build	Build APK	2026-07-23T18:26:05.0544885Z C/C++:   110 |                 bool maxPriority=false;
build	Build APK	2026-07-23T18:26:05.0564862Z C/C++:       |                      ^
build	Build APK	2026-07-23T18:26:05.0574855Z C/C++: 1 warning generated.
build	Build APK	2026-07-23T18:26:05.2479001Z C/C++: In file included from /home/runner/work/Yasuagram/Yasuagram/TMessagesProj/jni/voip/libtgvoip/NetworkSocket.cpp:14:
build	Build APK	2026-07-23T18:26:05.2495356Z C/C++: In file included from /home/runner/work/Yasuagram/Yasuagram/TMessagesProj/jni/voip/libtgvoip/os/posix/NetworkSocketPosix.h:11:
build	Build APK	2026-07-23T18:26:05.2525380Z C/C++: In file included from /home/runner/work/Yasuagram/Yasuagram/TMessagesProj/jni/voip/libtgvoip/os/posix/../../Buffers.h:19:
build	Build APK	2026-07-23T18:26:05.2532605Z C/C++: /home/runner/work/Yasuagram/Yasuagram/TMessagesProj/jni/voip/libtgvoip/os/posix/../../threading.h:110:8: warning: private field 'maxPriority' is not used [-Wunused-private-field]
build	Build APK	2026-07-23T18:26:05.2564936Z C/C++:   110 |                 bool maxPriority=false;
build	Build APK	2026-07-23T18:26:05.2579218Z C/C++:       |                      ^
build	Build APK	2026-07-23T18:26:05.2604915Z C/C++: 1 warning generated.
build	Build APK	2026-07-23T18:26:05.3455927Z C/C++: In file included from /home/runner/work/Yasuagram/Yasuagram/TMessagesProj/jni/voip/libtgvoip/audio/AudioIO.cpp:19:
build	Build APK	2026-07-23T18:26:05.3458635Z C/C++: /home/runner/work/Yasuagram/Yasuagram/TMessagesProj/jni/voip/libtgvoip/audio/../os/android/AudioOutputAndroid.h:20:15: warning: 'Start' overrides a member function but is not marked 'override' [-Winconsistent-missing-override]
build	Build APK	2026-07-23T18:26:05.3484898Z C/C++:    20 |         virtual void Start();
build	Build APK	2026-07-23T18:26:05.3515122Z C/C++:       |                      ^
build	Build APK	2026-07-23T18:26:05.3545421Z C/C++: /home/runner/work/Yasuagram/Yasuagram/TMessagesProj/jni/voip/libtgvoip/audio/../MediaStreamItf.h:24:15: note: overridden virtual function is here
build	Build APK	2026-07-23T18:26:05.3546581Z C/C++:    24 |         virtual void Start()=0;
build	Build APK	2026-07-23T18:26:05.3547046Z C/C++:       |                      ^
build	Build APK	2026-07-23T18:26:05.3547917Z C/C++: In file included from /home/runner/work/Yasuagram/Yasuagram/TMessagesProj/jni/voip/libtgvoip/audio/AudioIO.cpp:19:
build	Build APK	2026-07-23T18:26:05.3549890Z C/C++: /home/runner/work/Yasuagram/Yasuagram/TMessagesProj/jni/voip/libtgvoip/audio/../os/android/AudioOutputAndroid.h:21:15: warning: 'Stop' overrides a member function but is not marked 'override' [-Winconsistent-missing-override]
build	Build APK	2026-07-23T18:26:05.3553352Z C/C++:    21 |         virtual void Stop();
build	Build APK	2026-07-23T18:26:05.3553823Z C/C++:       |                      ^
build	Build APK	2026-07-23T18:26:05.3555213Z C/C++: /home/runner/work/Yasuagram/Yasuagram/TMessagesProj/jni/voip/libtgvoip/audio/../MediaStreamItf.h:25:15: note: overridden virtual function is here
build	Build APK	2026-07-23T18:26:05.3556373Z C/C++:    25 |         virtual void Stop()=0;
build	Build APK	2026-07-23T18:26:05.3556831Z C/C++:       |                      ^
build	Build APK	2026-07-23T18:26:05.3557736Z C/C++: In file included from /home/runner/work/Yasuagram/Yasuagram/TMessagesProj/jni/voip/libtgvoip/audio/AudioIO.cpp:8:
build	Build APK	2026-07-23T18:26:05.3559174Z C/C++: In file included from /home/runner/work/Yasuagram/Yasuagram/TMessagesProj/jni/voip/libtgvoip/audio/AudioIO.h:11:
build	Build APK	2026-07-23T18:26:05.3560628Z C/C++: In file included from /home/runner/work/Yasuagram/Yasuagram/TMessagesProj/jni/voip/libtgvoip/audio/AudioInput.h:13:
build	Build APK	2026-07-23T18:26:05.3562159Z C/C++: In file included from /home/runner/work/Yasuagram/Yasuagram/TMessagesProj/jni/voip/libtgvoip/audio/../MediaStreamItf.h:14:
build	Build APK	2026-07-23T18:26:05.3564677Z C/C++: /home/runner/work/Yasuagram/Yasuagram/TMessagesProj/jni/voip/libtgvoip/audio/../threading.h:110:8: warning: private field 'maxPriority' is not used [-Wunused-private-field]
build	Build APK	2026-07-23T18:26:05.3566053Z C/C++:   110 |                 bool maxPriority=false;
build	Build APK	2026-07-23T18:26:05.3566799Z C/C++:       |                      ^
build	Build APK	2026-07-23T18:26:05.3567260Z C/C++: 3 warnings generated.
build	Build APK	2026-07-23T18:26:05.3568260Z C/C++: In file included from /home/runner/work/Yasuagram/Yasuagram/TMessagesProj/jni/voip/libtgvoip/os/posix/NetworkSocketPosix.cpp:7:
build	Build APK	2026-07-23T18:26:05.3569884Z C/C++: In file included from /home/runner/work/Yasuagram/Yasuagram/TMessagesProj/jni/voip/libtgvoip/os/posix/NetworkSocketPosix.h:11:
build	Build APK	2026-07-23T18:26:05.3571464Z C/C++: In file included from /home/runner/work/Yasuagram/Yasuagram/TMessagesProj/jni/voip/libtgvoip/os/posix/../../Buffers.h:19:
build	Build APK	2026-07-23T18:26:05.3573390Z C/C++: /home/runner/work/Yasuagram/Yasuagram/TMessagesProj/jni/voip/libtgvoip/os/posix/../../threading.h:110:8: warning: private field 'maxPriority' is not used [-Wunused-private-field]
build	Build APK	2026-07-23T18:26:05.3647141Z C/C++:   110 |                 bool maxPriority=false;
build	Build APK	2026-07-23T18:26:05.3647814Z C/C++:       |                      ^
build	Build APK	2026-07-23T18:26:05.3648326Z C/C++: 1 warning generated.
build	Build APK	2026-07-23T18:26:06.6475829Z C/C++: In file included from /home/runner/work/Yasuagram/Yasuagram/TMessagesProj/jni/voip/libtgvoip/video/VideoRenderer.cpp:5:
build	Build APK	2026-07-23T18:26:06.6535640Z C/C++: In file included from /home/runner/work/Yasuagram/Yasuagram/TMessagesProj/jni/voip/libtgvoip/video/VideoRenderer.h:9:
build	Build APK	2026-07-23T18:26:06.6575618Z C/C++: In file included from /home/runner/work/Yasuagram/Yasuagram/TMessagesProj/jni/voip/libtgvoip/video/../Buffers.h:19:
build	Build APK	2026-07-23T18:26:06.6577605Z C/C++: /home/runner/work/Yasuagram/Yasuagram/TMessagesProj/jni/voip/libtgvoip/video/../threading.h:110:8: warning: private field 'maxPriority' is not used [-Wunused-private-field]
build	Build APK	2026-07-23T18:26:06.6579358Z C/C++:   110 |                 bool maxPriority=false;
build	Build APK	2026-07-23T18:26:06.6584815Z C/C++:       |                      ^
build	Build APK	2026-07-23T18:26:06.6585341Z C/C++: 1 warning generated.
build	Build APK	2026-07-23T18:26:06.9455738Z C/C++: In file included from /home/runner/work/Yasuagram/Yasuagram/TMessagesProj/jni/voip/libtgvoip/video/VideoSource.cpp:5:
build	Build APK	2026-07-23T18:26:06.9470761Z C/C++: In file included from /home/runner/work/Yasuagram/Yasuagram/TMessagesProj/jni/voip/libtgvoip/video/VideoSource.h:12:
build	Build APK	2026-07-23T18:26:06.9485610Z C/C++: In file included from /home/runner/work/Yasuagram/Yasuagram/TMessagesProj/jni/voip/libtgvoip/video/../Buffers.h:19:
build	Build APK	2026-07-23T18:26:06.9515623Z C/C++: /home/runner/work/Yasuagram/Yasuagram/TMessagesProj/jni/voip/libtgvoip/video/../threading.h:110:8: warning: private field 'maxPriority' is not used [-Wunused-private-field]
build	Build APK	2026-07-23T18:26:06.9517193Z C/C++:   110 |                 bool maxPriority=false;
build	Build APK	2026-07-23T18:26:06.9571288Z C/C++:       |                      ^
build	Build APK	2026-07-23T18:26:06.9574832Z C/C++: 1 warning generated.
build	Build APK	2026-07-23T18:26:07.1486308Z C/C++: /home/runner/work/Yasuagram/Yasuagram/TMessagesProj/jni/voip/libtgvoip/video/ScreamCongestionController.cpp:23:29: warning: unused variable 'BETA_ECN' [-Wunused-const-variable]
build	Build APK	2026-07-23T18:26:07.1515016Z C/C++:    23 |         /*static*/ constexpr float BETA_ECN=0.9f;
build	Build APK	2026-07-23T18:26:07.1544789Z C/C++:       |                                    ^~~~~~~~
build	Build APK	2026-07-23T18:26:07.1565580Z C/C++: In file included from /home/runner/work/Yasuagram/Yasuagram/TMessagesProj/jni/voip/libtgvoip/video/ScreamCongestionController.cpp:7:
build	Build APK	2026-07-23T18:26:07.1595536Z C/C++: In file included from /home/runner/work/Yasuagram/Yasuagram/TMessagesProj/jni/voip/libtgvoip/video/ScreamCongestionController.h:8:
build	Build APK	2026-07-23T18:26:07.1605383Z C/C++: In file included from /home/runner/work/Yasuagram/Yasuagram/TMessagesProj/jni/voip/libtgvoip/video/../Buffers.h:19:
build	Build APK	2026-07-23T18:26:07.1625917Z C/C++: /home/runner/work/Yasuagram/Yasuagram/TMessagesProj/jni/voip/libtgvoip/video/../threading.h:110:8: warning: private field 'maxPriority' is not used [-Wunused-private-field]
build	Build APK	2026-07-23T18:26:07.1655005Z C/C++:   110 |                 bool maxPriority=false;
build	Build APK	2026-07-23T18:26:07.1684896Z C/C++:       |                      ^
build	Build APK	2026-07-23T18:26:07.1694766Z C/C++: 2 warnings generated.
build	Build APK	2026-07-23T18:26:07.7455891Z C/C++: In file included from /home/runner/work/Yasuagram/Yasuagram/TMessagesProj/jni/third_party/openh264/src/codec/encoder/core/src/deblocking.cpp:41:
build	Build APK	2026-07-23T18:26:07.7485631Z C/C++: In file included from /home/runner/work/Yasuagram/Yasuagram/TMessagesProj/jni/third_party/openh264/src/codec/encoder/core/inc/deblocking.h:44:
build	Build APK	2026-07-23T18:26:07.7505904Z C/C++: In file included from /home/runner/work/Yasuagram/Yasuagram/TMessagesProj/jni/third_party/openh264/src/codec/encoder/core/inc/encoder_context.h:45:
build	Build APK	2026-07-23T18:26:07.7525674Z C/C++: /home/runner/work/Yasuagram/Yasuagram/TMessagesProj/jni/third_party/openh264/src/codec/encoder/core/inc/param_svc.h:493:26: warning: variable 'pSpatialLayer' set but not used [-Wunused-but-set-variable]
build	Build APK	2026-07-23T18:26:07.7665596Z C/C++:   493 |     SSpatialLayerConfig* pSpatialLayer = &sSpatialLayers[0];
build	Build APK	2026-07-23T18:26:07.7684934Z C/C++:       |                          ^
build	Build APK	2026-07-23T18:26:07.7715110Z C/C++: 1 warning generated.
build	Build APK	2026-07-23T18:26:07.9466387Z C/C++: /home/runner/work/Yasuagram/Yasuagram/TMessagesProj/jni/voip/libtgvoip/VoIPController.cpp:422:15: warning: unqualified call to 'std::move' [-Wunqualified-std-cast-call]
build	Build APK	2026-07-23T18:26:07.9495038Z C/C++:   422 |                         Buffer buf(move(s));
build	Build APK	2026-07-23T18:26:07.9504975Z C/C++:       |                                    ^
build	Build APK	2026-07-23T18:26:07.9534831Z C/C++:       |                                    std::
build	Build APK	2026-07-23T18:26:07.9555755Z C/C++: /home/runner/work/Yasuagram/Yasuagram/TMessagesProj/jni/voip/libtgvoip/VoIPController.cpp:974:13: warning: unqualified call to 'std::move' [-Wunqualified-std-cast-call]
build	Build APK	2026-07-23T18:26:07.9584750Z C/C++:   974 |         Buffer buf(move(s));
build	Build APK	2026-07-23T18:26:07.9585345Z C/C++:       |                    ^
build	Build APK	2026-07-23T18:26:07.9585854Z C/C++:       |                    std::
build	Build APK	2026-07-23T18:26:07.9587244Z C/C++: /home/runner/work/Yasuagram/Yasuagram/TMessagesProj/jni/voip/libtgvoip/VoIPController.cpp:1053:28: warning: unqualified call to 'std::move' [-Wunqualified-std-cast-call]
build	Build APK	2026-07-23T18:26:07.9588843Z C/C++:  1053 |                 ecAudioPackets.push_back(move(ecBuf));
build	Build APK	2026-07-23T18:26:07.9589551Z C/C++:       |                                          ^
build	Build APK	2026-07-23T18:26:07.9590177Z C/C++:       |                                          std::
build	Build APK	2026-07-23T18:26:07.9591652Z C/C++: /home/runner/work/Yasuagram/Yasuagram/TMessagesProj/jni/voip/libtgvoip/VoIPController.cpp:1069:21: warning: unqualified call to 'std::move' [-Wunqualified-std-cast-call]
build	Build APK	2026-07-23T18:26:07.9593151Z C/C++:  1069 |                         /*.data=*/Buffer(move(pkt)),
build	Build APK	2026-07-23T18:26:07.9593835Z C/C++:       |                                          ^
build	Build APK	2026-07-23T18:26:07.9594722Z C/C++:       |                                          std::
build	Build APK	2026-07-23T18:26:07.9596187Z C/C++: /home/runner/work/Yasuagram/Yasuagram/TMessagesProj/jni/voip/libtgvoip/VoIPController.cpp:1075:22: warning: unqualified call to 'std::move' [-Wunqualified-std-cast-call]
build	Build APK	2026-07-23T18:26:07.9597683Z C/C++:  1075 |         SendOrEnqueuePacket(move(p));
build	Build APK	2026-07-23T18:26:07.9598278Z C/C++:       |                             ^
build	Build APK	2026-07-23T18:26:07.9598829Z C/C++:       |                             std::
build	Build APK	2026-07-23T18:26:07.9600224Z C/C++: /home/runner/work/Yasuagram/Yasuagram/TMessagesProj/jni/voip/libtgvoip/VoIPController.cpp:1079:28: warning: unqualified call to 'std::move' [-Wunqualified-std-cast-call]
build	Build APK	2026-07-23T18:26:07.9601699Z C/C++:  1079 |                 ecAudioPackets.push_back(move(ecBuf));
build	Build APK	2026-07-23T18:26:07.9614871Z C/C++:       |                                          ^
build	Build APK	2026-07-23T18:26:07.9615731Z C/C++:       |                                          std::
build	Build APK	2026-07-23T18:26:07.9645687Z C/C++: /home/runner/work/Yasuagram/Yasuagram/TMessagesProj/jni/voip/libtgvoip/VoIPController.cpp:1096:12: warning: unqualified call to 'std::move' [-Wunqualified-std-cast-call]
build	Build APK	2026-07-23T18:26:07.9674892Z C/C++:  1096 |                                 Buffer(move(pkt)),
build	Build APK	2026-07-23T18:26:07.9704845Z C/C++:       |                                        ^
build	Build APK	2026-07-23T18:26:07.9705794Z C/C++:       |                                        std::
build	Build APK	2026-07-23T18:26:07.9735550Z C/C++: /home/runner/work/Yasuagram/Yasuagram/TMessagesProj/jni/voip/libtgvoip/VoIPController.cpp:1099:23: warning: unqualified call to 'std::move' [-Wunqualified-std-cast-call]
build	Build APK	2026-07-23T18:26:07.9764871Z C/C++:  1099 |                 SendOrEnqueuePacket(move(p));
build	Build APK	2026-07-23T18:26:07.9794922Z C/C++:       |                                     ^
build	Build APK	2026-07-23T18:26:07.9795811Z C/C++:       |                                     std::
build	Build APK	2026-07-23T18:26:07.9825657Z C/C++: /home/runner/work/Yasuagram/Yasuagram/TMessagesProj/jni/voip/libtgvoip/VoIPController.cpp:1448:23: warning: unqualified call to 'std::move' [-Wunqualified-std-cast-call]
build	Build APK	2026-07-23T18:26:07.9854921Z C/C++:  1448 |                                         /*.data=*/Buffer(move(out)),
build	Build APK	2026-07-23T18:26:07.9871893Z C/C++:       |                                                          ^
build	Build APK	2026-07-23T18:26:07.9884925Z C/C++:       |                                                          std::
build	Build APK	2026-07-23T18:26:07.9915749Z C/C++: /home/runner/work/Yasuagram/Yasuagram/TMessagesProj/jni/voip/libtgvoip/VoIPController.cpp:1691:25: warning: unqualified call to 'std::move' [-Wunqualified-std-cast-call]
build	Build APK	2026-07-23T18:26:07.9944996Z C/C++:  1691 |                                 SendOrEnqueuePacket(move(*opkt), false);
build	Build APK	2026-07-23T18:26:07.9974798Z C/C++:       |                                                     ^
build	Build APK	2026-07-23T18:26:07.9975492Z C/C++:       |                                                     std::
build	Build APK	2026-07-23T18:26:08.0005612Z C/C++: /home/runner/work/Yasuagram/Yasuagram/TMessagesProj/jni/voip/libtgvoip/VoIPController.cpp:1756:17: warning: unqualified call to 'std::move' [-Wunqualified-std-cast-call]
build	Build APK	2026-07-23T18:26:08.0034836Z C/C++:  1756 |                                                         Buffer b(move(o));
build	Build APK	2026-07-23T18:26:08.0035593Z C/C++:       |                                                                  ^
build	Build APK	2026-07-23T18:26:08.0036292Z C/C++:       |                                                                  std::
build	Build APK	2026-07-23T18:26:08.0037772Z C/C++: /home/runner/work/Yasuagram/Yasuagram/TMessagesProj/jni/voip/libtgvoip/VoIPController.cpp:1796:19: warning: unqualified call to 'std::move' [-Wunqualified-std-cast-call]
build	Build APK	2026-07-23T18:26:08.0039252Z C/C++:  1796 |                                                         Buffer buf(move(pkt));
build	Build APK	2026-07-23T18:26:08.0039957Z C/C++:       |                                                                    ^
build	Build APK	2026-07-23T18:26:08.0040612Z C/C++:       |                                                                    std::
build	Build APK	2026-07-23T18:26:08.0042117Z C/C++: /home/runner/work/Yasuagram/Yasuagram/TMessagesProj/jni/voip/libtgvoip/VoIPController.cpp:1823:24: warning: variable length arrays in C++ are a Clang extension [-Wvla-cxx-extension]
build	Build APK	2026-07-23T18:26:08.0043749Z C/C++:  1823 |                 unsigned char aesOut[MSC_STACK_FALLBACK(in.Remaining(), 1500)];
build	Build APK	2026-07-23T18:26:08.0044849Z C/C++:       |                                      ^~~~~~~~~~~~~~~~~~~~~~~~~~~~~~~~~~~~~~~~
build	Build APK	2026-07-23T18:26:08.0046149Z C/C++: /home/runner/work/Yasuagram/Yasuagram/TMessagesProj/jni/voip/libtgvoip/PrivateDefines.h:119:34: note: expanded from macro 'MSC_STACK_FALLBACK'
build	Build APK	2026-07-23T18:26:08.0047404Z C/C++:   119 | #define MSC_STACK_FALLBACK(a, b) (a)
build	Build APK	2026-07-23T18:26:08.0047968Z C/C++:       |                                  ^~~
build	Build APK	2026-07-23T18:26:08.0049392Z C/C++: /home/runner/work/Yasuagram/Yasuagram/TMessagesProj/jni/voip/libtgvoip/VoIPController.cpp:1823:46: note: non-constexpr function 'Remaining' cannot be used in a constant expression
build	Build APK	2026-07-23T18:26:08.0051497Z C/C++:  1823 |                 unsigned char aesOut[MSC_STACK_FALLBACK(in.Remaining(), 1500)];
build	Build APK	2026-07-23T18:26:08.0052310Z C/C++:       |                                                            ^
build	Build APK	2026-07-23T18:26:08.0053415Z C/C++: /home/runner/work/Yasuagram/Yasuagram/TMessagesProj/jni/voip/libtgvoip/video/../Buffers.h:34:10: note: declared here
build	Build APK	2026-07-23T18:26:08.0055152Z C/C++:    34 |                 size_t Remaining();
build	Build APK	2026-07-23T18:26:08.0055772Z C/C++:       |                        ^
build	Build APK	2026-07-23T18:26:08.0057412Z C/C++: /home/runner/work/Yasuagram/Yasuagram/TMessagesProj/jni/voip/libtgvoip/VoIPController.cpp:2120:81: warning: format specifies type 'unsigned int' but the argument has type 'size_type' (aka 'unsigned long') [-Wformat]
build	Build APK	2026-07-23T18:26:08.0059865Z C/C++:  2120 |                                                 LOGE("!!!!!!!!!!!!!!11 VIDEO FRAME LOSS DETECTED [1] %u of %u fragments", sentVideoFrames[0].unacknowledgedPackets.size(), sentVideoFrames[0].fragmentCount);
build	Build APK	2026-07-23T18:26:08.0061513Z C/C++:       |                                                                                                      ~~                   ^~~~~~~~~~~~~~~~~~~~~~~~~~~~~~~~~~~~~~~~~~~~~~~
build	Build APK	2026-07-23T18:26:08.0062542Z C/C++:       |                                                                                                      %zu
build	Build APK	2026-07-23T18:26:08.0063831Z C/C++: /home/runner/work/Yasuagram/Yasuagram/TMessagesProj/jni/voip/libtgvoip/logging.h:32:74: note: expanded from macro 'LOGE'
build	Build APK	2026-07-23T18:26:08.0095147Z C/C++:    32 | #define LOGE(...) {__android_log_print(ANDROID_LOG_ERROR, TAG, _LOG_WRAP(__VA_ARGS__)); tgvoip_log_file_printf('E', __VA_ARGS__);}
build	Build APK	2026-07-23T18:26:08.0096354Z C/C++:       |                                                                          ^~~~~~~~~~~
build	Build APK	2026-07-23T18:26:08.0097605Z C/C++: /home/runner/work/Yasuagram/Yasuagram/TMessagesProj/jni/voip/libtgvoip/logging.h:26:24: note: expanded from macro '_LOG_WRAP'
build	Build APK	2026-07-23T18:26:08.0098810Z C/C++:    26 | #define _LOG_WRAP(...) __VA_ARGS__
build	Build APK	2026-07-23T18:26:08.0099381Z C/C++:       |                        ^~~~~~~~~~~
build	Build APK	2026-07-23T18:26:08.0101051Z C/C++: /home/runner/work/Yasuagram/Yasuagram/TMessagesProj/jni/voip/libtgvoip/VoIPController.cpp:2129:80: warning: format specifies type 'unsigned int' but the argument has type 'size_type' (aka 'unsigned long') [-Wformat]
build	Build APK	2026-07-23T18:26:08.0103327Z C/C++:  2129 |                                         LOGE("!!!!!!!!!!!!!!11 VIDEO FRAME LOSS DETECTED [2] %u of %u fragments", f->unacknowledgedPackets.size(), f->fragmentCount);
build	Build APK	2026-07-23T18:26:08.0104977Z C/C++:       |                                                                                              ~~                   ^~~~~~~~~~~~~~~~~~~~~~~~~~~~~~~
build	Build APK	2026-07-23T18:26:08.0106048Z C/C++:       |                                                                                              %zu
build	Build APK	2026-07-23T18:26:08.0107267Z C/C++: /home/runner/work/Yasuagram/Yasuagram/TMessagesProj/jni/voip/libtgvoip/logging.h:32:74: note: expanded from macro 'LOGE'
build	Build APK	2026-07-23T18:26:08.0108869Z C/C++:    32 | #define LOGE(...) {__android_log_print(ANDROID_LOG_ERROR, TAG, _LOG_WRAP(__VA_ARGS__)); tgvoip_log_file_printf('E', __VA_ARGS__);}
build	Build APK	2026-07-23T18:26:08.0110015Z C/C++:       |                                                                          ^~~~~~~~~~~
build	Build APK	2026-07-23T18:26:08.0111211Z C/C++: /home/runner/work/Yasuagram/Yasuagram/TMessagesProj/jni/voip/libtgvoip/logging.h:26:24: note: expanded from macro '_LOG_WRAP'
build	Build APK	2026-07-23T18:26:08.0112363Z C/C++:    26 | #define _LOG_WRAP(...) __VA_ARGS__
build	Build APK	2026-07-23T18:26:08.0112900Z C/C++:       |                        ^~~~~~~~~~~
build	Build APK	2026-07-23T18:26:08.0144619Z C/C++: /home/runner/work/Yasuagram/Yasuagram/TMessagesProj/jni/voip/libtgvoip/VoIPController.cpp:2273:22: warning: unqualified call to 'std::move' [-Wunqualified-std-cast-call]
build	Build APK	2026-07-23T18:26:08.0146211Z C/C++:  2273 |                                 /*.data=*/Buffer(move(out)),
build	Build APK	2026-07-23T18:26:08.0147270Z C/C++:       |                                                  ^
build	Build APK	2026-07-23T18:26:08.0147942Z C/C++:       |                                                  std::
build	Build APK	2026-07-23T18:26:08.0149368Z C/C++: /home/runner/work/Yasuagram/Yasuagram/TMessagesProj/jni/voip/libtgvoip/VoIPController.cpp:2505:22: warning: unqualified call to 'std::move' [-Wunqualified-std-cast-call]
build	Build APK	2026-07-23T18:26:08.0151138Z C/C++:  2505 |                                 /*.data=*/Buffer(move(pkt)),
build	Build APK	2026-07-23T18:26:08.0151799Z C/C++:       |                                                  ^
build	Build APK	2026-07-23T18:26:08.0152402Z C/C++:       |                                                  std::
build	Build APK	2026-07-23T18:26:08.0153796Z C/C++: /home/runner/work/Yasuagram/Yasuagram/TMessagesProj/jni/voip/libtgvoip/VoIPController.cpp:2646:39: warning: unqualified call to 'std::move' [-Wunqualified-std-cast-call]
build	Build APK	2026-07-23T18:26:08.0155623Z C/C++:  2646 |                                         stm->codecSpecificData.push_back(move(csd));
build	Build APK	2026-07-23T18:26:08.0156398Z C/C++:       |                                                                          ^
build	Build APK	2026-07-23T18:26:08.0157098Z C/C++:       |                                                                          std::
build	Build APK	2026-07-23T18:26:08.0158558Z C/C++: /home/runner/work/Yasuagram/Yasuagram/TMessagesProj/jni/voip/libtgvoip/VoIPController.cpp:2784:27: warning: unqualified call to 'std::move' [-Wunqualified-std-cast-call]
build	Build APK	2026-07-23T18:26:08.0160007Z C/C++:  2784 |                 sendQueue.push_back(move(pkt));
build	Build APK	2026-07-23T18:26:08.0160546Z C/C++:       |                                     ^
build	Build APK	2026-07-23T18:26:08.0161001Z C/C++:       |                                     std::
build	Build APK	2026-07-23T18:26:08.0162209Z C/C++: /home/runner/work/Yasuagram/Yasuagram/TMessagesProj/jni/voip/libtgvoip/VoIPController.cpp:2845:25: warning: variable length arrays in C++ are a Clang extension [-Wvla-cxx-extension]
build	Build APK	2026-07-23T18:26:08.0163763Z C/C++:  2845 |                         unsigned char aesOut[MSC_STACK_FALLBACK(inner.GetLength(), 1500)];
build	Build APK	2026-07-23T18:26:08.0164937Z C/C++:       |                                              ^~~~~~~~~~~~~~~~~~~~~~~~~~~~~~~~~~~~~~~~~~~
build	Build APK	2026-07-23T18:26:08.0166269Z C/C++: /home/runner/work/Yasuagram/Yasuagram/TMessagesProj/jni/voip/libtgvoip/PrivateDefines.h:119:34: note: expanded from macro 'MSC_STACK_FALLBACK'
build	Build APK	2026-07-23T18:26:08.0167576Z C/C++:   119 | #define MSC_STACK_FALLBACK(a, b) (a)
build	Build APK	2026-07-23T18:26:08.0168162Z C/C++:       |                                  ^~~
build	Build APK	2026-07-23T18:26:08.0169604Z C/C++: /home/runner/work/Yasuagram/Yasuagram/TMessagesProj/jni/voip/libtgvoip/VoIPController.cpp:2845:50: note: non-constexpr function 'GetLength' cannot be used in a constant expression
build	Build APK	2026-07-23T18:26:08.0171238Z C/C++:  2845 |                         unsigned char aesOut[MSC_STACK_FALLBACK(inner.GetLength(), 1500)];
build	Build APK	2026-07-23T18:26:08.0172102Z C/C++:       |                                                                       ^
build	Build APK	2026-07-23T18:26:08.0173268Z C/C++: /home/runner/work/Yasuagram/Yasuagram/TMessagesProj/jni/voip/libtgvoip/video/../Buffers.h:66:10: note: declared here
build	Build APK	2026-07-23T18:26:08.0194741Z C/C++:    66 |                 size_t GetLength();
build	Build APK	2026-07-23T18:26:08.0195564Z C/C++:       |                        ^
build	Build APK	2026-07-23T18:26:08.0196993Z C/C++: /home/runner/work/Yasuagram/Yasuagram/TMessagesProj/jni/voip/libtgvoip/VoIPController.cpp:2864:25: warning: variable length arrays in C++ are a Clang extension [-Wvla-cxx-extension]
build	Build APK	2026-07-23T18:26:08.0198681Z C/C++:  2864 |                         unsigned char aesOut[MSC_STACK_FALLBACK(inner.GetLength(), 1500)];
build	Build APK	2026-07-23T18:26:08.0199607Z C/C++:       |                                              ^~~~~~~~~~~~~~~~~~~~~~~~~~~~~~~~~~~~~~~~~~~
build	Build APK	2026-07-23T18:26:08.0200951Z C/C++: /home/runner/work/Yasuagram/Yasuagram/TMessagesProj/jni/voip/libtgvoip/PrivateDefines.h:119:34: note: expanded from macro 'MSC_STACK_FALLBACK'
build	Build APK	2026-07-23T18:26:08.0202259Z C/C++:   119 | #define MSC_STACK_FALLBACK(a, b) (a)
build	Build APK	2026-07-23T18:26:08.0203190Z C/C++:       |                                  ^~~
build	Build APK	2026-07-23T18:26:08.0204897Z C/C++: /home/runner/work/Yasuagram/Yasuagram/TMessagesProj/jni/voip/libtgvoip/VoIPController.cpp:2864:50: note: non-constexpr function 'GetLength' cannot be used in a constant expression
build	Build APK	2026-07-23T18:26:08.0206633Z C/C++:  2864 |                         unsigned char aesOut[MSC_STACK_FALLBACK(inner.GetLength(), 1500)];
build	Build APK	2026-07-23T18:26:08.0207795Z C/C++:       |                                                                       ^
build	Build APK	2026-07-23T18:26:08.0208943Z C/C++: /home/runner/work/Yasuagram/Yasuagram/TMessagesProj/jni/voip/libtgvoip/video/../Buffers.h:66:10: note: declared here
build	Build APK	2026-07-23T18:26:08.0210069Z C/C++:    66 |                 size_t GetLength();
build	Build APK	2026-07-23T18:26:08.0210629Z C/C++:       |                        ^
build	Build APK	2026-07-23T18:26:08.0212050Z C/C++: /home/runner/work/Yasuagram/Yasuagram/TMessagesProj/jni/voip/libtgvoip/VoIPController.cpp:3147:12: warning: unqualified call to 'std::move' [-Wunqualified-std-cast-call]
build	Build APK	2026-07-23T18:26:08.0213546Z C/C++:  3147 |                 pkt.data=move(b);
build	Build APK	2026-07-23T18:26:08.0214351Z C/C++:       |                          ^
build	Build APK	2026-07-23T18:26:08.0214903Z C/C++:       |                          std::
build	Build APK	2026-07-23T18:26:08.0216252Z C/C++: /home/runner/work/Yasuagram/Yasuagram/TMessagesProj/jni/voip/libtgvoip/VoIPController.cpp:3156:27: warning: unqualified call to 'std::move' [-Wunqualified-std-cast-call]
build	Build APK	2026-07-23T18:26:08.0217726Z C/C++:  3156 |                 queuedPackets.push_back(move(pkt));
build	Build APK	2026-07-23T18:26:08.0218349Z C/C++:       |                                         ^
build	Build APK	2026-07-23T18:26:08.0218905Z C/C++:       |                                         std::
build	Build APK	2026-07-23T18:26:08.0220204Z C/C++: /home/runner/work/Yasuagram/Yasuagram/TMessagesProj/jni/voip/libtgvoip/VoIPController.cpp:3170:12: warning: unqualified call to 'std::move' [-Wunqualified-std-cast-call]
build	Build APK	2026-07-23T18:26:08.0221495Z C/C++:  3170 |                         x->data=move(data);
build	Build APK	2026-07-23T18:26:08.0222075Z C/C++:       |                                 ^
build	Build APK	2026-07-23T18:26:08.0222601Z C/C++:       |                                 std::
build	Build APK	2026-07-23T18:26:08.0223997Z C/C++: /home/runner/work/Yasuagram/Yasuagram/TMessagesProj/jni/voip/libtgvoip/VoIPController.cpp:3174:36: warning: unqualified call to 'std::move' [-Wunqualified-std-cast-call]
build	Build APK	2026-07-23T18:26:08.0265980Z C/C++:  3174 |         UnacknowledgedExtraData xd={type, move(data), 0};
build	Build APK	2026-07-23T18:26:08.0266693Z C/C++:       |                                           ^
build	Build APK	2026-07-23T18:26:08.0267262Z C/C++:       |                                           std::
build	Build APK	2026-07-23T18:26:08.0268655Z C/C++: /home/runner/work/Yasuagram/Yasuagram/TMessagesProj/jni/voip/libtgvoip/VoIPController.cpp:3175:26: warning: unqualified call to 'std::move' [-Wunqualified-std-cast-call]
build	Build APK	2026-07-23T18:26:08.0270122Z C/C++:  3175 |         currentExtras.push_back(move(xd));
build	Build APK	2026-07-23T18:26:08.0270816Z C/C++:       |                                 ^
build	Build APK	2026-07-23T18:26:08.0271549Z C/C++:       |                                 std::
build	Build APK	2026-07-23T18:26:08.0273104Z C/C++: /home/runner/work/Yasuagram/Yasuagram/TMessagesProj/jni/voip/libtgvoip/VoIPController.cpp:3444:23: warning: unqualified call to 'std::move' [-Wunqualified-std-cast-call]
build	Build APK	2026-07-23T18:26:08.0275303Z C/C++:  3444 |                                         /*.data=*/Buffer(move(pkt)),
build	Build APK	2026-07-23T18:26:08.0276227Z C/C++:       |                                                          ^
build	Build APK	2026-07-23T18:26:08.0277169Z C/C++:       |                                                          std::
build	Build APK	2026-07-23T18:26:08.0278819Z C/C++: /home/runner/work/Yasuagram/Yasuagram/TMessagesProj/jni/voip/libtgvoip/VoIPController.cpp:3448:24: warning: unqualified call to 'std::move' [-Wunqualified-std-cast-call]
build	Build APK	2026-07-23T18:26:08.0280840Z C/C++:  3448 |                         SendOrEnqueuePacket(move(p));
build	Build APK	2026-07-23T18:26:08.0303463Z C/C++:       |                                             ^
build	Build APK	2026-07-23T18:26:08.0304742Z C/C++:       |                                             std::
build	Build APK	2026-07-23T18:26:08.0306195Z C/C++: /home/runner/work/Yasuagram/Yasuagram/TMessagesProj/jni/voip/libtgvoip/VoIPController.cpp:3470:13: warning: unqualified call to 'std::move' [-Wunqualified-std-cast-call]
build	Build APK	2026-07-23T18:26:08.0307558Z C/C++:  3470 |         Buffer buf(move(os));
build	Build APK	2026-07-23T18:26:08.0308318Z C/C++:       |                    ^
build	Build APK	2026-07-23T18:26:08.0308798Z C/C++:       |                    std::
build	Build APK	2026-07-23T18:26:08.0310132Z C/C++: /home/runner/work/Yasuagram/Yasuagram/TMessagesProj/jni/voip/libtgvoip/VoIPController.cpp:3492:36: warning: unqualified call to 'std::move' [-Wunqualified-std-cast-call]
build	Build APK	2026-07-23T18:26:08.0311749Z C/C++:  3492 |                         videoRenderer->DecodeAndDisplay(move(frame), pts);
build	Build APK	2026-07-23T18:26:08.0312515Z C/C++:       |                                                         ^
build	Build APK	2026-07-23T18:26:08.0313155Z C/C++:       |                                                         std::
build	Build APK	2026-07-23T18:26:08.0314882Z C/C++: /home/runner/work/Yasuagram/Yasuagram/TMessagesProj/jni/voip/libtgvoip/VoIPController.cpp:3796:18: warning: unqualified call to 'std::move' [-Wunqualified-std-cast-call]
build	Build APK	2026-07-23T18:26:08.0316397Z C/C++:  3796 |                                                 Buffer buf(move(s));
build	Build APK	2026-07-23T18:26:08.0317082Z C/C++:       |                                                            ^
build	Build APK	2026-07-23T18:26:08.0317724Z C/C++:       |                                                            std::
build	Build APK	2026-07-23T18:26:08.0319176Z C/C++: /home/runner/work/Yasuagram/Yasuagram/TMessagesProj/jni/voip/libtgvoip/VoIPController.cpp:3875:17: warning: unqualified call to 'std::move' [-Wunqualified-std-cast-call]
build	Build APK	2026-07-23T18:26:08.0320669Z C/C++:  3875 |                                                 /*.data=*/move(buf),
build	Build APK	2026-07-23T18:26:08.0321353Z C/C++:       |                                                           ^
build	Build APK	2026-07-23T18:26:08.0321992Z C/C++:       |                                                           std::
build	Build APK	2026-07-23T18:26:08.0323439Z C/C++: /home/runner/work/Yasuagram/Yasuagram/TMessagesProj/jni/voip/libtgvoip/VoIPController.cpp:3883:23: warning: unqualified call to 'std::move' [-Wunqualified-std-cast-call]
build	Build APK	2026-07-23T18:26:08.0375376Z C/C++:  3883 |                 SendOrEnqueuePacket(move(pkt));
build	Build APK	2026-07-23T18:26:08.0376041Z C/C++:       |                                     ^
build	Build APK	2026-07-23T18:26:08.0376615Z C/C++:       |                                     std::
build	Build APK	2026-07-23T18:26:08.0377667Z C/C++: In file included from /home/runner/work/Yasuagram/Yasuagram/TMessagesProj/jni/voip/libtgvoip/VoIPController.cpp:14:
build	Build APK	2026-07-23T18:26:08.0380240Z C/C++: In file included from /home/runner/work/Yasuagram/Yasuagram/TMessagesProj/jni/voip/libtgvoip/VoIPController.h:24:
build	Build APK	2026-07-23T18:26:08.0381827Z C/C++: In file included from /home/runner/work/Yasuagram/Yasuagram/TMessagesProj/jni/voip/libtgvoip/video/VideoSource.h:12:
build	Build APK	2026-07-23T18:26:08.0383417Z C/C++: In file included from /home/runner/work/Yasuagram/Yasuagram/TMessagesProj/jni/voip/libtgvoip/video/../Buffers.h:19:
build	Build APK	2026-07-23T18:26:08.0385596Z C/C++: /home/runner/work/Yasuagram/Yasuagram/TMessagesProj/jni/voip/libtgvoip/video/../threading.h:110:8: warning: private field 'maxPriority' is not used [-Wunused-private-field]
build	Build APK	2026-07-23T18:26:08.0387037Z C/C++:   110 |                 bool maxPriority=false;
build	Build APK	2026-07-23T18:26:08.0387624Z C/C++:       |                      ^
build	Build APK	2026-07-23T18:26:08.0388107Z C/C++: 34 warnings generated.
build	Build APK	2026-07-23T18:26:08.3436097Z C/C++: In file included from /home/runner/work/Yasuagram/Yasuagram/TMessagesProj/jni/third_party/openh264/src/codec/encoder/core/src/au_set.cpp:41:
build	Build APK	2026-07-23T18:26:08.3475408Z C/C++: In file included from /home/runner/work/Yasuagram/Yasuagram/TMessagesProj/jni/third_party/openh264/src/codec/encoder/core/inc/au_set.h:46:
build	Build APK	2026-07-23T18:26:08.3505459Z C/C++: In file included from /home/runner/work/Yasuagram/Yasuagram/TMessagesProj/jni/third_party/openh264/src/codec/encoder/core/inc/paraset_strategy.h:36:
build	Build APK	2026-07-23T18:26:08.3535827Z C/C++: /home/runner/work/Yasuagram/Yasuagram/TMessagesProj/jni/third_party/openh264/src/codec/encoder/core/inc/param_svc.h:493:26: warning: variable 'pSpatialLayer' set but not used [-Wunused-but-set-variable]
build	Build APK	2026-07-23T18:26:08.3564950Z C/C++:   493 |     SSpatialLayerConfig* pSpatialLayer = &sSpatialLayers[0];
build	Build APK	2026-07-23T18:26:08.3594713Z C/C++:       |                          ^
build	Build APK	2026-07-23T18:26:08.3624741Z C/C++: 1 warning generated.
build	Build APK	2026-07-23T18:26:08.4451655Z C/C++: /home/runner/work/Yasuagram/Yasuagram/TMessagesProj/jni/voip/libtgvoip/os/android/VideoRendererAndroid.cpp:87:19: warning: moving a temporary object prevents copy elision [-Wpessimizing-move]
build	Build APK	2026-07-23T18:26:08.4474995Z C/C++:    87 |                 Request request=std::move(queue.GetBlocking());
build	Build APK	2026-07-23T18:26:08.4534896Z C/C++:       |                                 ^
build	Build APK	2026-07-23T18:26:08.4566463Z C/C++: /home/runner/work/Yasuagram/Yasuagram/TMessagesProj/jni/voip/libtgvoip/os/android/VideoRendererAndroid.cpp:87:19: note: remove std::move call here
build	Build APK	2026-07-23T18:26:08.4594952Z C/C++:    87 |                 Request request=std::move(queue.GetBlocking());
build	Build APK	2026-07-23T18:26:08.4654911Z C/C++:       |                                 ^~~~~~~~~~                   ~
build	Build APK	2026-07-23T18:26:08.4685493Z C/C++: In file included from /home/runner/work/Yasuagram/Yasuagram/TMessagesProj/jni/voip/libtgvoip/os/android/VideoRendererAndroid.cpp:5:
build	Build APK	2026-07-23T18:26:08.4715413Z C/C++: In file included from /home/runner/work/Yasuagram/Yasuagram/TMessagesProj/jni/voip/libtgvoip/os/android/VideoRendererAndroid.h:8:
build	Build APK	2026-07-23T18:26:08.4775472Z C/C++: In file included from /home/runner/work/Yasuagram/Yasuagram/TMessagesProj/jni/voip/libtgvoip/os/android/../../video/VideoRenderer.h:9:
build	Build APK	2026-07-23T18:26:08.4835487Z C/C++: In file included from /home/runner/work/Yasuagram/Yasuagram/TMessagesProj/jni/voip/libtgvoip/os/android/../../video/../Buffers.h:19:
build	Build APK	2026-07-23T18:26:08.4865730Z C/C++: /home/runner/work/Yasuagram/Yasuagram/TMessagesProj/jni/voip/libtgvoip/os/android/../../video/../threading.h:110:8: warning: private field 'maxPriority' is not used [-Wunused-private-field]
build	Build APK	2026-07-23T18:26:08.4894807Z C/C++:   110 |                 bool maxPriority=false;
build	Build APK	2026-07-23T18:26:08.4953310Z C/C++:       |                      ^
build	Build APK	2026-07-23T18:26:08.4984788Z C/C++: 2 warnings generated.
build	Build APK	2026-07-23T18:26:08.5435881Z C/C++: In file included from /home/runner/work/Yasuagram/Yasuagram/TMessagesProj/jni/third_party/openh264/src/codec/encoder/core/src/encoder_data_tables.cpp:35:
build	Build APK	2026-07-23T18:26:08.5455584Z C/C++: In file included from /home/runner/work/Yasuagram/Yasuagram/TMessagesProj/jni/third_party/openh264/src/codec/encoder/core/inc/md.h:43:
build	Build APK	2026-07-23T18:26:08.5475713Z C/C++: In file included from /home/runner/work/Yasuagram/Yasuagram/TMessagesProj/jni/third_party/openh264/src/codec/encoder/core/inc/svc_motion_estimate.h:44:
build	Build APK	2026-07-23T18:26:08.5505559Z C/C++: In file included from /home/runner/work/Yasuagram/Yasuagram/TMessagesProj/jni/third_party/openh264/src/codec/encoder/core/inc/encoder_context.h:45:
build	Build APK	2026-07-23T18:26:08.5507998Z C/C++: /home/runner/work/Yasuagram/Yasuagram/TMessagesProj/jni/third_party/openh264/src/codec/encoder/core/inc/param_svc.h:493:26: warning: variable 'pSpatialLayer' set but not used [-Wunused-but-set-variable]
build	Build APK	2026-07-23T18:26:08.5509801Z C/C++:   493 |     SSpatialLayerConfig* pSpatialLayer = &sSpatialLayers[0];
build	Build APK	2026-07-23T18:26:08.5510531Z C/C++:       |                          ^
build	Build APK	2026-07-23T18:26:08.5511036Z C/C++: 1 warning generated.
build	Build APK	2026-07-23T18:26:08.6455968Z C/C++: /home/runner/work/Yasuagram/Yasuagram/TMessagesProj/jni/voip/libtgvoip/json11.cpp:204:54: warning: unqualified call to 'std::move' [-Wunqualified-std-cast-call]
build	Build APK	2026-07-23T18:26:08.6485038Z C/C++:   204 |     explicit JsonString(string &&value)      : Value(move(value)) {}
build	Build APK	2026-07-23T18:26:08.6514806Z C/C++:       |                                                      ^
build	Build APK	2026-07-23T18:26:08.6574978Z C/C++:       |                                                      std::
build	Build APK	2026-07-23T18:26:08.6605837Z C/C++: /home/runner/work/Yasuagram/Yasuagram/TMessagesProj/jni/voip/libtgvoip/json11.cpp:212:58: warning: unqualified call to 'std::move' [-Wunqualified-std-cast-call]
build	Build APK	2026-07-23T18:26:08.6665245Z C/C++:   212 |     explicit JsonArray(Json::array &&value)      : Value(move(value)) {}
build	Build APK	2026-07-23T18:26:08.6694974Z C/C++:       |                                                          ^
build	Build APK	2026-07-23T18:26:08.6724886Z C/C++:       |                                                          std::
build	Build APK	2026-07-23T18:26:08.6785668Z C/C++: /home/runner/work/Yasuagram/Yasuagram/TMessagesProj/jni/voip/libtgvoip/json11.cpp:220:60: warning: unqualified call to 'std::move' [-Wunqualified-std-cast-call]
build	Build APK	2026-07-23T18:26:08.6815733Z C/C++:   220 |     explicit JsonObject(Json::object &&value)      : Value(move(value)) {}
build	Build APK	2026-07-23T18:26:08.6844810Z C/C++:       |                                                            ^
build	Build APK	2026-07-23T18:26:08.6875021Z C/C++:       |                                                            std::
build	Build APK	2026-07-23T18:26:08.6885720Z C/C++: /home/runner/work/Yasuagram/Yasuagram/TMessagesProj/jni/voip/libtgvoip/json11.cpp:262:72: warning: unqualified call to 'std::move' [-Wunqualified-std-cast-call]
build	Build APK	2026-07-23T18:26:08.6935167Z C/C++:   262 | Json::Json(string &&value)             : m_ptr(make_shared<JsonString>(move(value))) {}
build	Build APK	2026-07-23T18:26:08.6964847Z C/C++:       |                                                                        ^
build	Build APK	2026-07-23T18:26:08.6994895Z C/C++:       |                                                                        std::
build	Build APK	2026-07-23T18:26:08.7015657Z C/C++: /home/runner/work/Yasuagram/Yasuagram/TMessagesProj/jni/voip/libtgvoip/json11.cpp:265:71: warning: unqualified call to 'std::move' [-Wunqualified-std-cast-call]
build	Build APK	2026-07-23T18:26:08.7055152Z C/C++:   265 | Json::Json(Json::array &&values)       : m_ptr(make_shared<JsonArray>(move(values))) {}
build	Build APK	2026-07-23T18:26:08.7074779Z C/C++:       |                                                                       ^
build	Build APK	2026-07-23T18:26:08.7114837Z C/C++:       |                                                                       std::
build	Build APK	2026-07-23T18:26:08.7135680Z C/C++: /home/runner/work/Yasuagram/Yasuagram/TMessagesProj/jni/voip/libtgvoip/json11.cpp:267:72: warning: unqualified call to 'std::move' [-Wunqualified-std-cast-call]
build	Build APK	2026-07-23T18:26:08.7145028Z C/C++:   267 | Json::Json(Json::object &&values)      : m_ptr(make_shared<JsonObject>(move(values))) {}
build	Build APK	2026-07-23T18:26:08.7145952Z C/C++:       |                                                                        ^
build	Build APK	2026-07-23T18:26:08.7146694Z C/C++:       |                                                                        std::
build	Build APK	2026-07-23T18:26:08.7148131Z C/C++: /home/runner/work/Yasuagram/Yasuagram/TMessagesProj/jni/voip/libtgvoip/json11.cpp:365:21: warning: unqualified call to 'std::move' [-Wunqualified-std-cast-call]
build	Build APK	2026-07-23T18:26:08.7149499Z C/C++:   365 |         return fail(move(msg), Json());
build	Build APK	2026-07-23T18:26:08.7150076Z C/C++:       |                     ^
build	Build APK	2026-07-23T18:26:08.7150561Z C/C++:       |                     std::
build	Build APK	2026-07-23T18:26:08.7151849Z C/C++: /home/runner/work/Yasuagram/Yasuagram/TMessagesProj/jni/voip/libtgvoip/json11.cpp:157:46: warning: unqualified call to 'std::move' [-Wunqualified-std-cast-call]
build	Build APK	2026-07-23T18:26:08.7153286Z C/C++:   157 |     explicit Value(T &&value)      : m_value(move(value)) {}
build	Build APK	2026-07-23T18:26:08.7153991Z C/C++:       |                                              ^
build	Build APK	2026-07-23T18:26:08.7154868Z C/C++:       |                                              std::
build	Build APK	2026-07-23T18:26:08.7156493Z C/C++: /home/runner/work/Yasuagram/Yasuagram/TMessagesProj/jni/voip/libtgvoip/json11.cpp:204:48: note: in instantiation of member function 'json11::Value<json11::Json::STRING, std::string>::Value' requested here
build	Build APK	2026-07-23T18:26:08.7158264Z C/C++:   204 |     explicit JsonString(string &&value)      : Value(move(value)) {}
build	Build APK	2026-07-23T18:26:08.7159026Z C/C++:       |                                                ^
build	Build APK	2026-07-23T18:26:08.7160858Z C/C++: /home/runner/work/Yasuagram/Yasuagram/TMessagesProj/jni/voip/libtgvoip/json11.cpp:157:46: warning: unqualified call to 'std::move' [-Wunqualified-std-cast-call]
build	Build APK	2026-07-23T18:26:08.7162328Z C/C++:   157 |     explicit Value(T &&value)      : m_value(move(value)) {}
build	Build APK	2026-07-23T18:26:08.7163266Z C/C++:       |                                              ^
build	Build APK	2026-07-23T18:26:08.7163856Z C/C++:       |                                              std::
build	Build APK	2026-07-23T18:26:08.7165774Z C/C++: /home/runner/work/Yasuagram/Yasuagram/TMessagesProj/jni/voip/libtgvoip/json11.cpp:212:52: note: in instantiation of member function 'json11::Value<json11::Json::ARRAY, std::vector<json11::Json>>::Value' requested here
build	Build APK	2026-07-23T18:26:08.7167655Z C/C++:   212 |     explicit JsonArray(Json::array &&value)      : Value(move(value)) {}
build	Build APK	2026-07-23T18:26:08.7168421Z C/C++:       |                                                    ^
build	Build APK	2026-07-23T18:26:08.7169692Z C/C++: /home/runner/work/Yasuagram/Yasuagram/TMessagesProj/jni/voip/libtgvoip/json11.cpp:157:46: warning: unqualified call to 'std::move' [-Wunqualified-std-cast-call]
build	Build APK	2026-07-23T18:26:08.7171112Z C/C++:   157 |     explicit Value(T &&value)      : m_value(move(value)) {}
build	Build APK	2026-07-23T18:26:08.7171809Z C/C++:       |                                              ^
build	Build APK	2026-07-23T18:26:08.7172407Z C/C++:       |                                              std::
build	Build APK	2026-07-23T18:26:08.7204416Z C/C++: /home/runner/work/Yasuagram/Yasuagram/TMessagesProj/jni/voip/libtgvoip/json11.cpp:220:54: note: in instantiation of member function 'json11::Value<json11::Json::OBJECT, std::map<std::string, json11::Json>>::Value' requested here
build	Build APK	2026-07-23T18:26:08.7206480Z C/C++:   220 |     explicit JsonObject(Json::object &&value)      : Value(move(value)) {}
build	Build APK	2026-07-23T18:26:08.7207306Z C/C++:       |                                                      ^
build	Build APK	2026-07-23T18:26:08.7208693Z C/C++: /home/runner/work/Yasuagram/Yasuagram/TMessagesProj/jni/voip/libtgvoip/json11.cpp:157:46: warning: unqualified call to 'std::move' [-Wunqualified-std-cast-call]
build	Build APK	2026-07-23T18:26:08.7210189Z C/C++:   157 |     explicit Value(T &&value)      : m_value(move(value)) {}
build	Build APK	2026-07-23T18:26:08.7210907Z C/C++:       |                                              ^
build	Build APK	2026-07-23T18:26:08.7211510Z C/C++:       |                                              std::
build	Build APK	2026-07-23T18:26:08.7213122Z C/C++: /home/runner/work/Yasuagram/Yasuagram/TMessagesProj/jni/voip/libtgvoip/json11.cpp:225:18: note: in instantiation of member function 'json11::Value<json11::Json::NUL, json11::NullStruct>::Value' requested here
build	Build APK	2026-07-23T18:26:08.7214967Z C/C++:   225 |     JsonNull() : Value({}) {}
build	Build APK	2026-07-23T18:26:08.7215467Z C/C++:       |                  ^
build	Build APK	2026-07-23T18:26:08.7215927Z C/C++: 11 warnings generated.
build	Build APK	2026-07-23T18:26:08.8435784Z C/C++: In file included from /home/runner/work/Yasuagram/Yasuagram/TMessagesProj/jni/voip/libtgvoip/os/android/VideoSourceAndroid.cpp:5:
build	Build APK	2026-07-23T18:26:08.8495682Z C/C++: In file included from /home/runner/work/Yasuagram/Yasuagram/TMessagesProj/jni/voip/libtgvoip/os/android/VideoSourceAndroid.h:8:
build	Build APK	2026-07-23T18:26:08.8555585Z C/C++: In file included from /home/runner/work/Yasuagram/Yasuagram/TMessagesProj/jni/voip/libtgvoip/os/android/../../video/VideoSource.h:12:
build	Build APK	2026-07-23T18:26:08.8575533Z C/C++: In file included from /home/runner/work/Yasuagram/Yasuagram/TMessagesProj/jni/voip/libtgvoip/os/android/../../video/../Buffers.h:19:
build	Build APK	2026-07-23T18:26:08.8615768Z C/C++: /home/runner/work/Yasuagram/Yasuagram/TMessagesProj/jni/voip/libtgvoip/os/android/../../video/../threading.h:110:8: warning: private field 'maxPriority' is not used [-Wunused-private-field]
build	Build APK	2026-07-23T18:26:08.8674988Z C/C++:   110 |                 bool maxPriority=false;
build	Build APK	2026-07-23T18:26:08.8734842Z C/C++:       |                      ^
build	Build APK	2026-07-23T18:26:08.8764774Z C/C++: 1 warning generated.
build	Build APK	2026-07-23T18:26:08.8775722Z C/C++: In file included from /home/runner/work/Yasuagram/Yasuagram/TMessagesProj/jni/third_party/openh264/src/codec/encoder/core/src/encoder.cpp:40:
build	Build APK	2026-07-23T18:26:08.8855591Z C/C++: In file included from /home/runner/work/Yasuagram/Yasuagram/TMessagesProj/jni/third_party/openh264/src/codec/encoder/core/inc/encoder.h:43:
build	Build APK	2026-07-23T18:26:08.8885624Z C/C++: In file included from /home/runner/work/Yasuagram/Yasuagram/TMessagesProj/jni/third_party/openh264/src/codec/encoder/core/inc/encoder_context.h:45:
build	Build APK	2026-07-23T18:26:08.8904773Z C/C++: /home/runner/work/Yasuagram/Yasuagram/TMessagesProj/jni/third_party/openh264/src/codec/encoder/core/inc/param_svc.h:493:26: warning: variable 'pSpatialLayer' set but not used [-Wunused-but-set-variable]
build	Build APK	2026-07-23T18:26:08.8974918Z C/C++:   493 |     SSpatialLayerConfig* pSpatialLayer = &sSpatialLayers[0];
build	Build APK	2026-07-23T18:26:08.9034901Z C/C++:       |                          ^
build	Build APK	2026-07-23T18:26:08.9094858Z C/C++: 1 warning generated.
build	Build APK	2026-07-23T18:26:09.3434806Z C/C++: In file included from /home/runner/work/Yasuagram/Yasuagram/TMessagesProj/jni/voip/tg_voip_jni.cpp:17:
build	Build APK	2026-07-23T18:26:09.3526224Z C/C++: /home/runner/work/Yasuagram/Yasuagram/TMessagesProj/jni/voip/libtgvoip/os/android/AudioOutputAndroid.h:20:15: warning: 'Start' overrides a member function but is not marked 'override' [-Winconsistent-missing-override]
build	Build APK	2026-07-23T18:26:09.3544914Z C/C++:    20 |         virtual void Start();
build	Build APK	2026-07-23T18:26:09.3604963Z C/C++:       |                      ^
build	Build APK	2026-07-23T18:26:09.3606295Z C/C++: /home/runner/work/Yasuagram/Yasuagram/TMessagesProj/jni/voip/libtgvoip/audio/../MediaStreamItf.h:24:15: note: overridden virtual function is here
build	Build APK	2026-07-23T18:26:09.3607551Z C/C++:    24 |         virtual void Start()=0;
build	Build APK	2026-07-23T18:26:09.3608072Z C/C++:       |                      ^
build	Build APK	2026-07-23T18:26:09.3608961Z C/C++: In file included from /home/runner/work/Yasuagram/Yasuagram/TMessagesProj/jni/voip/tg_voip_jni.cpp:17:
build	Build APK	2026-07-23T18:26:09.3611044Z C/C++: /home/runner/work/Yasuagram/Yasuagram/TMessagesProj/jni/voip/libtgvoip/os/android/AudioOutputAndroid.h:21:15: warning: 'Stop' overrides a member function but is not marked 'override' [-Winconsistent-missing-override]
build	Build APK	2026-07-23T18:26:09.3612761Z C/C++:    21 |         virtual void Stop();
build	Build APK	2026-07-23T18:26:09.3613273Z C/C++:       |                      ^
build	Build APK	2026-07-23T18:26:09.3624938Z C/C++: /home/runner/work/Yasuagram/Yasuagram/TMessagesProj/jni/voip/libtgvoip/audio/../MediaStreamItf.h:25:15: note: overridden virtual function is here
build	Build APK	2026-07-23T18:26:09.3626274Z C/C++:    25 |         virtual void Stop()=0;
build	Build APK	2026-07-23T18:26:09.3626780Z C/C++:       |                      ^
build	Build APK	2026-07-23T18:26:09.3627677Z C/C++: In file included from /home/runner/work/Yasuagram/Yasuagram/TMessagesProj/jni/voip/tg_voip_jni.cpp:22:
build	Build APK	2026-07-23T18:26:09.3629153Z C/C++: /home/runner/work/Yasuagram/Yasuagram/TMessagesProj/jni/voip/../c_utils.h:9:9: warning: 'LOGI' macro redefined [-Wmacro-redefined]
build	Build APK	2026-07-23T18:26:09.3630464Z C/C++:     9 | #define LOGI(...) __android_log_print(ANDROID_LOG_INFO, LOG_TAG, __VA_ARGS__)
build	Build APK	2026-07-23T18:26:09.3631208Z C/C++:       |         ^
build	Build APK	2026-07-23T18:26:09.3632161Z C/C++: /home/runner/work/Yasuagram/Yasuagram/TMessagesProj/jni/voip/libtgvoip/logging.h:30:9: note: previous definition is here
build	Build APK	2026-07-23T18:26:09.3633691Z C/C++:    30 | #define LOGI(...) {__android_log_print(ANDROID_LOG_INFO, TAG, _LOG_WRAP(__VA_ARGS__)); tgvoip_log_file_printf('I', __VA_ARGS__);}
build	Build APK	2026-07-23T18:26:09.3634975Z C/C++:       |         ^
build	Build APK	2026-07-23T18:26:09.3635803Z C/C++: In file included from /home/runner/work/Yasuagram/Yasuagram/TMessagesProj/jni/voip/tg_voip_jni.cpp:22:
build	Build APK	2026-07-23T18:26:09.3637267Z C/C++: /home/runner/work/Yasuagram/Yasuagram/TMessagesProj/jni/voip/../c_utils.h:10:9: warning: 'LOGD' macro redefined [-Wmacro-redefined]
build	Build APK	2026-07-23T18:26:09.3638628Z C/C++:    10 | #define LOGD(...) __android_log_print(ANDROID_LOG_DEBUG, LOG_TAG, __VA_ARGS__)
build	Build APK	2026-07-23T18:26:09.3639384Z C/C++:       |         ^
build	Build APK	2026-07-23T18:26:09.3640354Z C/C++: /home/runner/work/Yasuagram/Yasuagram/TMessagesProj/jni/voip/libtgvoip/logging.h:29:9: note: previous definition is here
build	Build APK	2026-07-23T18:26:09.3642397Z C/C++:    29 | #define LOGD(...) {__android_log_print(ANDROID_LOG_DEBUG, TAG, _LOG_WRAP(__VA_ARGS__)); tgvoip_log_file_printf('D', __VA_ARGS__);}
build	Build APK	2026-07-23T18:26:09.3643437Z C/C++:       |         ^
build	Build APK	2026-07-23T18:26:09.3666183Z C/C++: In file included from /home/runner/work/Yasuagram/Yasuagram/TMessagesProj/jni/voip/tg_voip_jni.cpp:22:
build	Build APK	2026-07-23T18:26:09.3668059Z C/C++: /home/runner/work/Yasuagram/Yasuagram/TMessagesProj/jni/voip/../c_utils.h:11:9: warning: 'LOGE' macro redefined [-Wmacro-redefined]
build	Build APK	2026-07-23T18:26:09.3669394Z C/C++:    11 | #define LOGE(...) __android_log_print(ANDROID_LOG_ERROR, LOG_TAG, __VA_ARGS__)
build	Build APK	2026-07-23T18:26:09.3670130Z C/C++:       |         ^
build	Build APK	2026-07-23T18:26:09.3671125Z C/C++: /home/runner/work/Yasuagram/Yasuagram/TMessagesProj/jni/voip/libtgvoip/logging.h:32:9: note: previous definition is here
build	Build APK	2026-07-23T18:26:09.3672673Z C/C++:    32 | #define LOGE(...) {__android_log_print(ANDROID_LOG_ERROR, TAG, _LOG_WRAP(__VA_ARGS__)); tgvoip_log_file_printf('E', __VA_ARGS__);}
build	Build APK	2026-07-23T18:26:09.3673688Z C/C++:       |         ^
build	Build APK	2026-07-23T18:26:09.3674792Z C/C++: In file included from /home/runner/work/Yasuagram/Yasuagram/TMessagesProj/jni/voip/tg_voip_jni.cpp:22:
build	Build APK	2026-07-23T18:26:09.3676314Z C/C++: /home/runner/work/Yasuagram/Yasuagram/TMessagesProj/jni/voip/../c_utils.h:12:9: warning: 'LOGV' macro redefined [-Wmacro-redefined]
build	Build APK	2026-07-23T18:26:09.3677656Z C/C++:    12 | #define LOGV(...) __android_log_print(ANDROID_LOG_VERBOSE, LOG_TAG, __VA_ARGS__)
build	Build APK	2026-07-23T18:26:09.3678407Z C/C++:       |         ^
build	Build APK	2026-07-23T18:26:09.3679362Z C/C++: /home/runner/work/Yasuagram/Yasuagram/TMessagesProj/jni/voip/libtgvoip/logging.h:28:9: note: previous definition is here
build	Build APK	2026-07-23T18:26:09.3680953Z C/C++:    28 | #define LOGV(...) {__android_log_print(ANDROID_LOG_VERBOSE, TAG, _LOG_WRAP(__VA_ARGS__)); tgvoip_log_file_printf('V', __VA_ARGS__);}
build	Build APK	2026-07-23T18:26:09.3681973Z C/C++:       |         ^
build	Build APK	2026-07-23T18:26:09.3682804Z C/C++: In file included from /home/runner/work/Yasuagram/Yasuagram/TMessagesProj/jni/voip/tg_voip_jni.cpp:12:
build	Build APK	2026-07-23T18:26:09.3684445Z C/C++: In file included from /home/runner/work/Yasuagram/Yasuagram/TMessagesProj/jni/voip/libtgvoip/VoIPServerConfig.h:13:
build	Build APK	2026-07-23T18:26:09.3686285Z C/C++: /home/runner/work/Yasuagram/Yasuagram/TMessagesProj/jni/voip/libtgvoip/threading.h:110:8: warning: private field 'maxPriority' is not used [-Wunused-private-field]
build	Build APK	2026-07-23T18:26:09.3687688Z C/C++:   110 |                 bool maxPriority=false;
build	Build APK	2026-07-23T18:26:09.3688207Z C/C++:       |                      ^
build	Build APK	2026-07-23T18:26:09.3688637Z C/C++: 7 warnings generated.
build	Build APK	2026-07-23T18:26:09.4475373Z C/C++: In file included from /home/runner/work/Yasuagram/Yasuagram/TMessagesProj/jni/third_party/openh264/src/codec/encoder/core/src/picture_handle.cpp:40:
build	Build APK	2026-07-23T18:26:09.4505422Z C/C++: In file included from /home/runner/work/Yasuagram/Yasuagram/TMessagesProj/jni/third_party/openh264/src/codec/encoder/core/inc/svc_motion_estimate.h:44:
build	Build APK	2026-07-23T18:26:09.4565590Z C/C++: In file included from /home/runner/work/Yasuagram/Yasuagram/TMessagesProj/jni/third_party/openh264/src/codec/encoder/core/inc/encoder_context.h:45:
build	Build APK	2026-07-23T18:26:09.4591098Z C/C++: /home/runner/work/Yasuagram/Yasuagram/TMessagesProj/jni/third_party/openh264/src/codec/encoder/core/inc/param_svc.h:493:26: warning: variable 'pSpatialLayer' set but not used [-Wunused-but-set-variable]
build	Build APK	2026-07-23T18:26:09.4635012Z C/C++:   493 |     SSpatialLayerConfig* pSpatialLayer = &sSpatialLayers[0];
build	Build APK	2026-07-23T18:26:09.4696866Z C/C++:       |                          ^
build	Build APK	2026-07-23T18:26:09.4724817Z C/C++: 1 warning generated.
build	Build APK	2026-07-23T18:26:09.5465835Z C/C++: In file included from /home/runner/work/Yasuagram/Yasuagram/TMessagesProj/jni/third_party/openh264/src/codec/encoder/core/src/md.cpp:42:
build	Build APK	2026-07-23T18:26:09.5495371Z C/C++: In file included from /home/runner/work/Yasuagram/Yasuagram/TMessagesProj/jni/third_party/openh264/src/codec/encoder/core/inc/md.h:43:
build	Build APK	2026-07-23T18:26:09.5545573Z C/C++: In file included from /home/runner/work/Yasuagram/Yasuagram/TMessagesProj/jni/third_party/openh264/src/codec/encoder/core/inc/svc_motion_estimate.h:44:
build	Build APK	2026-07-23T18:26:09.5585653Z C/C++: In file included from /home/runner/work/Yasuagram/Yasuagram/TMessagesProj/jni/third_party/openh264/src/codec/encoder/core/inc/encoder_context.h:45:
build	Build APK	2026-07-23T18:26:09.5645763Z C/C++: /home/runner/work/Yasuagram/Yasuagram/TMessagesProj/jni/third_party/openh264/src/codec/encoder/core/inc/param_svc.h:493:26: warning: variable 'pSpatialLayer' set but not used [-Wunused-but-set-variable]
build	Build APK	2026-07-23T18:26:09.5674930Z C/C++:   493 |     SSpatialLayerConfig* pSpatialLayer = &sSpatialLayers[0];
build	Build APK	2026-07-23T18:26:09.5735074Z C/C++:       |                          ^
build	Build APK	2026-07-23T18:26:09.5764810Z C/C++: 1 warning generated.
build	Build APK	2026-07-23T18:26:09.5787845Z C/C++: In file included from /home/runner/work/Yasuagram/Yasuagram/TMessagesProj/jni/third_party/openh264/src/codec/encoder/core/src/paraset_strategy.cpp:33:
build	Build APK	2026-07-23T18:26:09.5845446Z C/C++: In file included from /home/runner/work/Yasuagram/Yasuagram/TMessagesProj/jni/third_party/openh264/src/codec/encoder/core/inc/au_set.h:46:
build	Build APK	2026-07-23T18:26:09.5847420Z C/C++: In file included from /home/runner/work/Yasuagram/Yasuagram/TMessagesProj/jni/third_party/openh264/src/codec/encoder/core/inc/paraset_strategy.h:36:
build	Build APK	2026-07-23T18:26:09.5849744Z C/C++: /home/runner/work/Yasuagram/Yasuagram/TMessagesProj/jni/third_party/openh264/src/codec/encoder/core/inc/param_svc.h:493:26: warning: variable 'pSpatialLayer' set but not used [-Wunused-but-set-variable]
build	Build APK	2026-07-23T18:26:09.5851440Z C/C++:   493 |     SSpatialLayerConfig* pSpatialLayer = &sSpatialLayers[0];
build	Build APK	2026-07-23T18:26:09.5852121Z C/C++:       |                          ^
build	Build APK	2026-07-23T18:26:09.5852592Z C/C++: 1 warning generated.
build	Build APK	2026-07-23T18:26:09.7435800Z C/C++: In file included from /home/runner/work/Yasuagram/Yasuagram/TMessagesProj/jni/third_party/openh264/src/codec/encoder/core/src/ratectl.cpp:45:
build	Build APK	2026-07-23T18:26:09.7478543Z C/C++: In file included from /home/runner/work/Yasuagram/Yasuagram/TMessagesProj/jni/third_party/openh264/src/codec/encoder/core/inc/encoder_context.h:45:
build	Build APK	2026-07-23T18:26:09.7496074Z C/C++: /home/runner/work/Yasuagram/Yasuagram/TMessagesProj/jni/third_party/openh264/src/codec/encoder/core/inc/param_svc.h:493:26: warning: variable 'pSpatialLayer' set but not used [-Wunused-but-set-variable]
build	Build APK	2026-07-23T18:26:09.7524671Z C/C++:   493 |     SSpatialLayerConfig* pSpatialLayer = &sSpatialLayers[0];
build	Build APK	2026-07-23T18:26:09.7544817Z C/C++:       |                          ^
build	Build APK	2026-07-23T18:26:09.7555907Z C/C++: /home/runner/work/Yasuagram/Yasuagram/TMessagesProj/jni/third_party/openh264/src/codec/encoder/core/src/ratectl.cpp:494:13: warning: variable 'iDeltaQpTemporal' set but not used [-Wunused-but-set-variable]
build	Build APK	2026-07-23T18:26:09.7557690Z C/C++:   494 |     int32_t iDeltaQpTemporal = iTl - iTlLast;
build	Build APK	2026-07-23T18:26:09.7558311Z C/C++:       |             ^
build	Build APK	2026-07-23T18:26:09.7558764Z C/C++: 2 warnings generated.
build	Build APK	2026-07-23T18:26:09.9473026Z C/C++: In file included from /home/runner/work/Yasuagram/Yasuagram/TMessagesProj/jni/third_party/openh264/src/codec/encoder/core/src/encoder_ext.cpp:41:
build	Build APK	2026-07-23T18:26:09.9515604Z C/C++: In file included from /home/runner/work/Yasuagram/Yasuagram/TMessagesProj/jni/third_party/openh264/src/codec/encoder/core/inc/encoder.h:43:
build	Build APK	2026-07-23T18:26:09.9545598Z C/C++: In file included from /home/runner/work/Yasuagram/Yasuagram/TMessagesProj/jni/third_party/openh264/src/codec/encoder/core/inc/encoder_context.h:45:
build	Build APK	2026-07-23T18:26:09.9595864Z C/C++: /home/runner/work/Yasuagram/Yasuagram/TMessagesProj/jni/third_party/openh264/src/codec/encoder/core/inc/param_svc.h:493:26: warning: variable 'pSpatialLayer' set but not used [-Wunused-but-set-variable]
build	Build APK	2026-07-23T18:26:09.9655030Z C/C++:   493 |     SSpatialLayerConfig* pSpatialLayer = &sSpatialLayers[0];
build	Build APK	2026-07-23T18:26:09.9673881Z C/C++:       |                          ^
build	Build APK	2026-07-23T18:26:09.9715011Z C/C++: 1 warning generated.
build	Build APK	2026-07-23T18:26:09.9755715Z C/C++: In file included from /home/runner/work/Yasuagram/Yasuagram/TMessagesProj/jni/third_party/openh264/src/codec/encoder/core/src/slice_multi_threading.cpp:51:
build	Build APK	2026-07-23T18:26:09.9835592Z C/C++: In file included from /home/runner/work/Yasuagram/Yasuagram/TMessagesProj/jni/third_party/openh264/src/codec/encoder/core/inc/slice_multi_threading.h:46:
build	Build APK	2026-07-23T18:26:09.9865775Z C/C++: /home/runner/work/Yasuagram/Yasuagram/TMessagesProj/jni/third_party/openh264/src/codec/encoder/core/inc/param_svc.h:493:26: warning: variable 'pSpatialLayer' set but not used [-Wunused-but-set-variable]
build	Build APK	2026-07-23T18:26:09.9894912Z C/C++:   493 |     SSpatialLayerConfig* pSpatialLayer = &sSpatialLayers[0];
build	Build APK	2026-07-23T18:26:09.9924757Z C/C++:       |                          ^
build	Build APK	2026-07-23T18:26:09.9925335Z C/C++: 1 warning generated.
build	Build APK	2026-07-23T18:26:09.9926575Z C/C++: In file included from /home/runner/work/Yasuagram/Yasuagram/TMessagesProj/jni/third_party/openh264/src/codec/encoder/core/src/set_mb_syn_cavlc.cpp:41:
build	Build APK	2026-07-23T18:26:09.9928595Z C/C++: In file included from /home/runner/work/Yasuagram/Yasuagram/TMessagesProj/jni/third_party/openh264/src/codec/encoder/core/inc/svc_set_mb_syn.h:46:
build	Build APK	2026-07-23T18:26:09.9930548Z C/C++: In file included from /home/runner/work/Yasuagram/Yasuagram/TMessagesProj/jni/third_party/openh264/src/codec/encoder/core/inc/encoder_context.h:45:
build	Build APK	2026-07-23T18:26:09.9932835Z C/C++: /home/runner/work/Yasuagram/Yasuagram/TMessagesProj/jni/third_party/openh264/src/codec/encoder/core/inc/param_svc.h:493:26: warning: variable 'pSpatialLayer' set but not used [-Wunused-but-set-variable]
build	Build APK	2026-07-23T18:26:09.9934874Z C/C++:   493 |     SSpatialLayerConfig* pSpatialLayer = &sSpatialLayers[0];
build	Build APK	2026-07-23T18:26:09.9935600Z C/C++:       |                          ^
build	Build APK	2026-07-23T18:26:09.9936112Z C/C++: 1 warning generated.
build	Build APK	2026-07-23T18:26:10.1435894Z C/C++: In file included from /home/runner/work/Yasuagram/Yasuagram/TMessagesProj/jni/third_party/openh264/src/codec/encoder/core/src/ref_list_mgr_svc.cpp:34:
build	Build APK	2026-07-23T18:26:10.1495555Z C/C++: In file included from /home/runner/work/Yasuagram/Yasuagram/TMessagesProj/jni/third_party/openh264/src/codec/encoder/core/inc/ref_list_mgr_svc.h:46:
build	Build APK	2026-07-23T18:26:10.1555618Z C/C++: In file included from /home/runner/work/Yasuagram/Yasuagram/TMessagesProj/jni/third_party/openh264/src/codec/encoder/core/inc/encoder_context.h:45:
build	Build APK	2026-07-23T18:26:10.1605917Z C/C++: /home/runner/work/Yasuagram/Yasuagram/TMessagesProj/jni/third_party/openh264/src/codec/encoder/core/inc/param_svc.h:493:26: warning: variable 'pSpatialLayer' set but not used [-Wunused-but-set-variable]
build	Build APK	2026-07-23T18:26:10.1645253Z C/C++:   493 |     SSpatialLayerConfig* pSpatialLayer = &sSpatialLayers[0];
build	Build APK	2026-07-23T18:26:10.1664845Z C/C++:       |                          ^
build	Build APK	2026-07-23T18:26:10.1665430Z C/C++: 1 warning generated.
build	Build APK	2026-07-23T18:26:10.1666616Z C/C++: In file included from /home/runner/work/Yasuagram/Yasuagram/TMessagesProj/jni/third_party/openh264/src/codec/encoder/core/src/set_mb_syn_cabac.cpp:44:
build	Build APK	2026-07-23T18:26:10.1668501Z C/C++: In file included from /home/runner/work/Yasuagram/Yasuagram/TMessagesProj/jni/third_party/openh264/src/codec/encoder/core/inc/encoder.h:43:
build	Build APK	2026-07-23T18:26:10.1670347Z C/C++: In file included from /home/runner/work/Yasuagram/Yasuagram/TMessagesProj/jni/third_party/openh264/src/codec/encoder/core/inc/encoder_context.h:45:
build	Build APK	2026-07-23T18:26:10.1672596Z C/C++: /home/runner/work/Yasuagram/Yasuagram/TMessagesProj/jni/third_party/openh264/src/codec/encoder/core/inc/param_svc.h:493:26: warning: variable 'pSpatialLayer' set but not used [-Wunused-but-set-variable]
build	Build APK	2026-07-23T18:26:10.1675059Z C/C++:   493 |     SSpatialLayerConfig* pSpatialLayer = &sSpatialLayers[0];
build	Build APK	2026-07-23T18:26:10.1675762Z C/C++:       |                          ^
build	Build APK	2026-07-23T18:26:10.1676246Z C/C++: 1 warning generated.
build	Build APK	2026-07-23T18:26:10.2435849Z C/C++: In file included from /home/runner/work/Yasuagram/Yasuagram/TMessagesProj/jni/third_party/openh264/src/codec/encoder/core/src/svc_encode_mb.cpp:41:
build	Build APK	2026-07-23T18:26:10.2495621Z C/C++: In file included from /home/runner/work/Yasuagram/Yasuagram/TMessagesProj/jni/third_party/openh264/src/codec/encoder/core/inc/svc_encode_mb.h:47:
build	Build APK	2026-07-23T18:26:10.2555554Z C/C++: In file included from /home/runner/work/Yasuagram/Yasuagram/TMessagesProj/jni/third_party/openh264/src/codec/encoder/core/inc/encoder_context.h:45:
build	Build APK	2026-07-23T18:26:10.2575957Z C/C++: /home/runner/work/Yasuagram/Yasuagram/TMessagesProj/jni/third_party/openh264/src/codec/encoder/core/inc/param_svc.h:493:26: warning: variable 'pSpatialLayer' set but not used [-Wunused-but-set-variable]
build	Build APK	2026-07-23T18:26:10.2614943Z C/C++:   493 |     SSpatialLayerConfig* pSpatialLayer = &sSpatialLayers[0];
build	Build APK	2026-07-23T18:26:10.2674782Z C/C++:       |                          ^
build	Build APK	2026-07-23T18:26:10.2726156Z C/C++: /home/runner/work/Yasuagram/Yasuagram/TMessagesProj/jni/third_party/openh264/src/codec/encoder/core/src/svc_encode_mb.cpp:195:17: warning: variable 'iNoneZeroCountMbDcAc' set but not used [-Wunused-but-set-variable]
build	Build APK	2026-07-23T18:26:10.2785082Z C/C++:   195 |   int32_t i, j, iNoneZeroCountMbDcAc = 0, iNoneZeroCount = 0;
build	Build APK	2026-07-23T18:26:10.2785824Z C/C++:       |                 ^
build	Build APK	2026-07-23T18:26:10.2787437Z C/C++: /home/runner/work/Yasuagram/Yasuagram/TMessagesProj/jni/third_party/openh264/src/codec/encoder/core/src/svc_encode_mb.cpp:257:31: warning: variable 'uiNoneZeroCountMbAc' set but not used [-Wunused-but-set-variable]
build	Build APK	2026-07-23T18:26:10.2789443Z C/C++:   257 |   uint8_t i, uiNoneZeroCount, uiNoneZeroCountMbAc       = 0, uiNoneZeroCountMbDc = 0;
build	Build APK	2026-07-23T18:26:10.2790302Z C/C++:       |                               ^
build	Build APK	2026-07-23T18:26:10.2790834Z C/C++: 3 warnings generated.
build	Build APK	2026-07-23T18:26:10.3447828Z C/C++: In file included from /home/runner/work/Yasuagram/Yasuagram/TMessagesProj/jni/third_party/openh264/src/codec/encoder/core/src/svc_mode_decision.cpp:45:
build	Build APK	2026-07-23T18:26:10.3475844Z C/C++: In file included from /home/runner/work/Yasuagram/Yasuagram/TMessagesProj/jni/third_party/openh264/src/codec/encoder/core/inc/svc_base_layer_md.h:43:
build	Build APK	2026-07-23T18:26:10.3535862Z C/C++: In file included from /home/runner/work/Yasuagram/Yasuagram/TMessagesProj/jni/third_party/openh264/src/codec/encoder/core/inc/md.h:43:
build	Build APK	2026-07-23T18:26:10.3576073Z C/C++: In file included from /home/runner/work/Yasuagram/Yasuagram/TMessagesProj/jni/third_party/openh264/src/codec/encoder/core/inc/svc_motion_estimate.h:44:
build	Build APK	2026-07-23T18:26:10.3596000Z C/C++: In file included from /home/runner/work/Yasuagram/Yasuagram/TMessagesProj/jni/third_party/openh264/src/codec/encoder/core/inc/encoder_context.h:45:
build	Build APK	2026-07-23T18:26:10.3635990Z C/C++: /home/runner/work/Yasuagram/Yasuagram/TMessagesProj/jni/third_party/openh264/src/codec/encoder/core/inc/param_svc.h:493:26: warning: variable 'pSpatialLayer' set but not used [-Wunused-but-set-variable]
build	Build APK	2026-07-23T18:26:10.3715118Z C/C++:   493 |     SSpatialLayerConfig* pSpatialLayer = &sSpatialLayers[0];
build	Build APK	2026-07-23T18:26:10.3734689Z C/C++:       |                          ^
build	Build APK	2026-07-23T18:26:10.3754714Z C/C++: 1 warning generated.
build	Build APK	2026-07-23T18:26:10.8466012Z C/C++: In file included from /home/runner/work/Yasuagram/Yasuagram/TMessagesProj/jni/third_party/openh264/src/codec/encoder/core/src/svc_base_layer_md.cpp:43:
build	Build APK	2026-07-23T18:26:10.8515771Z C/C++: In file included from /home/runner/work/Yasuagram/Yasuagram/TMessagesProj/jni/third_party/openh264/src/codec/encoder/core/inc/svc_base_layer_md.h:43:
build	Build APK	2026-07-23T18:26:10.8547604Z C/C++: In file included from /home/runner/work/Yasuagram/Yasuagram/TMessagesProj/jni/third_party/openh264/src/codec/encoder/core/inc/md.h:43:
build	Build APK	2026-07-23T18:26:10.8565722Z C/C++: In file included from /home/runner/work/Yasuagram/Yasuagram/TMessagesProj/jni/third_party/openh264/src/codec/encoder/core/inc/svc_motion_estimate.h:44:
build	Build APK	2026-07-23T18:26:10.8636056Z C/C++: In file included from /home/runner/work/Yasuagram/Yasuagram/TMessagesProj/jni/third_party/openh264/src/codec/encoder/core/inc/encoder_context.h:45:
build	Build APK	2026-07-23T18:26:10.8696043Z C/C++: /home/runner/work/Yasuagram/Yasuagram/TMessagesProj/jni/third_party/openh264/src/codec/encoder/core/inc/param_svc.h:493:26: warning: variable 'pSpatialLayer' set but not used [-Wunused-but-set-variable]
build	Build APK	2026-07-23T18:26:10.8725037Z C/C++:   493 |     SSpatialLayerConfig* pSpatialLayer = &sSpatialLayers[0];
build	Build APK	2026-07-23T18:26:10.8750375Z C/C++:       |                          ^
build	Build APK	2026-07-23T18:26:10.8814862Z C/C++: 1 warning generated.
build	Build APK	2026-07-23T18:26:10.8865691Z C/C++: In file included from /home/runner/work/Yasuagram/Yasuagram/TMessagesProj/jni/third_party/openh264/src/codec/encoder/core/src/svc_set_mb_syn_cavlc.cpp:43:
build	Build APK	2026-07-23T18:26:10.8905558Z C/C++: In file included from /home/runner/work/Yasuagram/Yasuagram/TMessagesProj/jni/third_party/openh264/src/codec/encoder/core/inc/svc_set_mb_syn.h:46:
build	Build APK	2026-07-23T18:26:10.8925451Z C/C++: In file included from /home/runner/work/Yasuagram/Yasuagram/TMessagesProj/jni/third_party/openh264/src/codec/encoder/core/inc/encoder_context.h:45:
build	Build APK	2026-07-23T18:26:10.8975978Z C/C++: /home/runner/work/Yasuagram/Yasuagram/TMessagesProj/jni/third_party/openh264/src/codec/encoder/core/inc/param_svc.h:493:26: warning: variable 'pSpatialLayer' set but not used [-Wunused-but-set-variable]
build	Build APK	2026-07-23T18:26:10.9034971Z C/C++:   493 |     SSpatialLayerConfig* pSpatialLayer = &sSpatialLayers[0];
build	Build APK	2026-07-23T18:26:10.9054803Z C/C++:       |                          ^
build	Build APK	2026-07-23T18:26:10.9114831Z C/C++: 1 warning generated.
build	Build APK	2026-07-23T18:26:10.9431789Z C/C++: In file included from /home/runner/work/Yasuagram/Yasuagram/TMessagesProj/jni/third_party/openh264/src/codec/encoder/core/src/svc_encode_slice.cpp:42:
build	Build APK	2026-07-23T18:26:10.9498458Z C/C++: In file included from /home/runner/work/Yasuagram/Yasuagram/TMessagesProj/jni/third_party/openh264/src/codec/encoder/core/inc/svc_encode_slice.h:43:
build	Build APK	2026-07-23T18:26:10.9555901Z C/C++: In file included from /home/runner/work/Yasuagram/Yasuagram/TMessagesProj/jni/third_party/openh264/src/codec/encoder/core/inc/encoder_context.h:45:
build	Build APK	2026-07-23T18:26:10.9558423Z C/C++: /home/runner/work/Yasuagram/Yasuagram/TMessagesProj/jni/third_party/openh264/src/codec/encoder/core/inc/param_svc.h:493:26: warning: variable 'pSpatialLayer' set but not used [-Wunused-but-set-variable]
build	Build APK	2026-07-23T18:26:10.9594985Z C/C++:   493 |     SSpatialLayerConfig* pSpatialLayer = &sSpatialLayers[0];
build	Build APK	2026-07-23T18:26:10.9614949Z C/C++:       |                          ^
build	Build APK	2026-07-23T18:26:10.9644905Z C/C++: 1 warning generated.
build	Build APK	2026-07-23T18:26:11.0456076Z C/C++: In file included from /home/runner/work/Yasuagram/Yasuagram/TMessagesProj/jni/third_party/openh264/src/codec/encoder/core/src/svc_motion_estimate.cpp:43:
build	Build APK	2026-07-23T18:26:11.0465718Z C/C++: In file included from /home/runner/work/Yasuagram/Yasuagram/TMessagesProj/jni/third_party/openh264/src/codec/encoder/core/inc/svc_motion_estimate.h:44:
build	Build APK	2026-07-23T18:26:11.0485839Z C/C++: In file included from /home/runner/work/Yasuagram/Yasuagram/TMessagesProj/jni/third_party/openh264/src/codec/encoder/core/inc/encoder_context.h:45:
build	Build APK	2026-07-23T18:26:11.0515997Z C/C++: /home/runner/work/Yasuagram/Yasuagram/TMessagesProj/jni/third_party/openh264/src/codec/encoder/core/inc/param_svc.h:493:26: warning: variable 'pSpatialLayer' set but not used [-Wunused-but-set-variable]
build	Build APK	2026-07-23T18:26:11.0524922Z C/C++:   493 |     SSpatialLayerConfig* pSpatialLayer = &sSpatialLayers[0];
build	Build APK	2026-07-23T18:26:11.0544866Z C/C++:       |                          ^
build	Build APK	2026-07-23T18:26:11.0574864Z C/C++: 1 warning generated.
build	Build APK	2026-07-23T18:26:11.0605701Z C/C++: In file included from /home/runner/work/Yasuagram/Yasuagram/TMessagesProj/jni/third_party/openh264/src/codec/encoder/core/src/svc_set_mb_syn_cabac.cpp:40:
build	Build APK	2026-07-23T18:26:11.0613593Z C/C++: In file included from /home/runner/work/Yasuagram/Yasuagram/TMessagesProj/jni/third_party/openh264/src/codec/encoder/core/inc/svc_set_mb_syn.h:46:
build	Build APK	2026-07-23T18:26:11.0645442Z C/C++: In file included from /home/runner/work/Yasuagram/Yasuagram/TMessagesProj/jni/third_party/openh264/src/codec/encoder/core/inc/encoder_context.h:45:
build	Build APK	2026-07-23T18:26:11.0665887Z C/C++: /home/runner/work/Yasuagram/Yasuagram/TMessagesProj/jni/third_party/openh264/src/codec/encoder/core/inc/param_svc.h:493:26: warning: variable 'pSpatialLayer' set but not used [-Wunused-but-set-variable]
build	Build APK	2026-07-23T18:26:11.0667700Z C/C++:   493 |     SSpatialLayerConfig* pSpatialLayer = &sSpatialLayers[0];
build	Build APK	2026-07-23T18:26:11.0668760Z C/C++:       |                          ^
build	Build APK	2026-07-23T18:26:11.0669277Z C/C++: 1 warning generated.
build	Build APK	2026-07-23T18:26:11.1435909Z C/C++: In file included from /home/runner/work/Yasuagram/Yasuagram/TMessagesProj/jni/third_party/openh264/src/codec/encoder/core/src/wels_task_management.cpp:49:
build	Build APK	2026-07-23T18:26:11.1465575Z C/C++: In file included from /home/runner/work/Yasuagram/Yasuagram/TMessagesProj/jni/third_party/openh264/src/codec/encoder/core/inc/encoder_context.h:45:
build	Build APK	2026-07-23T18:26:11.1495839Z C/C++: /home/runner/work/Yasuagram/Yasuagram/TMessagesProj/jni/third_party/openh264/src/codec/encoder/core/inc/param_svc.h:493:26: warning: variable 'pSpatialLayer' set but not used [-Wunused-but-set-variable]
build	Build APK	2026-07-23T18:26:11.1525098Z C/C++:   493 |     SSpatialLayerConfig* pSpatialLayer = &sSpatialLayers[0];
build	Build APK	2026-07-23T18:26:11.1554915Z C/C++:       |                          ^
build	Build APK	2026-07-23T18:26:11.1574796Z C/C++: 1 warning generated.
build	Build APK	2026-07-23T18:26:11.2493267Z C/C++: In file included from /home/runner/work/Yasuagram/Yasuagram/TMessagesProj/jni/third_party/openh264/src/codec/encoder/core/src/wels_task_encoder.cpp:50:
build	Build APK	2026-07-23T18:26:11.2515859Z C/C++: In file included from /home/runner/work/Yasuagram/Yasuagram/TMessagesProj/jni/third_party/openh264/src/codec/encoder/core/inc/wels_task_encoder.h:45:
build	Build APK	2026-07-23T18:26:11.2535648Z C/C++: In file included from /home/runner/work/Yasuagram/Yasuagram/TMessagesProj/jni/third_party/openh264/src/codec/encoder/core/inc/encoder_context.h:45:
build	Build APK	2026-07-23T18:26:11.2537774Z C/C++: /home/runner/work/Yasuagram/Yasuagram/TMessagesProj/jni/third_party/openh264/src/codec/encoder/core/inc/param_svc.h:493:26: warning: variable 'pSpatialLayer' set but not used [-Wunused-but-set-variable]
build	Build APK	2026-07-23T18:26:11.2539366Z C/C++:   493 |     SSpatialLayerConfig* pSpatialLayer = &sSpatialLayers[0];
build	Build APK	2026-07-23T18:26:11.2539990Z C/C++:       |                          ^
build	Build APK	2026-07-23T18:26:11.2540439Z C/C++: 1 warning generated.
build	Build APK	2026-07-23T18:26:11.4445794Z C/C++: In file included from /home/runner/work/Yasuagram/Yasuagram/TMessagesProj/jni/third_party/openh264/src/codec/encoder/core/src/wels_preprocess.cpp:33:
build	Build APK	2026-07-23T18:26:11.4447767Z C/C++: In file included from /home/runner/work/Yasuagram/Yasuagram/TMessagesProj/jni/third_party/openh264/src/codec/encoder/core/inc/wels_preprocess.h:51:
build	Build APK	2026-07-23T18:26:11.4485819Z C/C++: /home/runner/work/Yasuagram/Yasuagram/TMessagesProj/jni/third_party/openh264/src/codec/encoder/core/inc/param_svc.h:493:26: warning: variable 'pSpatialLayer' set but not used [-Wunused-but-set-variable]
build	Build APK	2026-07-23T18:26:11.4500061Z C/C++:   493 |     SSpatialLayerConfig* pSpatialLayer = &sSpatialLayers[0];
build	Build APK	2026-07-23T18:26:11.4514992Z C/C++:       |                          ^
build	Build APK	2026-07-23T18:26:11.4574884Z C/C++: 1 warning generated.
build	Build APK	2026-07-23T18:26:11.5436068Z C/C++: In file included from /home/runner/work/Yasuagram/Yasuagram/TMessagesProj/jni/third_party/openh264/src/codec/encoder/plus/src/welsEncoderExt.cpp:34:
build	Build APK	2026-07-23T18:26:11.5475645Z C/C++: In file included from /home/runner/work/Yasuagram/Yasuagram/TMessagesProj/jni/third_party/openh264/src/codec/encoder/plus/inc/welsEncoderExt.h:48:
build	Build APK	2026-07-23T18:26:11.5505587Z C/C++: In file included from /home/runner/work/Yasuagram/Yasuagram/TMessagesProj/jni/third_party/openh264/src/codec/encoder/core/inc/encoder_context.h:45:
build	Build APK	2026-07-23T18:26:11.5535981Z C/C++: /home/runner/work/Yasuagram/Yasuagram/TMessagesProj/jni/third_party/openh264/src/codec/encoder/core/inc/param_svc.h:493:26: warning: variable 'pSpatialLayer' set but not used [-Wunused-but-set-variable]
build	Build APK	2026-07-23T18:26:11.5625229Z C/C++:   493 |     SSpatialLayerConfig* pSpatialLayer = &sSpatialLayers[0];
build	Build APK	2026-07-23T18:26:11.5654890Z C/C++:       |                          ^
build	Build APK	2026-07-23T18:26:11.5655448Z C/C++: 1 warning generated.
build	Build APK	2026-07-23T18:27:11.5431991Z C/C++: In file included from /home/runner/work/Yasuagram/Yasuagram/TMessagesProj/jni/voip/tgcalls/InstanceImpl.cpp:1:
build	Build APK	2026-07-23T18:27:11.5506015Z C/C++: /home/runner/work/Yasuagram/Yasuagram/TMessagesProj/jni/voip/tgcalls/InstanceImpl.h:43:21: warning: 'getLatencyStats' overrides a member function but is not marked 'override' [-Winconsistent-missing-override]
build	Build APK	2026-07-23T18:27:11.5508491Z C/C++:    43 |         std::string getLatencyStats();
build	Build APK	2026-07-23T18:27:11.5564990Z C/C++:       |                     ^
build	Build APK	2026-07-23T18:27:11.5625502Z C/C++: /home/runner/work/Yasuagram/Yasuagram/TMessagesProj/jni/voip/tgcalls/Instance.h:207:23: note: overridden virtual function is here
build	Build APK	2026-07-23T18:27:11.5655017Z C/C++:   207 |   virtual std::string getLatencyStats() { return getDebugInfo(); }
build	Build APK	2026-07-23T18:27:11.5684718Z C/C++:       |                       ^
build	Build APK	2026-07-23T18:27:11.5744761Z C/C++: 1 warning generated.
build	Build APK	2026-07-23T18:27:19.3456379Z C/C++: /home/runner/work/Yasuagram/Yasuagram/TMessagesProj/jni/voip/tgcalls/VideoCaptureInterfaceImpl.cpp:168:1: warning: field '_platformContext' will be initialized after field '_impl' [-Wreorder-ctor]
build	Build APK	2026-07-23T18:27:19.3458260Z C/C++:   168 | _platformContext(platformContext),
build	Build APK	2026-07-23T18:27:19.3525074Z C/C++:       | ^~~~~~~~~~~~~~~~~~~~~~~~~~~~~~~~~
build	Build APK	2026-07-23T18:27:19.3545309Z C/C++:   169 | _impl(threads->getMediaThread(), [deviceId, isScreenCapture, platformContext, threads]() {
build	Build APK	2026-07-23T18:27:19.3615151Z C/C++:       | ~~~~~~~~~~~~~~~~~~~~~~~~~~~~~~~~~~~~~~~~~~~~~~~~~~~~~~~~~~~~~~~~~~~~~~~~~~~~~~~~~~~~~~~~~~
build	Build APK	2026-07-23T18:27:19.3664958Z C/C++:       | _platformContext(platformContext)
build	Build APK	2026-07-23T18:27:19.3666248Z C/C++:   170 |         return std::make_shared<VideoCaptureInterfaceObject>(deviceId, isScreenCapture, platformContext, *threads);
build	Build APK	2026-07-23T18:27:19.3695109Z C/C++:       |         ~~~~~~~~~~~~~~~~~~~~~~~~~~~~~~~~~~~~~~~~~~~~~~~~~~~~~~~~~~~~~~~~~~~~~~~~~~~~~~~~~~~~~~~~~~~~~~~~~~~~~~~~~~~
build	Build APK	2026-07-23T18:27:19.3721673Z C/C++:   171 | }) {
build	Build APK	2026-07-23T18:27:19.3744363Z C/C++:       | ~~
build	Build APK	2026-07-23T18:27:19.3784959Z C/C++: 1 warning generated.
build	Build APK	2026-07-23T18:27:20.8445764Z C/C++: In file included from /home/runner/work/Yasuagram/Yasuagram/TMessagesProj/jni/voip/tgcalls/legacy/InstanceImplLegacy.cpp:1:
build	Build APK	2026-07-23T18:27:20.8455897Z C/C++: In file included from /home/runner/work/Yasuagram/Yasuagram/TMessagesProj/jni/voip/tgcalls/legacy/InstanceImplLegacy.h:6:
build	Build APK	2026-07-23T18:27:20.8485433Z C/C++: In file included from /home/runner/work/Yasuagram/Yasuagram/TMessagesProj/jni/voip/libtgvoip/VoIPController.h:24:
build	Build APK	2026-07-23T18:27:20.8505237Z C/C++: In file included from /home/runner/work/Yasuagram/Yasuagram/TMessagesProj/jni/voip/libtgvoip/video/VideoSource.h:12:
build	Build APK	2026-07-23T18:27:20.8535320Z C/C++: In file included from /home/runner/work/Yasuagram/Yasuagram/TMessagesProj/jni/voip/libtgvoip/video/../Buffers.h:19:
build	Build APK	2026-07-23T18:27:20.8545688Z C/C++: /home/runner/work/Yasuagram/Yasuagram/TMessagesProj/jni/voip/libtgvoip/video/../threading.h:110:8: warning: private field 'maxPriority' is not used [-Wunused-private-field]
build	Build APK	2026-07-23T18:27:20.8574863Z C/C++:   110 |                 bool maxPriority=false;
build	Build APK	2026-07-23T18:27:20.8594932Z C/C++:       |                      ^
build	Build APK	2026-07-23T18:27:20.8605020Z C/C++: 1 warning generated.
build	Build APK	2026-07-23T18:27:28.3475981Z C/C++: /home/runner/work/Yasuagram/Yasuagram/TMessagesProj/jni/voip/tgcalls/v2/ikcp.cpp:40:15: warning: unused variable 'IKCP_ACK_FAST' [-Wunused-const-variable]
build	Build APK	2026-07-23T18:27:28.3525172Z C/C++:    40 | const IUINT32 IKCP_ACK_FAST     = 3;
build	Build APK	2026-07-23T18:27:28.3574889Z C/C++:       |               ^~~~~~~~~~~~~
build	Build APK	2026-07-23T18:27:28.3635019Z C/C++: 1 warning generated.
build	Build APK	2026-07-23T18:27:39.5456066Z C/C++: /home/runner/work/Yasuagram/Yasuagram/TMessagesProj/jni/voip/tgcalls/third-party/json11.cpp:201:54: warning: unqualified call to 'std::move' [-Wunqualified-std-cast-call]
build	Build APK	2026-07-23T18:27:39.5545213Z C/C++:   201 |     explicit JsonString(string &&value)      : Value(move(value)) {}
build	Build APK	2026-07-23T18:27:39.5584825Z C/C++:       |                                                      ^
build	Build APK	2026-07-23T18:27:39.5652824Z C/C++:       |                                                      std::
build	Build APK	2026-07-23T18:27:39.5725547Z C/C++: /home/runner/work/Yasuagram/Yasuagram/TMessagesProj/jni/voip/tgcalls/third-party/json11.cpp:209:58: warning: unqualified call to 'std::move' [-Wunqualified-std-cast-call]
build	Build APK	2026-07-23T18:27:39.5754983Z C/C++:   209 |     explicit JsonArray(Json::array &&value)      : Value(move(value)) {}
build	Build APK	2026-07-23T18:27:39.5755698Z C/C++:       |                                                          ^
build	Build APK	2026-07-23T18:27:39.5756226Z C/C++:       |                                                          std::
build	Build APK	2026-07-23T18:27:39.5757421Z C/C++: /home/runner/work/Yasuagram/Yasuagram/TMessagesProj/jni/voip/tgcalls/third-party/json11.cpp:217:60: warning: unqualified call to 'std::move' [-Wunqualified-std-cast-call]
build	Build APK	2026-07-23T18:27:39.5758762Z C/C++:   217 |     explicit JsonObject(Json::object &&value)      : Value(move(value)) {}
build	Build APK	2026-07-23T18:27:39.5759412Z C/C++:       |                                                            ^
build	Build APK	2026-07-23T18:27:39.5759929Z C/C++:       |                                                            std::
build	Build APK	2026-07-23T18:27:39.5761113Z C/C++: /home/runner/work/Yasuagram/Yasuagram/TMessagesProj/jni/voip/tgcalls/third-party/json11.cpp:259:72: warning: unqualified call to 'std::move' [-Wunqualified-std-cast-call]
build	Build APK	2026-07-23T18:27:39.5762433Z C/C++:   259 | Json::Json(string &&value)             : m_ptr(make_shared<JsonString>(move(value))) {}
build	Build APK	2026-07-23T18:27:39.5763168Z C/C++:       |                                                                        ^
build	Build APK	2026-07-23T18:27:39.5763725Z C/C++:       |                                                                        std::
build	Build APK	2026-07-23T18:27:39.5795373Z C/C++: /home/runner/work/Yasuagram/Yasuagram/TMessagesProj/jni/voip/tgcalls/third-party/json11.cpp:262:71: warning: unqualified call to 'std::move' [-Wunqualified-std-cast-call]
build	Build APK	2026-07-23T18:27:39.5796901Z C/C++:   262 | Json::Json(Json::array &&values)       : m_ptr(make_shared<JsonArray>(move(values))) {}
build	Build APK	2026-07-23T18:27:39.5797641Z C/C++:       |                                                                       ^
build	Build APK	2026-07-23T18:27:39.5814841Z C/C++:       |                                                                       std::
build	Build APK	2026-07-23T18:27:39.5855492Z C/C++: /home/runner/work/Yasuagram/Yasuagram/TMessagesProj/jni/voip/tgcalls/third-party/json11.cpp:264:72: warning: unqualified call to 'std::move' [-Wunqualified-std-cast-call]
build	Build APK	2026-07-23T18:27:39.5884914Z C/C++:   264 | Json::Json(Json::object &&values)      : m_ptr(make_shared<JsonObject>(move(values))) {}
build	Build APK	2026-07-23T18:27:39.5944932Z C/C++:       |                                                                        ^
build	Build APK	2026-07-23T18:27:39.6004872Z C/C++:       |                                                                        std::
build	Build APK	2026-07-23T18:27:39.6066209Z C/C++: /home/runner/work/Yasuagram/Yasuagram/TMessagesProj/jni/voip/tgcalls/third-party/json11.cpp:362:21: warning: unqualified call to 'std::move' [-Wunqualified-std-cast-call]
build	Build APK	2026-07-23T18:27:39.6115064Z C/C++:   362 |         return fail(move(msg), Json());
build	Build APK	2026-07-23T18:27:39.6184947Z C/C++:       |                     ^
build	Build APK	2026-07-23T18:27:39.6244910Z C/C++:       |                     std::
build	Build APK	2026-07-23T18:27:39.6302719Z C/C++: /home/runner/work/Yasuagram/Yasuagram/TMessagesProj/jni/voip/tgcalls/third-party/json11.cpp:154:46: warning: unqualified call to 'std::move' [-Wunqualified-std-cast-call]
build	Build APK	2026-07-23T18:27:39.6358127Z C/C++:   154 |     explicit Value(T &&value)      : m_value(move(value)) {}
build	Build APK	2026-07-23T18:27:39.6424850Z C/C++:       |                                              ^
build	Build APK	2026-07-23T18:27:39.6484974Z C/C++:       |                                              std::
build	Build APK	2026-07-23T18:27:39.6545922Z C/C++: /home/runner/work/Yasuagram/Yasuagram/TMessagesProj/jni/voip/tgcalls/third-party/json11.cpp:201:48: note: in instantiation of member function 'json11::Value<json11::Json::STRING, std::string>::Value' requested here
build	Build APK	2026-07-23T18:27:39.6574895Z C/C++:   201 |     explicit JsonString(string &&value)      : Value(move(value)) {}
build	Build APK	2026-07-23T18:27:39.6604622Z C/C++:       |                                                ^
build	Build APK	2026-07-23T18:27:39.6665701Z C/C++: /home/runner/work/Yasuagram/Yasuagram/TMessagesProj/jni/voip/tgcalls/third-party/json11.cpp:154:46: warning: unqualified call to 'std::move' [-Wunqualified-std-cast-call]
build	Build APK	2026-07-23T18:27:39.6716491Z C/C++:   154 |     explicit Value(T &&value)      : m_value(move(value)) {}
build	Build APK	2026-07-23T18:27:39.6780173Z C/C++:       |                                              ^
build	Build APK	2026-07-23T18:27:39.6844849Z C/C++:       |                                              std::
build	Build APK	2026-07-23T18:27:39.6905915Z C/C++: /home/runner/work/Yasuagram/Yasuagram/TMessagesProj/jni/voip/tgcalls/third-party/json11.cpp:209:52: note: in instantiation of member function 'json11::Value<json11::Json::ARRAY, std::vector<json11::Json>>::Value' requested here
build	Build APK	2026-07-23T18:27:39.6965095Z C/C++:   209 |     explicit JsonArray(Json::array &&value)      : Value(move(value)) {}
build	Build APK	2026-07-23T18:27:39.6982109Z C/C++:       |                                                    ^
build	Build APK	2026-07-23T18:27:39.6983823Z C/C++: /home/runner/work/Yasuagram/Yasuagram/TMessagesProj/jni/voip/tgcalls/third-party/json11.cpp:154:46: warning: unqualified call to 'std::move' [-Wunqualified-std-cast-call]
build	Build APK	2026-07-23T18:27:39.7009066Z C/C++:   154 |     explicit Value(T &&value)      : m_value(move(value)) {}
build	Build APK	2026-07-23T18:27:39.7034815Z C/C++:       |                                              ^
build	Build APK	2026-07-23T18:27:39.7064866Z C/C++:       |                                              std::
build	Build APK	2026-07-23T18:27:39.7084581Z C/C++: /home/runner/work/Yasuagram/Yasuagram/TMessagesProj/jni/voip/tgcalls/third-party/json11.cpp:217:54: note: in instantiation of member function 'json11::Value<json11::Json::OBJECT, std::map<std::string, json11::Json>>::Value' requested here
build	Build APK	2026-07-23T18:27:39.7104972Z C/C++:   217 |     explicit JsonObject(Json::object &&value)      : Value(move(value)) {}
build	Build APK	2026-07-23T18:27:39.7124837Z C/C++:       |                                                      ^
build	Build APK	2026-07-23T18:27:39.7155898Z C/C++: /home/runner/work/Yasuagram/Yasuagram/TMessagesProj/jni/voip/tgcalls/third-party/json11.cpp:154:46: warning: unqualified call to 'std::move' [-Wunqualified-std-cast-call]
build	Build APK	2026-07-23T18:27:39.7184289Z C/C++:   154 |     explicit Value(T &&value)      : m_value(move(value)) {}
build	Build APK	2026-07-23T18:27:39.7185450Z C/C++:       |                                              ^
build	Build APK	2026-07-23T18:27:39.7210908Z C/C++:       |                                              std::
build	Build APK	2026-07-23T18:27:39.7235751Z C/C++: /home/runner/work/Yasuagram/Yasuagram/TMessagesProj/jni/voip/tgcalls/third-party/json11.cpp:222:18: note: in instantiation of member function 'json11::Value<json11::Json::NUL, json11::NullStruct>::Value' requested here
build	Build APK	2026-07-23T18:27:39.7237354Z C/C++:   222 |     JsonNull() : Value({}) {}
build	Build APK	2026-07-23T18:27:39.7237800Z C/C++:       |                  ^
build	Build APK	2026-07-23T18:27:39.7238163Z C/C++: 11 warnings generated.
build	Build APK	2026-07-23T18:27:43.0435834Z C/C++: In file included from /home/runner/work/Yasuagram/Yasuagram/TMessagesProj/jni/voip/tgcalls/v2/InstanceV2ReferenceImpl.cpp:1:
build	Build APK	2026-07-23T18:27:43.0515525Z C/C++: In file included from /home/runner/work/Yasuagram/Yasuagram/TMessagesProj/jni/voip/tgcalls/v2/InstanceV2ReferenceImpl.h:4:
build	Build APK	2026-07-23T18:27:43.0565249Z C/C++: In file included from /home/runner/work/Yasuagram/Yasuagram/TMessagesProj/jni/voip/tgcalls/Instance.h:4:
build	Build APK	2026-07-23T18:27:43.0595627Z C/C++: In file included from /usr/local/lib/android/sdk/ndk/27.2.12479018/toolchains/llvm/prebuilt/linux-x86_64/sysroot/usr/include/c++/v1/functional:526:
build	Build APK	2026-07-23T18:27:43.0625860Z C/C++: In file included from /usr/local/lib/android/sdk/ndk/27.2.12479018/toolchains/llvm/prebuilt/linux-x86_64/sysroot/usr/include/c++/v1/__functional/boyer_moore_searcher.h:22:
build	Build APK	2026-07-23T18:27:43.0635550Z C/C++: In file included from /usr/local/lib/android/sdk/ndk/27.2.12479018/toolchains/llvm/prebuilt/linux-x86_64/sysroot/usr/include/c++/v1/__memory/shared_ptr.h:33:
build	Build APK	2026-07-23T18:27:43.0665945Z C/C++: /usr/local/lib/android/sdk/ndk/27.2.12479018/toolchains/llvm/prebuilt/linux-x86_64/sysroot/usr/include/c++/v1/__memory/unique_ptr.h:601:30: warning: 'RtcEventLogFactory' is deprecated: Use default constructor [-Wdeprecated-declarations]
build	Build APK	2026-07-23T18:27:43.0685066Z C/C++:   601 |   return unique_ptr<_Tp>(new _Tp(std::forward<_Args>(__args)...));
build	Build APK	2026-07-23T18:27:43.0714841Z C/C++:       |                              ^
build	Build APK	2026-07-23T18:27:43.0726248Z C/C++: /home/runner/work/Yasuagram/Yasuagram/TMessagesProj/jni/voip/tgcalls/v2/InstanceV2ReferenceImpl.cpp:476:68: note: in instantiation of function template specialization 'std::make_unique<webrtc::RtcEventLogFactory, webrtc::TaskQueueFactory *>' requested here
build	Build APK	2026-07-23T18:27:43.0755659Z C/C++:   476 |         peerConnectionFactoryDependencies.event_log_factory = std::make_unique<webrtc::RtcEventLogFactory>(peerConnectionFactoryDependencies.task_queue_factory.get());
build	Build APK	2026-07-23T18:27:43.0774927Z C/C++:       |                                                                    ^
build	Build APK	2026-07-23T18:27:43.0785655Z C/C++: /home/runner/work/Yasuagram/Yasuagram/TMessagesProj/jni/voip/webrtc/api/rtc_event_log/rtc_event_log_factory.h:29:5: note: 'RtcEventLogFactory' has been explicitly marked deprecated here
build	Build APK	2026-07-23T18:27:43.0814812Z C/C++:    29 |   [[deprecated("Use default constructor")]]  //
build	Build APK	2026-07-23T18:27:43.0834801Z C/C++:       |     ^
build	Build APK	2026-07-23T18:27:43.0864924Z C/C++: 1 warning generated.
build	Build APK	2026-07-23T18:32:45.5432455Z C/C++: /home/runner/work/Yasuagram/Yasuagram/TMessagesProj/jni/voip/webrtc/modules/utility/source/jvm_android.cc:82:10: warning: unused variable 'ret' [-Wunused-variable]
build	Build APK	2026-07-23T18:32:45.5494958Z C/C++:    82 |     jint ret = jvm->AttachCurrentThread(&env, nullptr);
build	Build APK	2026-07-23T18:32:45.5514886Z C/C++:       |          ^~~
build	Build APK	2026-07-23T18:32:45.5575616Z C/C++: /home/runner/work/Yasuagram/Yasuagram/TMessagesProj/jni/voip/webrtc/modules/utility/source/jvm_android.cc:78:11: warning: unused variable 'jni' [-Wunused-variable]
build	Build APK	2026-07-23T18:32:45.5624813Z C/C++:    78 |   JNIEnv* jni = GetEnv(jvm);
build	Build APK	2026-07-23T18:32:45.5654773Z C/C++:       |           ^~~
build	Build APK	2026-07-23T18:32:45.5694756Z C/C++: 2 warnings generated.
build	Build APK	2026-07-23T18:32:55.6431671Z C/C++: In file included from /home/runner/work/Yasuagram/Yasuagram/TMessagesProj/jni/voip/webrtc/call/call.cc:72:
build	Build APK	2026-07-23T18:32:55.6495511Z C/C++: In file included from /home/runner/work/Yasuagram/Yasuagram/TMessagesProj/jni/voip/webrtc/video/video_receive_stream2.h:38:
build	Build APK	2026-07-23T18:32:55.6515975Z C/C++: /home/runner/work/Yasuagram/Yasuagram/TMessagesProj/jni/voip/webrtc/video/rtp_video_stream_receiver2.h:393:7: warning: declaration does not declare anything [-Wmissing-declarations]
build	Build APK	2026-07-23T18:32:55.6574994Z C/C++:   393 |       RTC_GUARDED_BY(packet_sequence_checker_);
build	Build APK	2026-07-23T18:32:55.6585457Z C/C++:       |       ^
build	Build APK	2026-07-23T18:32:55.6606713Z C/C++: /home/runner/work/Yasuagram/Yasuagram/TMessagesProj/jni/voip/webrtc/rtc_base/thread_annotations.h:31:27: note: expanded from macro 'RTC_GUARDED_BY'
build	Build APK	2026-07-23T18:32:55.6635105Z C/C++:    31 | #define RTC_GUARDED_BY(x) RTC_THREAD_ANNOTATION_ATTRIBUTE__(guarded_by(x))
build	Build APK	2026-07-23T18:32:55.6664810Z C/C++:       |                           ^
build	Build APK	2026-07-23T18:32:55.6674498Z C/C++: /home/runner/work/Yasuagram/Yasuagram/TMessagesProj/jni/voip/webrtc/rtc_base/thread_annotations.h:23:46: note: expanded from macro 'RTC_THREAD_ANNOTATION_ATTRIBUTE__'
build	Build APK	2026-07-23T18:32:55.6704897Z C/C++:    23 | #define RTC_THREAD_ANNOTATION_ATTRIBUTE__(x) __attribute__((x))
build	Build APK	2026-07-23T18:32:55.6718730Z C/C++:       |                                              ^
build	Build APK	2026-07-23T18:32:55.6745215Z C/C++: In file included from /home/runner/work/Yasuagram/Yasuagram/TMessagesProj/jni/voip/webrtc/call/call.cc:72:
build	Build APK	2026-07-23T18:32:55.6775373Z C/C++: In file included from /home/runner/work/Yasuagram/Yasuagram/TMessagesProj/jni/voip/webrtc/video/video_receive_stream2.h:38:
build	Build APK	2026-07-23T18:32:55.6778370Z C/C++: /home/runner/work/Yasuagram/Yasuagram/TMessagesProj/jni/voip/webrtc/video/rtp_video_stream_receiver2.h:393:7: warning: attribute guarded_by ignored, because it is not attached to a declaration [-Wignored-attributes]
build	Build APK	2026-07-23T18:32:55.6805466Z C/C++: /home/runner/work/Yasuagram/Yasuagram/TMessagesProj/jni/voip/webrtc/rtc_base/thread_annotations.h:31:71: note: expanded from macro 'RTC_GUARDED_BY'
build	Build APK	2026-07-23T18:32:55.6835067Z C/C++:    31 | #define RTC_GUARDED_BY(x) RTC_THREAD_ANNOTATION_ATTRIBUTE__(guarded_by(x))
build	Build APK	2026-07-23T18:32:55.6864821Z C/C++:       |                                                                       ^
build	Build APK	2026-07-23T18:32:55.6878180Z C/C++: 2 warnings generated.
build	Build APK	2026-07-23T18:33:42.8432693Z C/C++: /home/runner/work/Yasuagram/Yasuagram/TMessagesProj/jni/voip/webrtc/video/video_source_sink_controller.cc:40:55: warning: format specifies type 'long' but the argument has type 'rtc::VideoSourceInterface<VideoFrame> *' [-Wformat]
build	Build APK	2026-07-23T18:33:42.8488452Z C/C++:    40 |     DEBUG_D("$%d: SetSource(): new source as %ld", a, source_);
build	Build APK	2026-07-23T18:33:42.8515040Z C/C++:       |                                              ~~~      ^~~~~~~
build	Build APK	2026-07-23T18:33:42.8523352Z C/C++: /home/runner/work/Yasuagram/Yasuagram/TMessagesProj/jni/voip/webrtc/video/video_source_sink_controller.cc:67:60: warning: format specifies type 'long' but the argument has type 'rtc::VideoSourceInterface<VideoFrame> *' [-Wformat]
build	Build APK	2026-07-23T18:33:42.8585307Z C/C++:    67 |     DEBUG_D("$%d: PushSourceSinkSettings(): 2 src=%ld", a, source_);
build	Build APK	2026-07-23T18:33:42.8645223Z C/C++:       |                                                   ~~~      ^~~~~~~
build	Build APK	2026-07-23T18:33:42.8688823Z C/C++: 2 warnings generated.
build	Build APK	2026-07-23T18:33:49.4446010Z C/C++: In file included from /home/runner/work/Yasuagram/Yasuagram/TMessagesProj/jni/voip/webrtc/video/video_quality_observer2.cc:21:
build	Build APK	2026-07-23T18:33:49.4495576Z C/C++: In file included from /home/runner/work/Yasuagram/Yasuagram/TMessagesProj/jni/voip/webrtc/video/video_receive_stream2.h:38:
build	Build APK	2026-07-23T18:33:49.4565777Z C/C++: /home/runner/work/Yasuagram/Yasuagram/TMessagesProj/jni/voip/webrtc/video/rtp_video_stream_receiver2.h:393:7: warning: declaration does not declare anything [-Wmissing-declarations]
build	Build APK	2026-07-23T18:33:49.4644978Z C/C++:   393 |       RTC_GUARDED_BY(packet_sequence_checker_);
build	Build APK	2026-07-23T18:33:49.4674751Z C/C++:       |       ^
build	Build APK	2026-07-23T18:33:49.4721785Z C/C++: /home/runner/work/Yasuagram/Yasuagram/TMessagesProj/jni/voip/webrtc/rtc_base/thread_annotations.h:31:27: note: expanded from macro 'RTC_GUARDED_BY'
build	Build APK	2026-07-23T18:33:49.4745098Z C/C++:    31 | #define RTC_GUARDED_BY(x) RTC_THREAD_ANNOTATION_ATTRIBUTE__(guarded_by(x))
build	Build APK	2026-07-23T18:33:49.4784838Z C/C++:       |                           ^
build	Build APK	2026-07-23T18:33:49.4845922Z C/C++: /home/runner/work/Yasuagram/Yasuagram/TMessagesProj/jni/voip/webrtc/rtc_base/thread_annotations.h:23:46: note: expanded from macro 'RTC_THREAD_ANNOTATION_ATTRIBUTE__'
build	Build APK	2026-07-23T18:33:49.4874924Z C/C++:    23 | #define RTC_THREAD_ANNOTATION_ATTRIBUTE__(x) __attribute__((x))
build	Build APK	2026-07-23T18:33:49.4923112Z C/C++:       |                                              ^
build	Build APK	2026-07-23T18:33:49.4995487Z C/C++: In file included from /home/runner/work/Yasuagram/Yasuagram/TMessagesProj/jni/voip/webrtc/video/video_quality_observer2.cc:21:
build	Build APK	2026-07-23T18:33:49.5035382Z C/C++: In file included from /home/runner/work/Yasuagram/Yasuagram/TMessagesProj/jni/voip/webrtc/video/video_receive_stream2.h:38:
build	Build APK	2026-07-23T18:33:49.5095552Z C/C++: /home/runner/work/Yasuagram/Yasuagram/TMessagesProj/jni/voip/webrtc/video/rtp_video_stream_receiver2.h:393:7: warning: attribute guarded_by ignored, because it is not attached to a declaration [-Wignored-attributes]
build	Build APK	2026-07-23T18:33:49.5125565Z C/C++: /home/runner/work/Yasuagram/Yasuagram/TMessagesProj/jni/voip/webrtc/rtc_base/thread_annotations.h:31:71: note: expanded from macro 'RTC_GUARDED_BY'
build	Build APK	2026-07-23T18:33:49.5205640Z C/C++:    31 | #define RTC_GUARDED_BY(x) RTC_THREAD_ANNOTATION_ATTRIBUTE__(guarded_by(x))
build	Build APK	2026-07-23T18:33:49.5226352Z C/C++:       |                                                                       ^
build	Build APK	2026-07-23T18:33:49.5264947Z C/C++: 2 warnings generated.
build	Build APK	2026-07-23T18:33:52.0485943Z C/C++: In file included from /home/runner/work/Yasuagram/Yasuagram/TMessagesProj/jni/voip/webrtc/video/receive_statistics_proxy.cc:25:
build	Build APK	2026-07-23T18:33:52.0545663Z C/C++: In file included from /home/runner/work/Yasuagram/Yasuagram/TMessagesProj/jni/voip/webrtc/video/video_receive_stream2.h:38:
build	Build APK	2026-07-23T18:33:52.0605797Z C/C++: /home/runner/work/Yasuagram/Yasuagram/TMessagesProj/jni/voip/webrtc/video/rtp_video_stream_receiver2.h:393:7: warning: declaration does not declare anything [-Wmissing-declarations]
build	Build APK	2026-07-23T18:33:52.0644900Z C/C++:   393 |       RTC_GUARDED_BY(packet_sequence_checker_);
build	Build APK	2026-07-23T18:33:52.0724787Z C/C++:       |       ^
build	Build APK	2026-07-23T18:33:52.0755556Z C/C++: /home/runner/work/Yasuagram/Yasuagram/TMessagesProj/jni/voip/webrtc/rtc_base/thread_annotations.h:31:27: note: expanded from macro 'RTC_GUARDED_BY'
build	Build APK	2026-07-23T18:33:52.0815103Z C/C++:    31 | #define RTC_GUARDED_BY(x) RTC_THREAD_ANNOTATION_ATTRIBUTE__(guarded_by(x))
build	Build APK	2026-07-23T18:33:52.0815936Z C/C++:       |                           ^
build	Build APK	2026-07-23T18:33:52.0817362Z C/C++: /home/runner/work/Yasuagram/Yasuagram/TMessagesProj/jni/voip/webrtc/rtc_base/thread_annotations.h:23:46: note: expanded from macro 'RTC_THREAD_ANNOTATION_ATTRIBUTE__'
build	Build APK	2026-07-23T18:33:52.0818881Z C/C++:    23 | #define RTC_THREAD_ANNOTATION_ATTRIBUTE__(x) __attribute__((x))
build	Build APK	2026-07-23T18:33:52.0819618Z C/C++:       |                                              ^
build	Build APK	2026-07-23T18:33:52.0820739Z C/C++: In file included from /home/runner/work/Yasuagram/Yasuagram/TMessagesProj/jni/voip/webrtc/video/receive_statistics_proxy.cc:25:
build	Build APK	2026-07-23T18:33:52.0822436Z C/C++: In file included from /home/runner/work/Yasuagram/Yasuagram/TMessagesProj/jni/voip/webrtc/video/video_receive_stream2.h:38:
build	Build APK	2026-07-23T18:33:52.0825042Z C/C++: /home/runner/work/Yasuagram/Yasuagram/TMessagesProj/jni/voip/webrtc/video/rtp_video_stream_receiver2.h:393:7: warning: attribute guarded_by ignored, because it is not attached to a declaration [-Wignored-attributes]
build	Build APK	2026-07-23T18:33:52.0827415Z C/C++: /home/runner/work/Yasuagram/Yasuagram/TMessagesProj/jni/voip/webrtc/rtc_base/thread_annotations.h:31:71: note: expanded from macro 'RTC_GUARDED_BY'
build	Build APK	2026-07-23T18:33:52.0828881Z C/C++:    31 | #define RTC_GUARDED_BY(x) RTC_THREAD_ANNOTATION_ATTRIBUTE__(guarded_by(x))
build	Build APK	2026-07-23T18:33:52.0829697Z C/C++:       |                                                                       ^
build	Build APK	2026-07-23T18:33:52.0830276Z C/C++: 2 warnings generated.
build	Build APK	2026-07-23T18:33:53.8435901Z C/C++: In file included from /home/runner/work/Yasuagram/Yasuagram/TMessagesProj/jni/voip/webrtc/video/video_receive_stream2.cc:11:
build	Build APK	2026-07-23T18:33:53.8465599Z C/C++: In file included from /home/runner/work/Yasuagram/Yasuagram/TMessagesProj/jni/voip/webrtc/video/video_receive_stream2.h:38:
build	Build APK	2026-07-23T18:33:53.8525776Z C/C++: /home/runner/work/Yasuagram/Yasuagram/TMessagesProj/jni/voip/webrtc/video/rtp_video_stream_receiver2.h:393:7: warning: declaration does not declare anything [-Wmissing-declarations]
build	Build APK	2026-07-23T18:33:53.8554886Z C/C++:   393 |       RTC_GUARDED_BY(packet_sequence_checker_);
build	Build APK	2026-07-23T18:33:53.8584718Z C/C++:       |       ^
build	Build APK	2026-07-23T18:33:53.8595665Z C/C++: /home/runner/work/Yasuagram/Yasuagram/TMessagesProj/jni/voip/webrtc/rtc_base/thread_annotations.h:31:27: note: expanded from macro 'RTC_GUARDED_BY'
build	Build APK	2026-07-23T18:33:53.8597564Z C/C++:    31 | #define RTC_GUARDED_BY(x) RTC_THREAD_ANNOTATION_ATTRIBUTE__(guarded_by(x))
build	Build APK	2026-07-23T18:33:53.8624768Z C/C++:       |                           ^
build	Build APK	2026-07-23T18:33:53.8655651Z C/C++: /home/runner/work/Yasuagram/Yasuagram/TMessagesProj/jni/voip/webrtc/rtc_base/thread_annotations.h:23:46: note: expanded from macro 'RTC_THREAD_ANNOTATION_ATTRIBUTE__'
build	Build APK	2026-07-23T18:33:53.8684989Z C/C++:    23 | #define RTC_THREAD_ANNOTATION_ATTRIBUTE__(x) __attribute__((x))
build	Build APK	2026-07-23T18:33:53.8686059Z C/C++:       |                                              ^
build	Build APK	2026-07-23T18:33:53.8715469Z C/C++: In file included from /home/runner/work/Yasuagram/Yasuagram/TMessagesProj/jni/voip/webrtc/video/video_receive_stream2.cc:11:
build	Build APK	2026-07-23T18:33:53.8745550Z C/C++: In file included from /home/runner/work/Yasuagram/Yasuagram/TMessagesProj/jni/voip/webrtc/video/video_receive_stream2.h:38:
build	Build APK	2026-07-23T18:33:53.8775915Z C/C++: /home/runner/work/Yasuagram/Yasuagram/TMessagesProj/jni/voip/webrtc/video/rtp_video_stream_receiver2.h:393:7: warning: attribute guarded_by ignored, because it is not attached to a declaration [-Wignored-attributes]
build	Build APK	2026-07-23T18:33:53.8805454Z C/C++: /home/runner/work/Yasuagram/Yasuagram/TMessagesProj/jni/voip/webrtc/rtc_base/thread_annotations.h:31:71: note: expanded from macro 'RTC_GUARDED_BY'
build	Build APK	2026-07-23T18:33:53.8807025Z C/C++:    31 | #define RTC_GUARDED_BY(x) RTC_THREAD_ANNOTATION_ATTRIBUTE__(guarded_by(x))
build	Build APK	2026-07-23T18:33:53.8834870Z C/C++:       |                                                                       ^
build	Build APK	2026-07-23T18:33:53.8864764Z C/C++: 2 warnings generated.
build	Build APK	2026-07-23T18:33:59.0446545Z C/C++: In file included from /home/runner/work/Yasuagram/Yasuagram/TMessagesProj/jni/voip/webrtc/video/rtp_video_stream_receiver2.cc:11:
build	Build APK	2026-07-23T18:33:59.0485852Z C/C++: /home/runner/work/Yasuagram/Yasuagram/TMessagesProj/jni/voip/webrtc/video/rtp_video_stream_receiver2.h:393:7: warning: declaration does not declare anything [-Wmissing-declarations]
build	Build APK	2026-07-23T18:33:59.0514858Z C/C++:   393 |       RTC_GUARDED_BY(packet_sequence_checker_);
build	Build APK	2026-07-23T18:33:59.0564843Z C/C++:       |       ^
build	Build APK	2026-07-23T18:33:59.0605637Z C/C++: /home/runner/work/Yasuagram/Yasuagram/TMessagesProj/jni/voip/webrtc/rtc_base/thread_annotations.h:31:27: note: expanded from macro 'RTC_GUARDED_BY'
build	Build APK	2026-07-23T18:33:59.0635131Z C/C++:    31 | #define RTC_GUARDED_BY(x) RTC_THREAD_ANNOTATION_ATTRIBUTE__(guarded_by(x))
build	Build APK	2026-07-23T18:33:59.0694913Z C/C++:       |                           ^
build	Build APK	2026-07-23T18:33:59.0715614Z C/C++: /home/runner/work/Yasuagram/Yasuagram/TMessagesProj/jni/voip/webrtc/rtc_base/thread_annotations.h:23:46: note: expanded from macro 'RTC_THREAD_ANNOTATION_ATTRIBUTE__'
build	Build APK	2026-07-23T18:33:59.0717227Z C/C++:    23 | #define RTC_THREAD_ANNOTATION_ATTRIBUTE__(x) __attribute__((x))
build	Build APK	2026-07-23T18:33:59.0718035Z C/C++:       |                                              ^
build	Build APK	2026-07-23T18:33:59.0719211Z C/C++: In file included from /home/runner/work/Yasuagram/Yasuagram/TMessagesProj/jni/voip/webrtc/video/rtp_video_stream_receiver2.cc:11:
build	Build APK	2026-07-23T18:33:59.0721476Z C/C++: /home/runner/work/Yasuagram/Yasuagram/TMessagesProj/jni/voip/webrtc/video/rtp_video_stream_receiver2.h:393:7: warning: attribute guarded_by ignored, because it is not attached to a declaration [-Wignored-attributes]
build	Build APK	2026-07-23T18:33:59.0723834Z C/C++: /home/runner/work/Yasuagram/Yasuagram/TMessagesProj/jni/voip/webrtc/rtc_base/thread_annotations.h:31:71: note: expanded from macro 'RTC_GUARDED_BY'
build	Build APK	2026-07-23T18:33:59.0725558Z C/C++:    31 | #define RTC_GUARDED_BY(x) RTC_THREAD_ANNOTATION_ATTRIBUTE__(guarded_by(x))
build	Build APK	2026-07-23T18:33:59.0726342Z C/C++:       |                                                                       ^
build	Build APK	2026-07-23T18:33:59.0726904Z C/C++: 2 warnings generated.
build	Build APK	2026-07-23T18:35:22.4455628Z C/C++: In file included from /home/runner/work/Yasuagram/Yasuagram/TMessagesProj/jni/image.cpp:16:
build	Build APK	2026-07-23T18:35:22.4485377Z C/C++: In file included from /home/runner/work/Yasuagram/Yasuagram/TMessagesProj/jni/./tgnet/FileLog.h:12:
build	Build APK	2026-07-23T18:35:22.4487738Z C/C++: /home/runner/work/Yasuagram/Yasuagram/TMessagesProj/jni/./tgnet/Defines.h:142:16: warning: 'ConnectiosManagerDelegate' has virtual functions but non-virtual destructor [-Wnon-virtual-dtor]
build	Build APK	2026-07-23T18:35:22.4514926Z C/C++:   142 | typedef struct ConnectiosManagerDelegate {
build	Build APK	2026-07-23T18:35:22.4544765Z C/C++:       |                ^
build	Build APK	2026-07-23T18:35:22.4565671Z C/C++: /home/runner/work/Yasuagram/Yasuagram/TMessagesProj/jni/./tgnet/Defines.h:161:16: warning: 'HandshakeDelegate' has virtual functions but non-virtual destructor [-Wnon-virtual-dtor]
build	Build APK	2026-07-23T18:35:22.4575070Z C/C++:   161 | typedef struct HandshakeDelegate {
build	Build APK	2026-07-23T18:35:22.4604946Z C/C++:       |                ^
build	Build APK	2026-07-23T18:35:22.4625464Z C/C++: /home/runner/work/Yasuagram/Yasuagram/TMessagesProj/jni/image.cpp:697:15: warning: variable length arrays in C++ are a Clang extension [-Wvla-cxx-extension]
build	Build APK	2026-07-23T18:35:22.4650288Z C/C++:   697 |     int stack[div * 4];
build	Build APK	2026-07-23T18:35:22.4664878Z C/C++:       |               ^~~~~~~
build	Build APK	2026-07-23T18:35:22.4695393Z C/C++: /home/runner/work/Yasuagram/Yasuagram/TMessagesProj/jni/image.cpp:697:15: note: initializer of 'div' is not a constant expression
build	Build APK	2026-07-23T18:35:22.4705078Z C/C++: /home/runner/work/Yasuagram/Yasuagram/TMessagesProj/jni/image.cpp:692:15: note: declared here
build	Build APK	2026-07-23T18:35:22.4734810Z C/C++:   692 |     const int div = radius + radius + 1;
build	Build APK	2026-07-23T18:35:22.4754842Z C/C++:       |               ^
build	Build APK	2026-07-23T18:35:22.4785547Z C/C++: /home/runner/work/Yasuagram/Yasuagram/TMessagesProj/jni/image.cpp:700:14: warning: variable length arrays in C++ are a Clang extension [-Wvla-cxx-extension]
build	Build APK	2026-07-23T18:35:22.4794785Z C/C++:   700 |     int vmin[MAX(w, h)];
build	Build APK	2026-07-23T18:35:22.4824665Z C/C++:       |              ^~~~~~~~~
build	Build APK	2026-07-23T18:35:22.4845378Z C/C++: /home/runner/work/Yasuagram/Yasuagram/TMessagesProj/jni/c_utils.h:21:19: note: expanded from macro 'MAX'
build	Build APK	2026-07-23T18:35:22.4874877Z C/C++:    21 | #define MAX(x, y) ((x) > (y)) ? (x) : (y)
build	Build APK	2026-07-23T18:35:22.4875556Z C/C++:       |                   ^~~~~~~~~~~~~~~~~~~~~~~
build	Build APK	2026-07-23T18:35:22.4905538Z C/C++: /home/runner/work/Yasuagram/Yasuagram/TMessagesProj/jni/image.cpp:700:14: note: read of non-const variable 'w' is not allowed in a constant expression
build	Build APK	2026-07-23T18:35:22.4935338Z C/C++: /home/runner/work/Yasuagram/Yasuagram/TMessagesProj/jni/c_utils.h:21:20: note: expanded from macro 'MAX'
build	Build APK	2026-07-23T18:35:22.4944946Z C/C++:    21 | #define MAX(x, y) ((x) > (y)) ? (x) : (y)
build	Build APK	2026-07-23T18:35:22.4974757Z C/C++:       |                    ^
build	Build APK	2026-07-23T18:35:22.4995148Z C/C++: /home/runner/work/Yasuagram/Yasuagram/TMessagesProj/jni/image.cpp:678:9: note: declared here
build	Build APK	2026-07-23T18:35:22.5024787Z C/C++:   678 |     int w = info.width;
build	Build APK	2026-07-23T18:35:22.5034660Z C/C++:       |         ^
build	Build APK	2026-07-23T18:35:22.5055880Z C/C++: /home/runner/work/Yasuagram/Yasuagram/TMessagesProj/jni/image.cpp:730:9: warning: variable 'yw' set but not used [-Wunused-but-set-variable]
build	Build APK	2026-07-23T18:35:22.5084852Z C/C++:   730 |     int yw = 0, yi = 0;
build	Build APK	2026-07-23T18:35:22.5094644Z C/C++:       |         ^
build	Build APK	2026-07-23T18:35:22.5125428Z C/C++: /home/runner/work/Yasuagram/Yasuagram/TMessagesProj/jni/image.cpp:924:95: warning: adding 'int' to a string does not append to the string [-Wstring-plus-int]
build	Build APK	2026-07-23T18:35:22.5145309Z C/C++:   924 |         env->ThrowNew(jclass_RuntimeException, "AndroidBitmap_getInfo failed with a reason: " + reason);
build	Build APK	2026-07-23T18:35:22.5155085Z C/C++:       |                                                ~~~~~~~~~~~~~~~~~~~~~~~~~~~~~~~~~~~~~~~~~~~~~~~^~~~~~~~
build	Build APK	2026-07-23T18:35:22.5205380Z C/C++: /home/runner/work/Yasuagram/Yasuagram/TMessagesProj/jni/image.cpp:924:95: note: use array indexing to silence this warning
build	Build APK	2026-07-23T18:35:22.5215170Z C/C++:   924 |         env->ThrowNew(jclass_RuntimeException, "AndroidBitmap_getInfo failed with a reason: " + reason);
build	Build APK	2026-07-23T18:35:22.5234858Z C/C++:       |                                                                                               ^       
build	Build APK	2026-07-23T18:35:22.5255009Z C/C++:       |                                                &                                              [       ]
build	Build APK	2026-07-23T18:35:22.5275526Z C/C++: /home/runner/work/Yasuagram/Yasuagram/TMessagesProj/jni/image.cpp:934:98: warning: adding 'int' to a string does not append to the string [-Wstring-plus-int]
build	Build APK	2026-07-23T18:35:22.5305205Z C/C++:   934 |         env->ThrowNew(jclass_RuntimeException, "AndroidBitmap_lockPixels failed with a reason: " + reason);
build	Build APK	2026-07-23T18:35:22.5335061Z C/C++:       |                                                ~~~~~~~~~~~~~~~~~~~~~~~~~~~~~~~~~~~~~~~~~~~~~~~~~~^~~~~~~~
build	Build APK	2026-07-23T18:35:22.5355332Z C/C++: /home/runner/work/Yasuagram/Yasuagram/TMessagesProj/jni/image.cpp:934:98: note: use array indexing to silence this warning
build	Build APK	2026-07-23T18:35:22.5365301Z C/C++:   934 |         env->ThrowNew(jclass_RuntimeException, "AndroidBitmap_lockPixels failed with a reason: " + reason);
build	Build APK	2026-07-23T18:35:22.5394865Z C/C++:       |                                                                                                  ^       
build	Build APK	2026-07-23T18:35:22.5424926Z C/C++:       |                                                &                                                 [       ]
build	Build APK	2026-07-23T18:35:22.5445468Z C/C++: /home/runner/work/Yasuagram/Yasuagram/TMessagesProj/jni/image.cpp:1016:100: warning: adding 'int' to a string does not append to the string [-Wstring-plus-int]
build	Build APK	2026-07-23T18:35:22.5455317Z C/C++:  1016 |         env->ThrowNew(jclass_RuntimeException, "AndroidBitmap_unlockPixels failed with a reason: " + reason);
build	Build APK	2026-07-23T18:35:22.5484957Z C/C++:       |                                                ~~~~~~~~~~~~~~~~~~~~~~~~~~~~~~~~~~~~~~~~~~~~~~~~~~~~^~~~~~~~
build	Build APK	2026-07-23T18:35:22.5515340Z C/C++: /home/runner/work/Yasuagram/Yasuagram/TMessagesProj/jni/image.cpp:1016:100: note: use array indexing to silence this warning
build	Build APK	2026-07-23T18:35:22.5517107Z C/C++:  1016 |         env->ThrowNew(jclass_RuntimeException, "AndroidBitmap_unlockPixels failed with a reason: " + reason);
build	Build APK	2026-07-23T18:35:22.5544979Z C/C++:       |                                                                                                    ^       
build	Build APK	2026-07-23T18:35:22.5574963Z C/C++:       |                                                &                                                   [       ]
build	Build APK	2026-07-23T18:35:22.5595767Z C/C++: /home/runner/work/Yasuagram/Yasuagram/TMessagesProj/jni/image.cpp:971:49: warning: implicit conversion from 'int' to 'float' changes value from 2147483647 to 2147483648 [-Wimplicit-const-int-float-conversion]
build	Build APK	2026-07-23T18:35:22.5604880Z C/C++:   971 |             noise = (rand() - rand()) / 255.F / RAND_MAX;
build	Build APK	2026-07-23T18:35:22.5634829Z C/C++:       |                                               ~ ^~~~~~~~
build	Build APK	2026-07-23T18:35:22.5665592Z C/C++: /usr/local/lib/android/sdk/ndk/27.2.12479018/toolchains/llvm/prebuilt/linux-x86_64/sysroot/usr/include/stdlib.h:132:18: note: expanded from macro 'RAND_MAX'
build	Build APK	2026-07-23T18:35:22.5690020Z C/C++:   132 | #define RAND_MAX 0x7fffffff
build	Build APK	2026-07-23T18:35:22.5714697Z C/C++:       |                  ^~~~~~~~~~
build	Build APK	2026-07-23T18:35:22.5716674Z C/C++: /home/runner/work/Yasuagram/Yasuagram/TMessagesProj/jni/image.cpp:1125:38: warning: 'gatherPositions' has C-linkage specified, but returns incomplete type 'std::vector<std::pair<float, float>>' which could be incompatible with C [-Wreturn-type-c-linkage]
build	Build APK	2026-07-23T18:35:22.5745246Z C/C++:  1125 | std::vector<std::pair<float, float>> gatherPositions(std::vector<std::pair<float, float>> list, int phase) {
build	Build APK	2026-07-23T18:35:22.5774932Z C/C++:       |                                      ^
build	Build APK	2026-07-23T18:35:22.5790942Z C/C++: 10 warnings generated.
build	Build APK	2026-07-23T18:35:23.3446283Z C/C++: /home/runner/work/Yasuagram/Yasuagram/TMessagesProj/jni/exoplayer/ffmpeg_jni.cc:22:9: warning: '__STDC_CONSTANT_MACROS' macro redefined [-Wmacro-redefined]
build	Build APK	2026-07-23T18:35:23.3448216Z C/C++:    22 | #define __STDC_CONSTANT_MACROS
build	Build APK	2026-07-23T18:35:23.3504870Z C/C++:       |         ^
build	Build APK	2026-07-23T18:35:23.3516798Z C/C++: /home/runner/work/Yasuagram/Yasuagram/TMessagesProj/.cxx/Debug/59344w51/arm64-v8a/<command line>:63:9: note: previous definition is here
build	Build APK	2026-07-23T18:35:23.3534912Z C/C++:    63 | #define __STDC_CONSTANT_MACROS 1
build	Build APK	2026-07-23T18:35:23.3564706Z C/C++:       |         ^
build	Build APK	2026-07-23T18:35:23.3595464Z C/C++: /home/runner/work/Yasuagram/Yasuagram/TMessagesProj/jni/exoplayer/ffmpeg_jni.cc:151:3: warning: 'av_init_packet' is deprecated [-Wdeprecated-declarations]
build	Build APK	2026-07-23T18:35:23.3617027Z C/C++:   151 |   av_init_packet(&packet);
build	Build APK	2026-07-23T18:35:23.3624653Z C/C++:       |   ^
build	Build APK	2026-07-23T18:35:23.3625985Z C/C++: /home/runner/work/Yasuagram/Yasuagram/TMessagesProj/jni/ffmpeg/include/libavcodec/packet.h:487:1: note: 'av_init_packet' has been explicitly marked deprecated here
build	Build APK	2026-07-23T18:35:23.3684735Z C/C++:   487 | attribute_deprecated
build	Build APK	2026-07-23T18:35:23.3714675Z C/C++:       | ^
build	Build APK	2026-07-23T18:35:23.3715926Z C/C++: /home/runner/work/Yasuagram/Yasuagram/TMessagesProj/jni/ffmpeg/include/libavutil/attributes.h:100:49: note: expanded from macro 'attribute_deprecated'
build	Build APK	2026-07-23T18:35:23.3717404Z C/C++:   100 | #    define attribute_deprecated __attribute__((deprecated))
build	Build APK	2026-07-23T18:35:23.3718131Z C/C++:       |                                                 ^
build	Build APK	2026-07-23T18:35:23.3719346Z C/C++: /home/runner/work/Yasuagram/Yasuagram/TMessagesProj/jni/exoplayer/ffmpeg_jni.cc:341:9: warning: unused variable 'inSampleSize' [-Wunused-variable]
build	Build APK	2026-07-23T18:35:23.3720800Z C/C++:   341 |     int inSampleSize = av_get_bytes_per_sample(sampleFormat);
build	Build APK	2026-07-23T18:35:23.3721482Z C/C++:       |         ^~~~~~~~~~~~
build	Build APK	2026-07-23T18:35:23.3721958Z C/C++: 3 warnings generated.
build	Build APK	2026-07-23T18:35:24.0431174Z C/C++: In file included from /home/runner/work/Yasuagram/Yasuagram/TMessagesProj/jni/voip/org_telegram_messenger_voip_Instance.cpp:21:
build	Build APK	2026-07-23T18:35:24.0475978Z C/C++: /home/runner/work/Yasuagram/Yasuagram/TMessagesProj/jni/voip/tgcalls/InstanceImpl.h:43:21: warning: 'getLatencyStats' overrides a member function but is not marked 'override' [-Winconsistent-missing-override]
build	Build APK	2026-07-23T18:35:24.0477780Z C/C++:    43 |         std::string getLatencyStats();
build	Build APK	2026-07-23T18:35:24.0504728Z C/C++:       |                     ^
build	Build APK	2026-07-23T18:35:24.0505839Z C/C++: /home/runner/work/Yasuagram/Yasuagram/TMessagesProj/jni/voip/tgcalls/Instance.h:207:23: note: overridden virtual function is here
build	Build APK	2026-07-23T18:35:24.0507173Z C/C++:   207 |   virtual std::string getLatencyStats() { return getDebugInfo(); }
build	Build APK	2026-07-23T18:35:24.0507870Z C/C++:       |                       ^
build	Build APK	2026-07-23T18:35:24.0509172Z C/C++: /home/runner/work/Yasuagram/Yasuagram/TMessagesProj/jni/voip/org_telegram_messenger_voip_Instance.cpp:321:88: warning: adding 'jint' (aka 'int') to a string does not append to the string [-Wstring-plus-int]
build	Build APK	2026-07-23T18:35:24.0510767Z C/C++:   321 |             throwNewJavaIllegalArgumentException(env, "Unknown data saving constant: " + dataSaving);
build	Build APK	2026-07-23T18:35:24.0511718Z C/C++:       |                                                       ~~~~~~~~~~~~~~~~~~~~~~~~~~~~~~~~~^~~~~~~~~~~~
build	Build APK	2026-07-23T18:35:24.0513027Z C/C++: /home/runner/work/Yasuagram/Yasuagram/TMessagesProj/jni/voip/org_telegram_messenger_voip_Instance.cpp:321:88: note: use array indexing to silence this warning
build	Build APK	2026-07-23T18:35:24.0545143Z C/C++:   321 |             throwNewJavaIllegalArgumentException(env, "Unknown data saving constant: " + dataSaving);
build	Build APK	2026-07-23T18:35:24.0546307Z C/C++:       |                                                                                        ^           
build	Build APK	2026-07-23T18:35:24.0547102Z C/C++:       |                                                       &                                [           ]
build	Build APK	2026-07-23T18:35:24.0548716Z C/C++: /home/runner/work/Yasuagram/Yasuagram/TMessagesProj/jni/voip/org_telegram_messenger_voip_Instance.cpp:467:34: warning: variable length arrays in C++ are a Clang extension [-Wvla-cxx-extension]
build	Build APK	2026-07-23T18:35:24.0550232Z C/C++:   467 |                     jint intFill[size];
build	Build APK	2026-07-23T18:35:24.0550780Z C/C++:       |                                  ^~~~
build	Build APK	2026-07-23T18:35:24.0552218Z C/C++: /home/runner/work/Yasuagram/Yasuagram/TMessagesProj/jni/voip/org_telegram_messenger_voip_Instance.cpp:467:34: note: read of non-const variable 'size' is not allowed in a constant expression
build	Build APK	2026-07-23T18:35:24.0554510Z C/C++: /home/runner/work/Yasuagram/Yasuagram/TMessagesProj/jni/voip/org_telegram_messenger_voip_Instance.cpp:462:34: note: declared here
build	Build APK	2026-07-23T18:35:24.0556121Z C/C++:   462 |                     unsigned int size = update.updates.size();
build	Build APK	2026-07-23T18:35:24.0556783Z C/C++:       |                                  ^
build	Build APK	2026-07-23T18:35:24.0558277Z C/C++: /home/runner/work/Yasuagram/Yasuagram/TMessagesProj/jni/voip/org_telegram_messenger_voip_Instance.cpp:468:38: warning: variable length arrays in C++ are a Clang extension [-Wvla-cxx-extension]
build	Build APK	2026-07-23T18:35:24.0560137Z C/C++:   468 |                     jfloat floatFill[size];
build	Build APK	2026-07-23T18:35:24.0560743Z C/C++:       |                                      ^~~~
build	Build APK	2026-07-23T18:35:24.0562204Z C/C++: /home/runner/work/Yasuagram/Yasuagram/TMessagesProj/jni/voip/org_telegram_messenger_voip_Instance.cpp:468:38: note: read of non-const variable 'size' is not allowed in a constant expression
build	Build APK	2026-07-23T18:35:24.0564509Z C/C++: /home/runner/work/Yasuagram/Yasuagram/TMessagesProj/jni/voip/org_telegram_messenger_voip_Instance.cpp:462:34: note: declared here
build	Build APK	2026-07-23T18:35:24.0565769Z C/C++:   462 |                     unsigned int size = update.updates.size();
build	Build APK	2026-07-23T18:35:24.0566426Z C/C++:       |                                  ^
build	Build APK	2026-07-23T18:35:24.0567915Z C/C++: /home/runner/work/Yasuagram/Yasuagram/TMessagesProj/jni/voip/org_telegram_messenger_voip_Instance.cpp:469:39: warning: variable length arrays in C++ are a Clang extension [-Wvla-cxx-extension]
build	Build APK	2026-07-23T18:35:24.0569398Z C/C++:   469 |                     jboolean boolFill[size];
build	Build APK	2026-07-23T18:35:24.0569955Z C/C++:       |                                       ^~~~
build	Build APK	2026-07-23T18:35:24.0571378Z C/C++: /home/runner/work/Yasuagram/Yasuagram/TMessagesProj/jni/voip/org_telegram_messenger_voip_Instance.cpp:469:39: note: read of non-const variable 'size' is not allowed in a constant expression
build	Build APK	2026-07-23T18:35:24.0573379Z C/C++: /home/runner/work/Yasuagram/Yasuagram/TMessagesProj/jni/voip/org_telegram_messenger_voip_Instance.cpp:462:34: note: declared here
build	Build APK	2026-07-23T18:35:24.0600183Z C/C++:   462 |                     unsigned int size = update.updates.size();
build	Build APK	2026-07-23T18:35:24.0600770Z C/C++:       |                                  ^
build	Build APK	2026-07-23T18:35:24.0602061Z C/C++: /home/runner/work/Yasuagram/Yasuagram/TMessagesProj/jni/voip/org_telegram_messenger_voip_Instance.cpp:519:30: warning: variable length arrays in C++ are a Clang extension [-Wvla-cxx-extension]
build	Build APK	2026-07-23T18:35:24.0603405Z C/C++:   519 |                 jint intFill[size];
build	Build APK	2026-07-23T18:35:24.0603915Z C/C++:       |                              ^~~~
build	Build APK	2026-07-23T18:35:24.0605511Z C/C++: /home/runner/work/Yasuagram/Yasuagram/TMessagesProj/jni/voip/org_telegram_messenger_voip_Instance.cpp:519:30: note: read of non-const variable 'size' is not allowed in a constant expression
build	Build APK	2026-07-23T18:35:24.0607517Z C/C++: /home/runner/work/Yasuagram/Yasuagram/TMessagesProj/jni/voip/org_telegram_messenger_voip_Instance.cpp:516:30: note: declared here
build	Build APK	2026-07-23T18:35:24.0608754Z C/C++:   516 |                 unsigned int size = ssrcs.size();
build	Build APK	2026-07-23T18:35:24.0609365Z C/C++:       |                              ^
build	Build APK	2026-07-23T18:35:24.0610677Z C/C++: /home/runner/work/Yasuagram/Yasuagram/TMessagesProj/jni/voip/org_telegram_messenger_voip_Instance.cpp:982:21: error: use of undeclared identifier 'getNativeInstance'
build	Build APK	2026-07-23T18:35:24.0612100Z C/C++:   982 |     auto instance = getNativeInstance(obj);
build	Build APK	2026-07-23T18:35:24.0612699Z C/C++:       |                     ^
build	Build APK	2026-07-23T18:35:24.0614699Z C/C++: /home/runner/work/Yasuagram/Yasuagram/TMessagesProj/jni/voip/org_telegram_messenger_voip_Instance.cpp:1293:39: warning: format specifies type 'int' but the argument has type 'jlong' (aka 'long') [-Wformat]
build	Build APK	2026-07-23T18:35:24.0616433Z C/C++:  1293 |     DEBUG_D("setConferenceCallId %d", call_id);
build	Build APK	2026-07-23T18:35:24.0617092Z C/C++:       |                                  ~~   ^~~~~~~
build	Build APK	2026-07-23T18:35:24.0617623Z C/C++:       |                                  %ld
build	Build APK	2026-07-23T18:35:24.0618744Z C/C++: In file included from /home/runner/work/Yasuagram/Yasuagram/TMessagesProj/jni/voip/org_telegram_messenger_voip_Instance.cpp:20:
build	Build APK	2026-07-23T18:35:24.0620664Z C/C++: In file included from /home/runner/work/Yasuagram/Yasuagram/TMessagesProj/jni/voip/tgcalls/legacy/InstanceImplLegacy.h:6:
build	Build APK	2026-07-23T18:35:24.0622231Z C/C++: In file included from /home/runner/work/Yasuagram/Yasuagram/TMessagesProj/jni/voip/libtgvoip/VoIPController.h:24:
build	Build APK	2026-07-23T18:35:24.0623960Z C/C++: In file included from /home/runner/work/Yasuagram/Yasuagram/TMessagesProj/jni/voip/libtgvoip/video/VideoSource.h:12:
build	Build APK	2026-07-23T18:35:24.0625726Z C/C++: In file included from /home/runner/work/Yasuagram/Yasuagram/TMessagesProj/jni/voip/libtgvoip/video/../Buffers.h:19:
build	Build APK	2026-07-23T18:35:24.0627605Z C/C++: /home/runner/work/Yasuagram/Yasuagram/TMessagesProj/jni/voip/libtgvoip/video/../threading.h:110:8: warning: private field 'maxPriority' is not used [-Wunused-private-field]
build	Build APK	2026-07-23T18:35:24.0629058Z C/C++:   110 |                 bool maxPriority=false;
build	Build APK	2026-07-23T18:35:24.0629614Z C/C++:       |                      ^
build	Build APK	2026-07-23T18:35:24.0630109Z C/C++: 8 warnings and 1 error generated.
build	Build APK	2026-07-23T18:35:24.1435562Z C/C++: In file included from /home/runner/work/Yasuagram/Yasuagram/TMessagesProj/jni/lottie.cpp:12:
build	Build APK	2026-07-23T18:35:24.1463152Z C/C++: In file included from /home/runner/work/Yasuagram/Yasuagram/TMessagesProj/jni/tgnet/FileLog.h:12:
build	Build APK	2026-07-23T18:35:24.1505868Z C/C++: /home/runner/work/Yasuagram/Yasuagram/TMessagesProj/jni/tgnet/Defines.h:142:16: warning: 'ConnectiosManagerDelegate' has virtual functions but non-virtual destructor [-Wnon-virtual-dtor]
build	Build APK	2026-07-23T18:35:24.1534874Z C/C++:   142 | typedef struct ConnectiosManagerDelegate {
build	Build APK	2026-07-23T18:35:24.1564756Z C/C++:       |                ^
build	Build APK	2026-07-23T18:35:24.1575703Z C/C++: /home/runner/work/Yasuagram/Yasuagram/TMessagesProj/jni/tgnet/Defines.h:161:16: warning: 'HandshakeDelegate' has virtual functions but non-virtual destructor [-Wnon-virtual-dtor]
build	Build APK	2026-07-23T18:35:24.1577258Z C/C++:   161 | typedef struct HandshakeDelegate {
build	Build APK	2026-07-23T18:35:24.1577870Z C/C++:       |                ^
build	Build APK	2026-07-23T18:35:24.1578959Z C/C++: /home/runner/work/Yasuagram/Yasuagram/TMessagesProj/jni/lottie.cpp:19:1: warning: typedef requires a name [-Wmissing-declarations]
build	Build APK	2026-07-23T18:35:24.1580060Z C/C++:    19 | typedef struct LottieInfo {
build	Build APK	2026-07-23T18:35:24.1580548Z C/C++:       | ^~~~~~~
build	Build APK	2026-07-23T18:35:24.1580954Z C/C++: 3 warnings generated.
build	Build APK	2026-07-23T18:35:24.2435745Z C/C++: In file included from /home/runner/work/Yasuagram/Yasuagram/TMessagesProj/jni/gifvideo.cpp:11:
build	Build APK	2026-07-23T18:35:24.2465403Z C/C++: In file included from /home/runner/work/Yasuagram/Yasuagram/TMessagesProj/jni/./tgnet/FileLog.h:12:
build	Build APK	2026-07-23T18:35:24.2496071Z C/C++: /home/runner/work/Yasuagram/Yasuagram/TMessagesProj/jni/./tgnet/Defines.h:142:16: warning: 'ConnectiosManagerDelegate' has virtual functions but non-virtual destructor [-Wnon-virtual-dtor]
build	Build APK	2026-07-23T18:35:24.2498323Z C/C++:   142 | typedef struct ConnectiosManagerDelegate {
build	Build APK	2026-07-23T18:35:24.2499221Z C/C++:       |                ^
build	Build APK	2026-07-23T18:35:24.2500767Z C/C++: /home/runner/work/Yasuagram/Yasuagram/TMessagesProj/jni/./tgnet/Defines.h:161:16: warning: 'HandshakeDelegate' has virtual functions but non-virtual destructor [-Wnon-virtual-dtor]
build	Build APK	2026-07-23T18:35:24.2502530Z C/C++:   161 | typedef struct HandshakeDelegate {
build	Build APK	2026-07-23T18:35:24.2503269Z C/C++:       |                ^
build	Build APK	2026-07-23T18:35:24.2504787Z C/C++: /home/runner/work/Yasuagram/Yasuagram/TMessagesProj/jni/gifvideo.cpp:48:1: warning: typedef requires a name [-Wmissing-declarations]
build	Build APK	2026-07-23T18:35:24.2506084Z C/C++:    48 | typedef struct VideoInfo {
build	Build APK	2026-07-23T18:35:24.2506813Z C/C++:       | ^~~~~~~
build	Build APK	2026-07-23T18:35:24.2508149Z C/C++: /home/runner/work/Yasuagram/Yasuagram/TMessagesProj/jni/gifvideo.cpp:143:10: warning: format string is not a string literal (potentially insecure) [-Wformat-security]
build	Build APK	2026-07-23T18:35:24.2509447Z C/C++:   143 |     LOGE(line);
build	Build APK	2026-07-23T18:35:24.2509911Z C/C++:       |          ^~~~
build	Build APK	2026-07-23T18:35:24.2511274Z C/C++: /home/runner/work/Yasuagram/Yasuagram/TMessagesProj/jni/c_utils.h:11:67: note: expanded from macro 'LOGE'
build	Build APK	2026-07-23T18:35:24.2512428Z C/C++:    11 | #define LOGE(...) __android_log_print(ANDROID_LOG_ERROR, LOG_TAG, __VA_ARGS__)
build	Build APK	2026-07-23T18:35:24.2513298Z C/C++:       |                                                                   ^~~~~~~~~~~
build	Build APK	2026-07-23T18:35:24.2514896Z C/C++: /home/runner/work/Yasuagram/Yasuagram/TMessagesProj/jni/gifvideo.cpp:143:10: note: treat the string as an argument to avoid this
build	Build APK	2026-07-23T18:35:24.2516011Z C/C++:   143 |     LOGE(line);
build	Build APK	2026-07-23T18:35:24.2516463Z C/C++:       |          ^
build	Build APK	2026-07-23T18:35:24.2516915Z C/C++:       |          "%s", 
build	Build APK	2026-07-23T18:35:24.3448724Z C/C++: /home/runner/work/Yasuagram/Yasuagram/TMessagesProj/jni/c_utils.h:11:67: note: expanded from macro 'LOGE'
build	Build APK	2026-07-23T18:35:24.3450634Z C/C++:    11 | #define LOGE(...) __android_log_print(ANDROID_LOG_ERROR, LOG_TAG, __VA_ARGS__)
build	Build APK	2026-07-23T18:35:24.3451737Z C/C++:       |                                                                   ^
build	Build APK	2026-07-23T18:35:24.3453496Z C/C++: /home/runner/work/Yasuagram/Yasuagram/TMessagesProj/jni/gifvideo.cpp:152:37: warning: format specifies type 'int' but the argument has type 'const enum AVPixelFormat *' [-Wformat]
build	Build APK	2026-07-23T18:35:24.3455613Z C/C++:   152 |         LOGE("available format %d", p);
build	Build APK	2026-07-23T18:35:24.3456470Z C/C++:       |                                ~~   ^
build	Build APK	2026-07-23T18:35:24.3457654Z C/C++: /home/runner/work/Yasuagram/Yasuagram/TMessagesProj/jni/c_utils.h:11:67: note: expanded from macro 'LOGE'
build	Build APK	2026-07-23T18:35:24.3459141Z C/C++:    11 | #define LOGE(...) __android_log_print(ANDROID_LOG_ERROR, LOG_TAG, __VA_ARGS__)
build	Build APK	2026-07-23T18:35:24.3460244Z C/C++:       |                                                                   ^~~~~~~~~~~
build	Build APK	2026-07-23T18:35:24.3461893Z C/C++: /home/runner/work/Yasuagram/Yasuagram/TMessagesProj/jni/gifvideo.cpp:390:86: warning: format specifies type 'long long' but the argument has type 'jlong' (aka 'long') [-Wformat]
build	Build APK	2026-07-23T18:35:24.3463841Z C/C++:   390 |             LOGE("can't open source file at offset %s (offset=%lld), %s", info->src, fileOffset, av_err2str(ret));
build	Build APK	2026-07-23T18:35:24.3465342Z C/C++:       |                                                               ~~~~                   ^~~~~~~~~~
build	Build APK	2026-07-23T18:35:24.3466311Z C/C++:       |                                                               %ld
build	Build APK	2026-07-23T18:35:24.3467573Z C/C++: /home/runner/work/Yasuagram/Yasuagram/TMessagesProj/jni/c_utils.h:11:67: note: expanded from macro 'LOGE'
build	Build APK	2026-07-23T18:35:24.3469025Z C/C++:    11 | #define LOGE(...) __android_log_print(ANDROID_LOG_ERROR, LOG_TAG, __VA_ARGS__)
build	Build APK	2026-07-23T18:35:24.3470081Z C/C++:       |                                                                   ^~~~~~~~~~~
build	Build APK	2026-07-23T18:35:24.3471612Z C/C++: /home/runner/work/Yasuagram/Yasuagram/TMessagesProj/jni/gifvideo.cpp:566:5: warning: 'av_init_packet' is deprecated [-Wdeprecated-declarations]
build	Build APK	2026-07-23T18:35:24.3473146Z C/C++:   566 |     av_init_packet(&info->pkt);
build	Build APK	2026-07-23T18:35:24.3473905Z C/C++:       |     ^
build	Build APK	2026-07-23T18:35:24.3475604Z C/C++: /home/runner/work/Yasuagram/Yasuagram/TMessagesProj/jni/ffmpeg/include/libavcodec/packet.h:487:1: note: 'av_init_packet' has been explicitly marked deprecated here
build	Build APK	2026-07-23T18:35:24.3477210Z C/C++:   487 | attribute_deprecated
build	Build APK	2026-07-23T18:35:24.3477917Z C/C++:       | ^
build	Build APK	2026-07-23T18:35:24.3479184Z C/C++: /home/runner/work/Yasuagram/Yasuagram/TMessagesProj/jni/ffmpeg/include/libavutil/attributes.h:100:49: note: expanded from macro 'attribute_deprecated'
build	Build APK	2026-07-23T18:35:24.3480706Z C/C++:   100 | #    define attribute_deprecated __attribute__((deprecated))
build	Build APK	2026-07-23T18:35:24.3481665Z C/C++:       |                                                 ^
build	Build APK	2026-07-23T18:35:24.3483124Z C/C++: /home/runner/work/Yasuagram/Yasuagram/TMessagesProj/jni/gifvideo.cpp:601:43: warning: 'codec' is deprecated [-Wdeprecated-declarations]
build	Build APK	2026-07-23T18:35:24.3485007Z C/C++:   601 |                 int ticks = video_stream->codec->ticks_per_frame;
build	Build APK	2026-07-23T18:35:24.3486442Z C/C++:       |                                           ^
build	Build APK	2026-07-23T18:35:24.3487958Z C/C++: /home/runner/work/Yasuagram/Yasuagram/TMessagesProj/jni/ffmpeg/include/libavformat/avformat.h:887:5: note: 'codec' has been explicitly marked deprecated here
build	Build APK	2026-07-23T18:35:24.3489869Z C/C++:   887 |     attribute_deprecated
build	Build APK	2026-07-23T18:35:24.3490561Z C/C++:       |     ^
build	Build APK	2026-07-23T18:35:24.3491873Z C/C++: /home/runner/work/Yasuagram/Yasuagram/TMessagesProj/jni/ffmpeg/include/libavutil/attributes.h:100:49: note: expanded from macro 'attribute_deprecated'
build	Build APK	2026-07-23T18:35:24.3493558Z C/C++:   100 | #    define attribute_deprecated __attribute__((deprecated))
build	Build APK	2026-07-23T18:35:24.3494754Z C/C++:       |                                                 ^
build	Build APK	2026-07-23T18:35:24.3496344Z C/C++: /home/runner/work/Yasuagram/Yasuagram/TMessagesProj/jni/gifvideo.cpp:616:13: warning: comparison between NULL and non-pointer ('jlong' (aka 'long') and NULL) [-Wnull-arithmetic]
build	Build APK	2026-07-23T18:35:24.3497914Z C/C++:   616 |     if (ptr == NULL) {
build	Build APK	2026-07-23T18:35:24.3498573Z C/C++:       |         ~~~ ^  ~~~~
build	Build APK	2026-07-23T18:35:24.3500037Z C/C++: /home/runner/work/Yasuagram/Yasuagram/TMessagesProj/jni/gifvideo.cpp:641:13: warning: comparison between NULL and non-pointer ('jlong' (aka 'long') and NULL) [-Wnull-arithmetic]
build	Build APK	2026-07-23T18:35:24.3501693Z C/C++:   641 |     if (ptr == NULL) {
build	Build APK	2026-07-23T18:35:24.3502444Z C/C++:       |         ~~~ ^  ~~~~
build	Build APK	2026-07-23T18:35:24.3503981Z C/C++: /home/runner/work/Yasuagram/Yasuagram/TMessagesProj/jni/gifvideo.cpp:649:13: warning: comparison between NULL and non-pointer ('jlong' (aka 'long') and NULL) [-Wnull-arithmetic]
build	Build APK	2026-07-23T18:35:24.3505980Z C/C++:   649 |     if (ptr == NULL) {
build	Build APK	2026-07-23T18:35:24.3506685Z C/C++:       |         ~~~ ^  ~~~~
build	Build APK	2026-07-23T18:35:24.3508260Z C/C++: /home/runner/work/Yasuagram/Yasuagram/TMessagesProj/jni/gifvideo.cpp:663:13: warning: comparison between NULL and non-pointer ('jlong' (aka 'long') and NULL) [-Wnull-arithmetic]
build	Build APK	2026-07-23T18:35:24.3510054Z C/C++:   663 |     if (ptr == NULL) {
build	Build APK	2026-07-23T18:35:24.3510750Z C/C++:       |         ~~~ ^  ~~~~
build	Build APK	2026-07-23T18:35:24.3511794Z C/C++: In file included from /home/runner/work/Yasuagram/Yasuagram/TMessagesProj/jni/gifvideo.cpp:19:
build	Build APK	2026-07-23T18:35:24.3513489Z C/C++: In file included from /home/runner/work/Yasuagram/Yasuagram/TMessagesProj/jni/ffmpeg/include/libavformat/avformat.h:312:
build	Build APK	2026-07-23T18:35:24.3515598Z C/C++: In file included from /home/runner/work/Yasuagram/Yasuagram/TMessagesProj/jni/ffmpeg/include/libavcodec/avcodec.h:44:
build	Build APK	2026-07-23T18:35:24.3517404Z C/C++: In file included from /home/runner/work/Yasuagram/Yasuagram/TMessagesProj/jni/ffmpeg/include/libavcodec/bsf.h:30:
build	Build APK	2026-07-23T18:35:24.3519672Z C/C++: /home/runner/work/Yasuagram/Yasuagram/TMessagesProj/jni/ffmpeg/include/libavcodec/packet.h:346:16: warning: 'convergence_duration' is deprecated [-Wdeprecated-declarations]
build	Build APK	2026-07-23T18:35:24.3521323Z C/C++:   346 | typedef struct AVPacket {
build	Build APK	2026-07-23T18:35:24.3522068Z C/C++:       |                ^
build	Build APK	2026-07-23T18:35:24.3523467Z C/C++: /home/runner/work/Yasuagram/Yasuagram/TMessagesProj/jni/gifvideo.cpp:685:36: note: in implicit copy assignment operator for 'AVPacket' first required here
build	Build APK	2026-07-23T18:35:24.3525339Z C/C++:   685 |                     info->orig_pkt = info->pkt;
build	Build APK	2026-07-23T18:35:24.3526187Z C/C++:       |                                    ^
build	Build APK	2026-07-23T18:35:24.3527800Z C/C++: /home/runner/work/Yasuagram/Yasuagram/TMessagesProj/jni/ffmpeg/include/libavcodec/packet.h:397:5: note: 'convergence_duration' has been explicitly marked deprecated here
build	Build APK	2026-07-23T18:35:24.3529455Z C/C++:   397 |     attribute_deprecated
build	Build APK	2026-07-23T18:35:24.3530123Z C/C++:       |     ^
build	Build APK	2026-07-23T18:35:24.3531530Z C/C++: /home/runner/work/Yasuagram/Yasuagram/TMessagesProj/jni/ffmpeg/include/libavutil/attributes.h:100:49: note: expanded from macro 'attribute_deprecated'
build	Build APK	2026-07-23T18:35:24.3533203Z C/C++:   100 | #    define attribute_deprecated __attribute__((deprecated))
build	Build APK	2026-07-23T18:35:24.3534885Z C/C++:       |                                                 ^
build	Build APK	2026-07-23T18:35:24.3536063Z C/C++: In file included from /home/runner/work/Yasuagram/Yasuagram/TMessagesProj/jni/gifvideo.cpp:19:
build	Build APK	2026-07-23T18:35:24.3537735Z C/C++: In file included from /home/runner/work/Yasuagram/Yasuagram/TMessagesProj/jni/ffmpeg/include/libavformat/avformat.h:312:
build	Build APK	2026-07-23T18:35:24.3539823Z C/C++: In file included from /home/runner/work/Yasuagram/Yasuagram/TMessagesProj/jni/ffmpeg/include/libavcodec/avcodec.h:44:
build	Build APK	2026-07-23T18:35:24.3541535Z C/C++: In file included from /home/runner/work/Yasuagram/Yasuagram/TMessagesProj/jni/ffmpeg/include/libavcodec/bsf.h:30:
build	Build APK	2026-07-23T18:35:24.3543626Z C/C++: /home/runner/work/Yasuagram/Yasuagram/TMessagesProj/jni/ffmpeg/include/libavcodec/packet.h:346:16: warning: 'convergence_duration' is deprecated [-Wdeprecated-declarations]
build	Build APK	2026-07-23T18:35:24.3545532Z C/C++:   346 | typedef struct AVPacket {
build	Build APK	2026-07-23T18:35:24.3546288Z C/C++:       |                ^
build	Build APK	2026-07-23T18:35:24.3547787Z C/C++: /home/runner/work/Yasuagram/Yasuagram/TMessagesProj/jni/ffmpeg/include/libavcodec/packet.h:397:5: note: 'convergence_duration' has been explicitly marked deprecated here
build	Build APK	2026-07-23T18:35:24.3549449Z C/C++:   397 |     attribute_deprecated
build	Build APK	2026-07-23T18:35:24.3550154Z C/C++:       |     ^
build	Build APK	2026-07-23T18:35:24.3551909Z C/C++: /home/runner/work/Yasuagram/Yasuagram/TMessagesProj/jni/ffmpeg/include/libavutil/attributes.h:100:49: note: expanded from macro 'attribute_deprecated'
build	Build APK	2026-07-23T18:35:24.3553613Z C/C++:   100 | #    define attribute_deprecated __attribute__((deprecated))
build	Build APK	2026-07-23T18:35:24.3554839Z C/C++:       |                                                 ^
build	Build APK	2026-07-23T18:35:24.3556462Z C/C++: /home/runner/work/Yasuagram/Yasuagram/TMessagesProj/jni/gifvideo.cpp:913:13: warning: comparison between NULL and non-pointer ('jlong' (aka 'long') and NULL) [-Wnull-arithmetic]
build	Build APK	2026-07-23T18:35:24.3558295Z C/C++:   913 |     if (ptr == NULL || bitmap == nullptr || data == nullptr) {
build	Build APK	2026-07-23T18:35:24.3559210Z C/C++:       |         ~~~ ^  ~~~~
build	Build APK	2026-07-23T18:35:24.3560822Z C/C++: /home/runner/work/Yasuagram/Yasuagram/TMessagesProj/jni/gifvideo.cpp:1013:13: warning: comparison between NULL and non-pointer ('jlong' (aka 'long') and NULL) [-Wnull-arithmetic]
build	Build APK	2026-07-23T18:35:24.3562559Z C/C++:  1013 |     if (ptr == NULL) {
build	Build APK	2026-07-23T18:35:24.3563258Z C/C++:       |         ~~~ ^  ~~~~
build	Build APK	2026-07-23T18:35:24.3564734Z C/C++: In file included from /home/runner/work/Yasuagram/Yasuagram/TMessagesProj/jni/gifvideo.cpp:22:
build	Build APK	2026-07-23T18:35:24.3566920Z C/C++: /home/runner/work/Yasuagram/Yasuagram/TMessagesProj/jni/ffmpeg/include/libavcodec/get_bits.h:70:28: warning: function 'show_bits' has internal linkage but is not defined [-Wundefined-internal]
build	Build APK	2026-07-23T18:35:24.3568884Z C/C++:    70 | static inline unsigned int show_bits(GetBitContext *s, int n);
build	Build APK	2026-07-23T18:35:24.3569864Z C/C++:       |                            ^
build	Build APK	2026-07-23T18:35:24.3571166Z C/C++: /home/runner/work/Yasuagram/Yasuagram/TMessagesProj/jni/ffmpeg/include/libavcodec/get_bits.h:666:16: note: used here
build	Build APK	2026-07-23T18:35:24.3572481Z C/C++:   666 |         return show_bits(s, n);
build	Build APK	2026-07-23T18:35:24.3573274Z C/C++:       |                ^
build	Build APK	2026-07-23T18:35:24.3574910Z C/C++: /home/runner/work/Yasuagram/Yasuagram/TMessagesProj/jni/gifvideo.cpp:146:27: warning: unused function 'get_format' [-Wunused-function]
build	Build APK	2026-07-23T18:35:24.3576514Z C/C++:   146 | static enum AVPixelFormat get_format(AVCodecContext *ctx,
build	Build APK	2026-07-23T18:35:24.3577494Z C/C++:       |                           ^~~~~~~~~~
build	Build APK	2026-07-23T18:35:24.3578213Z C/C++: 18 warnings generated.
build	Build APK	2026-07-23T18:35:24.9433400Z C/C++: In file included from /home/runner/work/Yasuagram/Yasuagram/TMessagesProj/jni/TgNetWrapper.cpp:2:
build	Build APK	2026-07-23T18:35:24.9456526Z C/C++: In file included from /home/runner/work/Yasuagram/Yasuagram/TMessagesProj/jni/tgnet/ApiScheme.h:14:
build	Build APK	2026-07-23T18:35:24.9458108Z C/C++: In file included from /home/runner/work/Yasuagram/Yasuagram/TMessagesProj/jni/tgnet/TLObject.h:13:
build	Build APK	2026-07-23T18:35:24.9460634Z C/C++: /home/runner/work/Yasuagram/Yasuagram/TMessagesProj/jni/tgnet/Defines.h:142:16: warning: 'ConnectiosManagerDelegate' has virtual functions but non-virtual destructor [-Wnon-virtual-dtor]
build	Build APK	2026-07-23T18:35:24.9462331Z C/C++:   142 | typedef struct ConnectiosManagerDelegate {
build	Build APK	2026-07-23T18:35:24.9463416Z C/C++:       |                ^
build	Build APK	2026-07-23T18:35:24.9465077Z C/C++: /home/runner/work/Yasuagram/Yasuagram/TMessagesProj/jni/tgnet/Defines.h:161:16: warning: 'HandshakeDelegate' has virtual functions but non-virtual destructor [-Wnon-virtual-dtor]
build	Build APK	2026-07-23T18:35:24.9466616Z C/C++:   161 | typedef struct HandshakeDelegate {
build	Build APK	2026-07-23T18:35:24.9467238Z C/C++:       |                ^
build	Build APK	2026-07-23T18:35:24.9468582Z C/C++: /home/runner/work/Yasuagram/Yasuagram/TMessagesProj/jni/TgNetWrapper.cpp:334:7: warning: 'Delegate' has virtual functions but non-virtual destructor [-Wnon-virtual-dtor]
build	Build APK	2026-07-23T18:35:24.9470287Z C/C++:   334 | class Delegate : public ConnectiosManagerDelegate {
build	Build APK	2026-07-23T18:35:24.9471084Z C/C++:       |       ^
build	Build APK	2026-07-23T18:35:24.9471639Z C/C++: 3 warnings generated.
build	Build APK	2026-07-23T18:35:25.3432406Z 
build	Build APK	2026-07-23T18:35:25.3433550Z > Task :TMessagesProj:buildCMakeDebug[arm64-v8a] FAILED
build	Build APK	2026-07-23T18:35:25.4484680Z 
build	Build APK	2026-07-23T18:35:25.4515038Z FAILURE: Build failed with an exception.
build	Build APK	2026-07-23T18:35:25.4544697Z 
build	Build APK	2026-07-23T18:35:25.4574852Z * What went wrong:
build	Build APK	2026-07-23T18:35:25.4605068Z Execution failed for task ':TMessagesProj:buildCMakeDebug[arm64-v8a]'.
build	Build APK	2026-07-23T18:35:25.4622105Z > com.android.ide.common.process.ProcessException: ninja: Entering directory `/home/runner/work/Yasuagram/Yasuagram/TMessagesProj/.cxx/Debug/59344w51/arm64-v8a'
build	Build APK	2026-07-23T18:35:25.4665273Z   [1/2057] Building C object CMakeFiles/breakpad.dir/third_party/breakpad/src/common/android/breakpad_getcontext.S.o
build	Build APK	2026-07-23T18:35:25.4694951Z   [2/2057] Building CXX object CMakeFiles/tgnet.dir/tgnet/ByteStream.cpp.o
build	Build APK	2026-07-23T18:35:25.4705046Z   [3/2057] Building CXX object CMakeFiles/tgnet.dir/tgnet/ByteArray.cpp.o
build	Build APK	2026-07-23T18:35:25.4734968Z   [4/2057] Building CXX object CMakeFiles/tgnet.dir/tgnet/BuffersStorage.cpp.o
build	Build APK	2026-07-23T18:35:25.4780620Z   [5/2057] Building CXX object CMakeFiles/tgnet.dir/tgnet/ConnectionSession.cpp.o
build	Build APK	2026-07-23T18:35:25.4814851Z   [6/2057] Building CXX object CMakeFiles/tgnet.dir/tgnet/Connection.cpp.o
build	Build APK	2026-07-23T18:35:25.4825278Z   /home/runner/work/Yasuagram/Yasuagram/TMessagesProj/jni/tgnet/Connection.cpp:216:93: warning: '&&' within '||' [-Wlogical-op-parentheses]
build	Build APK	2026-07-23T18:35:25.4855414Z     216 |         if (currentProtocolType != ProtocolTypeDD && currentProtocolType != ProtocolTypeTLS && currentPacketLength % 4 != 0 || currentPacketLength > 2 * 1024 * 1024) {
build	Build APK	2026-07-23T18:35:25.4856884Z         |             ~~~~~~~~~~~~~~~~~~~~~~~~~~~~~~~~~~~~~~~~~~~~~~~~~~~~~~~~~~~~~~~~~~~~~~~~~~~~~~~~^~~~~~~~~~~~~~~~~~~~~~~~~~~~~~~ ~~
build	Build APK	2026-07-23T18:35:25.4858307Z   /home/runner/work/Yasuagram/Yasuagram/TMessagesProj/jni/tgnet/Connection.cpp:216:93: note: place parentheses around the '&&' expression to silence this warning
build	Build APK	2026-07-23T18:35:25.4860147Z     216 |         if (currentProtocolType != ProtocolTypeDD && currentProtocolType != ProtocolTypeTLS && currentPacketLength % 4 != 0 || currentPacketLength > 2 * 1024 * 1024) {
build	Build APK	2026-07-23T18:35:25.4861463Z         |                                                                                             ^
build	Build APK	2026-07-23T18:35:25.4862196Z         |             (                                                                                                              )
build	Build APK	2026-07-23T18:35:25.4863439Z   /home/runner/work/Yasuagram/Yasuagram/TMessagesProj/jni/tgnet/Connection.cpp:527:223: warning: '&&' within '||' [-Wlogical-op-parentheses]
build	Build APK	2026-07-23T18:35:25.4865700Z     527 |             if (currentProtocolType == ProtocolTypeTLS || bytes[0] != 0xef && val != 0x44414548 && val != 0x54534f50 && val != 0x20544547 && val != 0x4954504f && val != 0xeeeeeeee && val != 0xdddddddd && val != 0x02010316 && val2 != 0x00000000) {
build	Build APK	2026-07-23T18:35:25.4867972Z         |                                                        ~~ ~~~~~~~~~~~~~~~~~~~~~~~~~~~~~~~~~~~~~~~~~~~~~~~~~~~~~~~~~~~~~~~~~~~~~~~~~~~~~~~~~~~~~~~~~~~~~~~~~~~~~~~~~~~~~~~~~~~~~~~~~~~~~~~~~~~~~~~~~~~~~~~~~~~~~~~~~~~~~~~~~~~~^~~~~~~~~~~~~~~~~~~~~
build	Build APK	2026-07-23T18:35:25.4869949Z   /home/runner/work/Yasuagram/Yasuagram/TMessagesProj/jni/tgnet/Connection.cpp:527:223: note: place parentheses around the '&&' expression to silence this warning
build	Build APK	2026-07-23T18:35:25.4872039Z     527 |             if (currentProtocolType == ProtocolTypeTLS || bytes[0] != 0xef && val != 0x44414548 && val != 0x54534f50 && val != 0x20544547 && val != 0x4954504f && val != 0xeeeeeeee && val != 0xdddddddd && val != 0x02010316 && val2 != 0x00000000) {
build	Build APK	2026-07-23T18:35:25.4873929Z         |                                                                                                                                                                                                                               ^                    
build	Build APK	2026-07-23T18:35:25.4905176Z         |                                                           (                                                                                                                                                                                        )
build	Build APK	2026-07-23T18:35:25.4922464Z   /home/runner/work/Yasuagram/Yasuagram/TMessagesProj/jni/tgnet/Connection.cpp:660:57: warning: '&&' within '||' [-Wlogical-op-parentheses]
build	Build APK	2026-07-23T18:35:25.4965676Z     660 |     bool switchToNextPort = reason == 2 && wasConnected && (!hasSomeDataSinceLastConnect || currentDatacenter->isCustomPort(currentAddressFlags)) || forceNextPort;
build	Build APK	2026-07-23T18:35:25.4985047Z         |                             ~~~~~~~~~~~~~~~~~~~~~~~~~~~~^~~~~~~~~~~~~~~~~~~~~~~~~~~~~~~~~~~~~~~~~~~~~~~~~~~~~~~~~~~~~~~~~~~~~~~~~~~~~~~~~~~~~~~~~ ~~
build	Build APK	2026-07-23T18:35:25.5008487Z   /home/runner/work/Yasuagram/Yasuagram/TMessagesProj/jni/tgnet/Connection.cpp:660:57: note: place parentheses around the '&&' expression to silence this warning
build	Build APK	2026-07-23T18:35:25.5055505Z     660 |     bool switchToNextPort = reason == 2 && wasConnected && (!hasSomeDataSinceLastConnect || currentDatacenter->isCustomPort(currentAddressFlags)) || forceNextPort;
build	Build APK	2026-07-23T18:35:25.5074704Z         |                                                         ^
build	Build APK	2026-07-23T18:35:25.5104857Z         |                             (                                                                                                                    )
build	Build APK	2026-07-23T18:35:25.5135379Z   /home/runner/work/Yasuagram/Yasuagram/TMessagesProj/jni/tgnet/Connection.cpp:715:62: warning: '&&' within '||' [-Wlogical-op-parentheses]
build	Build APK	2026-07-23T18:35:25.5157494Z     715 |             if (connectionType == ConnectionTypeGenericMedia && currentDatacenter->isHandshaking(true) || connectionType == ConnectionTypeGeneric && (currentDatacenter->isHandshaking(false) || datacenterId == ConnectionsManager::getInstance(currentDatacenter->instanceNum).currentDatacenterId || datacenterId == ConnectionsManager::getInstance(currentDatacenter->instanceNum).movingToDatacenterId)) {
build	Build APK	2026-07-23T18:35:25.5175179Z         |                 ~~~~~~~~~~~~~~~~~~~~~~~~~~~~~~~~~~~~~~~~~~~~~^~~~~~~~~~~~~~~~~~~~~~~~~~~~~~~~~~~~~~~~~ ~~
build	Build APK	2026-07-23T18:35:25.5176883Z   /home/runner/work/Yasuagram/Yasuagram/TMessagesProj/jni/tgnet/Connection.cpp:715:62: note: place parentheses around the '&&' expression to silence this warning
build	Build APK	2026-07-23T18:35:25.5181532Z     715 |             if (connectionType == ConnectionTypeGenericMedia && currentDatacenter->isHandshaking(true) || connectionType == ConnectionTypeGeneric && (currentDatacenter->isHandshaking(false) || datacenterId == ConnectionsManager::getInstance(currentDatacenter->instanceNum).currentDatacenterId || datacenterId == ConnectionsManager::getInstance(currentDatacenter->instanceNum).movingToDatacenterId)) {
build	Build APK	2026-07-23T18:35:25.5184798Z         |                                                              ^
build	Build APK	2026-07-23T18:35:25.5185962Z         |                 (                                                                                     )
build	Build APK	2026-07-23T18:35:25.5187375Z   /home/runner/work/Yasuagram/Yasuagram/TMessagesProj/jni/tgnet/Connection.cpp:715:147: warning: '&&' within '||' [-Wlogical-op-parentheses]
build	Build APK	2026-07-23T18:35:25.5191182Z     715 |             if (connectionType == ConnectionTypeGenericMedia && currentDatacenter->isHandshaking(true) || connectionType == ConnectionTypeGeneric && (currentDatacenter->isHandshaking(false) || datacenterId == ConnectionsManager::getInstance(currentDatacenter->instanceNum).currentDatacenterId || datacenterId == ConnectionsManager::getInstance(currentDatacenter->instanceNum).movingToDatacenterId)) {
build	Build APK	2026-07-23T18:35:25.5195331Z         |                                                                                                        ~~ ~~~~~~~~~~~~~~~~~~~~~~~~~~~~~~~~~~~~~~~~^~~~~~~~~~~~~~~~~~~~~~~~~~~~~~~~~~~~~~~~~~~~~~~~~~~~~~~~~~~~~~~~~~~~~~~~~~~~~~~~~~~~~~~~~~~~~~~~~~~~~~~~~~~~~~~~~~~~~~~~~~~~~~~~~~~~~~~~~~~~~~~~~~~~~~~~~~~~~~~~~~~~~~~~~~~~~~~~~~~~~~~~~~~~~~~~~~~~~~~~~~~~~~~~~~~~~~~~~~~~~~~~~~~~~~~~~~~~~~~~~~~~~~~~~~~
build	Build APK	2026-07-23T18:35:25.5197773Z   /home/runner/work/Yasuagram/Yasuagram/TMessagesProj/jni/tgnet/Connection.cpp:715:147: note: place parentheses around the '&&' expression to silence this warning
build	Build APK	2026-07-23T18:35:25.5201472Z     715 |             if (connectionType == ConnectionTypeGenericMedia && currentDatacenter->isHandshaking(true) || connectionType == ConnectionTypeGeneric && (currentDatacenter->isHandshaking(false) || datacenterId == ConnectionsManager::getInstance(currentDatacenter->instanceNum).currentDatacenterId || datacenterId == ConnectionsManager::getInstance(currentDatacenter->instanceNum).movingToDatacenterId)) {
build	Build APK	2026-07-23T18:35:25.5205587Z         |                                                                                                                                                   ^                                                                                                                                                                                                                                                          
build	Build APK	2026-07-23T18:35:25.5207903Z         |                                                                                                           (                                                                                                                                                                                                                                                                                                  )
build	Build APK	2026-07-23T18:35:25.5209333Z   5 warnings generated.
build	Build APK	2026-07-23T18:35:25.5210115Z   [7/2057] Building CXX object CMakeFiles/tgnet.dir/tgnet/NativeByteBuffer.cpp.o
build	Build APK	2026-07-23T18:35:25.5211679Z   /home/runner/work/Yasuagram/Yasuagram/TMessagesProj/jni/tgnet/NativeByteBuffer.cpp:17:12: warning: unused variable 'buffersCount' [-Wunused-variable]
build	Build APK	2026-07-23T18:35:25.5213041Z      17 | static int buffersCount = 0;
build	Build APK	2026-07-23T18:35:25.5213653Z         |            ^~~~~~~~~~~~
build	Build APK	2026-07-23T18:35:25.5214420Z   1 warning generated.
build	Build APK	2026-07-23T18:35:25.5215173Z   [8/2057] Building CXX object CMakeFiles/tgnet.dir/tgnet/EventObject.cpp.o
build	Build APK	2026-07-23T18:35:25.5216179Z   [9/2057] Building CXX object CMakeFiles/tgnet.dir/tgnet/ApiScheme.cpp.o
build	Build APK	2026-07-23T18:35:25.5217162Z   [10/2057] Building CXX object CMakeFiles/tgnet.dir/tgnet/FileLog.cpp.o
build	Build APK	2026-07-23T18:35:25.5218169Z   [11/2057] Building CXX object CMakeFiles/tgnet.dir/tgnet/ProxyCheckInfo.cpp.o
build	Build APK	2026-07-23T18:35:25.5219227Z   [12/2057] Building CXX object CMakeFiles/tgnet.dir/tgnet/ConnectionSocket.cpp.o
build	Build APK	2026-07-23T18:35:25.5220735Z   /home/runner/work/Yasuagram/Yasuagram/TMessagesProj/jni/tgnet/ConnectionSocket.cpp:1095:29: warning: '&&' within '||' [-Wlogical-op-parentheses]
build	Build APK	2026-07-23T18:35:25.5222847Z    1095 |     if (proxyAuthState == 0 && (outgoingByteStream->hasData() || !onConnectedSent) || proxyAuthState == 1 || proxyAuthState == 3 || proxyAuthState == 5 || proxyAuthState == 10) {
build	Build APK	2026-07-23T18:35:25.5224836Z         |         ~~~~~~~~~~~~~~~~~~~~^~~~~~~~~~~~~~~~~~~~~~~~~~~~~~~~~~~~~~~~~~~~~~~~~~~~~~ ~~
build	Build APK	2026-07-23T18:35:25.5226404Z   /home/runner/work/Yasuagram/Yasuagram/TMessagesProj/jni/tgnet/ConnectionSocket.cpp:1095:29: note: place parentheses around the '&&' expression to silence this warning
build	Build APK	2026-07-23T18:35:25.5228823Z    1095 |     if (proxyAuthState == 0 && (outgoingByteStream->hasData() || !onConnectedSent) || proxyAuthState == 1 || proxyAuthState == 3 || proxyAuthState == 5 || proxyAuthState == 10) {
build	Build APK	2026-07-23T18:35:25.5230252Z         |                             ^
build	Build APK	2026-07-23T18:35:25.5230928Z         |         (                                                                         )
build	Build APK	2026-07-23T18:35:25.5231645Z   1 warning generated.
build	Build APK	2026-07-23T18:35:25.5232344Z   [13/2057] Building CXX object CMakeFiles/tgnet.dir/tgnet/Request.cpp.o
build	Build APK	2026-07-23T18:35:25.5233714Z   /home/runner/work/Yasuagram/Yasuagram/TMessagesProj/jni/tgnet/Request.cpp:82:19: warning: '&&' within '||' [-Wlogical-op-parentheses]
build	Build APK	2026-07-23T18:35:25.5235682Z      82 |     return !media && datacenter->lastInitVersion != currentVersion || media && datacenter->lastInitMediaVersion != currentVersion;
build	Build APK	2026-07-23T18:35:25.5236937Z         |            ~~~~~~~^~~~~~~~~~~~~~~~~~~~~~~~~~~~~~~~~~~~~~~~~~~~~~~~ ~~
build	Build APK	2026-07-23T18:35:25.5238359Z   /home/runner/work/Yasuagram/Yasuagram/TMessagesProj/jni/tgnet/Request.cpp:82:19: note: place parentheses around the '&&' expression to silence this warning
build	Build APK	2026-07-23T18:35:25.5240226Z      82 |     return !media && datacenter->lastInitVersion != currentVersion || media && datacenter->lastInitMediaVersion != currentVersion;
build	Build APK	2026-07-23T18:35:25.5241389Z         |                   ^
build	Build APK	2026-07-23T18:35:25.5242011Z         |            (                                                      )
build	Build APK	2026-07-23T18:35:25.5243258Z   /home/runner/work/Yasuagram/Yasuagram/TMessagesProj/jni/tgnet/Request.cpp:82:77: warning: '&&' within '||' [-Wlogical-op-parentheses]
build	Build APK	2026-07-23T18:35:25.5245213Z      82 |     return !media && datacenter->lastInitVersion != currentVersion || media && datacenter->lastInitMediaVersion != currentVersion;
build	Build APK	2026-07-23T18:35:25.5246587Z         |                                                                    ~~ ~~~~~~^~~~~~~~~~~~~~~~~~~~~~~~~~~~~~~~~~~~~~~~~~~~~~~~~~~~~
build	Build APK	2026-07-23T18:35:25.5248134Z   /home/runner/work/Yasuagram/Yasuagram/TMessagesProj/jni/tgnet/Request.cpp:82:77: note: place parentheses around the '&&' expression to silence this warning
build	Build APK	2026-07-23T18:35:25.5249988Z      82 |     return !media && datacenter->lastInitVersion != currentVersion || media && datacenter->lastInitMediaVersion != currentVersion;
build	Build APK	2026-07-23T18:35:25.5251314Z         |                                                                             ^                                                    
build	Build APK	2026-07-23T18:35:25.5252303Z         |                                                                       (                                                          )
build	Build APK	2026-07-23T18:35:25.5253113Z   2 warnings generated.
build	Build APK	2026-07-23T18:35:25.5253832Z   [14/2057] Building CXX object CMakeFiles/tgnet.dir/tgnet/TLObject.cpp.o
build	Build APK	2026-07-23T18:35:25.5254998Z   [15/2057] Building CXX object CMakeFiles/tgnet.dir/tgnet/Timer.cpp.o
build	Build APK	2026-07-23T18:35:25.5255966Z   [16/2057] Building CXX object CMakeFiles/tgnet.dir/tgnet/Datacenter.cpp.o
build	Build APK	2026-07-23T18:35:25.5257387Z   /home/runner/work/Yasuagram/Yasuagram/TMessagesProj/jni/tgnet/Datacenter.cpp:199:62: warning: '&&' within '||' [-Wlogical-op-parentheses]
build	Build APK	2026-07-23T18:35:25.5259040Z     199 |     if (flags == 0 && (authKeyPerm == nullptr || PFS_ENABLED && authKeyTemp == nullptr) && !addressesIpv4Temp.empty()) {
build	Build APK	2026-07-23T18:35:25.5260277Z         |                                               ~~ ~~~~~~~~~~~~^~~~~~~~~~~~~~~~~~~~~~~~~
build	Build APK	2026-07-23T18:35:25.5261736Z   /home/runner/work/Yasuagram/Yasuagram/TMessagesProj/jni/tgnet/Datacenter.cpp:199:62: note: place parentheses around the '&&' expression to silence this warning
build	Build APK	2026-07-23T18:35:25.5263736Z     199 |     if (flags == 0 && (authKeyPerm == nullptr || PFS_ENABLED && authKeyTemp == nullptr) && !addressesIpv4Temp.empty()) {
build	Build APK	2026-07-23T18:35:25.5265353Z         |                                                  ~~~~~~~~~~~~^~~~~~~~~~~~~~~~~~~~~~~~~
build	Build APK	2026-07-23T18:35:25.5266927Z   /home/runner/work/Yasuagram/Yasuagram/TMessagesProj/jni/tgnet/Datacenter.cpp:257:62: warning: '&&' within '||' [-Wlogical-op-parentheses]
build	Build APK	2026-07-23T18:35:25.5268754Z     257 |     if (flags == 0 && (authKeyPerm == nullptr || PFS_ENABLED && authKeyTemp == nullptr) && !addressesIpv4Temp.empty()) {
build	Build APK	2026-07-23T18:35:25.5272910Z         |                                               ~~ ~~~~~~~~~~~~^~~~~~~~~~~~~~~~~~~~~~~~~
build	Build APK	2026-07-23T18:35:25.5274570Z   /home/runner/work/Yasuagram/Yasuagram/TMessagesProj/jni/tgnet/Datacenter.cpp:257:62: note: place parentheses around the '&&' expression to silence this warning
build	Build APK	2026-07-23T18:35:25.5276350Z     257 |     if (flags == 0 && (authKeyPerm == nullptr || PFS_ENABLED && authKeyTemp == nullptr) && !addressesIpv4Temp.empty()) {
build	Build APK	2026-07-23T18:35:25.5277490Z         |                                                  ~~~~~~~~~~~~^~~~~~~~~~~~~~~~~~~~~~~~~
build	Build APK	2026-07-23T18:35:25.5278803Z   /home/runner/work/Yasuagram/Yasuagram/TMessagesProj/jni/tgnet/Datacenter.cpp:377:62: warning: '&&' within '||' [-Wlogical-op-parentheses]
build	Build APK	2026-07-23T18:35:25.5280795Z     377 |     if (flags == 0 && (authKeyPerm == nullptr || PFS_ENABLED && authKeyTemp == nullptr) && !addressesIpv4Temp.empty()) {
build	Build APK	2026-07-23T18:35:25.5282175Z         |                                               ~~ ~~~~~~~~~~~~^~~~~~~~~~~~~~~~~~~~~~~~~
build	Build APK	2026-07-23T18:35:25.5283621Z   /home/runner/work/Yasuagram/Yasuagram/TMessagesProj/jni/tgnet/Datacenter.cpp:377:62: note: place parentheses around the '&&' expression to silence this warning
build	Build APK	2026-07-23T18:35:25.5285607Z     377 |     if (flags == 0 && (authKeyPerm == nullptr || PFS_ENABLED && authKeyTemp == nullptr) && !addressesIpv4Temp.empty()) {
build	Build APK	2026-07-23T18:35:25.5286729Z         |                                                  ~~~~~~~~~~~~^~~~~~~~~~~~~~~~~~~~~~~~~
build	Build APK	2026-07-23T18:35:25.5288056Z   /home/runner/work/Yasuagram/Yasuagram/TMessagesProj/jni/tgnet/Datacenter.cpp:446:62: warning: '&&' within '||' [-Wlogical-op-parentheses]
build	Build APK	2026-07-23T18:35:25.5289689Z     446 |     if (flags == 0 && (authKeyPerm == nullptr || PFS_ENABLED && authKeyTemp == nullptr) && !addressesIpv4Temp.empty()) {
build	Build APK	2026-07-23T18:35:25.5290836Z         |                                               ~~ ~~~~~~~~~~~~^~~~~~~~~~~~~~~~~~~~~~~~~
build	Build APK	2026-07-23T18:35:25.5292282Z   /home/runner/work/Yasuagram/Yasuagram/TMessagesProj/jni/tgnet/Datacenter.cpp:446:62: note: place parentheses around the '&&' expression to silence this warning
build	Build APK	2026-07-23T18:35:25.5294066Z     446 |     if (flags == 0 && (authKeyPerm == nullptr || PFS_ENABLED && authKeyTemp == nullptr) && !addressesIpv4Temp.empty()) {
build	Build APK	2026-07-23T18:35:25.5295465Z         |                                                  ~~~~~~~~~~~~^~~~~~~~~~~~~~~~~~~~~~~~~
build	Build APK	2026-07-23T18:35:25.5296203Z   4 warnings generated.
build	Build APK	2026-07-23T18:35:25.5296917Z   [17/2057] Building CXX object CMakeFiles/tgnet.dir/tgnet/Config.cpp.o
build	Build APK	2026-07-23T18:35:25.5297917Z   [18/2057] Building CXX object CMakeFiles/tgnet.dir/tgnet/MTProtoScheme.cpp.o
build	Build APK	2026-07-23T18:35:25.5299030Z   [19/2057] Building CXX object CMakeFiles/rlottie.dir/rlottie/src/lottie/lottiekeypath.cpp.o
build	Build APK	2026-07-23T18:35:25.5300280Z   [20/2057] Building CXX object CMakeFiles/rlottie.dir/rlottie/src/lottie/lottieanimation.cpp.o
build	Build APK	2026-07-23T18:35:25.5301384Z   [21/2057] Building CXX object CMakeFiles/tgnet.dir/tgnet/Handshake.cpp.o
build	Build APK	2026-07-23T18:35:25.5302553Z   [22/2057] Building CXX object CMakeFiles/rlottie.dir/rlottie/src/lottie/lottieloader.cpp.o
build	Build APK	2026-07-23T18:35:25.5303800Z   [23/2057] Building CXX object CMakeFiles/rlottie.dir/rlottie/src/lottie/lottieproxymodel.cpp.o
build	Build APK	2026-07-23T18:35:25.5305341Z   [24/2057] Building CXX object CMakeFiles/rlottie.dir/rlottie/src/vector/freetype/v_ft_math.cpp.o
build	Build APK	2026-07-23T18:35:25.5307054Z   [25/2057] Building CXX object CMakeFiles/rlottie.dir/rlottie/src/vector/freetype/v_ft_raster.cpp.o
build	Build APK	2026-07-23T18:35:25.5308295Z   [26/2057] Building CXX object CMakeFiles/rlottie.dir/rlottie/src/lottie/lottiemodel.cpp.o
build	Build APK	2026-07-23T18:35:25.5309916Z   /home/runner/work/Yasuagram/Yasuagram/TMessagesProj/jni/rlottie/src/lottie/lottiemodel.cpp:211:73: warning: '&&' within '||' [-Wlogical-op-parentheses]
build	Build APK	2026-07-23T18:35:25.5311746Z     211 |     if (opacityArraySize % 2 != 0 || colorPoints > opacityArraySize / 2 && opacityArraySize < 4) {
build	Build APK	2026-07-23T18:35:25.5312829Z         |                                   ~~ ~~~~~~~~~~~~~~~~~~~~~~~~~~~~~~~~~~~^~~~~~~~~~~~~~~~~~~~~~~
build	Build APK	2026-07-23T18:35:25.5314660Z   /home/runner/work/Yasuagram/Yasuagram/TMessagesProj/jni/rlottie/src/lottie/lottiemodel.cpp:211:73: note: place parentheses around the '&&' expression to silence this warning
build	Build APK	2026-07-23T18:35:25.5316411Z     211 |     if (opacityArraySize % 2 != 0 || colorPoints > opacityArraySize / 2 && opacityArraySize < 4) {
build	Build APK	2026-07-23T18:35:25.5317468Z         |                                                                         ^                      
build	Build APK	2026-07-23T18:35:25.5318283Z         |                                      (                                                         )
build	Build APK	2026-07-23T18:35:25.5318995Z   1 warning generated.
build	Build APK	2026-07-23T18:35:25.5319787Z   [27/2057] Building CXX object CMakeFiles/rlottie.dir/rlottie/src/vector/stb/stb_image.cpp.o
build	Build APK	2026-07-23T18:35:25.5320996Z   [28/2057] Building CXX object CMakeFiles/rlottie.dir/rlottie/src/vector/freetype/v_ft_stroker.cpp.o
build	Build APK	2026-07-23T18:35:25.5322245Z   [29/2057] Building CXX object CMakeFiles/rlottie.dir/rlottie/src/lottie/lottieitem.cpp.o
build	Build APK	2026-07-23T18:35:25.5323359Z   [30/2057] Building CXX object CMakeFiles/rlottie.dir/rlottie/src/vector/pixman/vregion.cpp.o
build	Build APK	2026-07-23T18:35:25.5324635Z   [31/2057] Building CXX object CMakeFiles/rlottie.dir/rlottie/src/vector/vbezier.cpp.o
build	Build APK	2026-07-23T18:35:25.5325693Z   [32/2057] Building CXX object CMakeFiles/rlottie.dir/rlottie/src/vector/vbitmap.cpp.o
build	Build APK	2026-07-23T18:35:25.5326741Z   [33/2057] Building CXX object CMakeFiles/rlottie.dir/rlottie/src/vector/vdebug.cpp.o
build	Build APK	2026-07-23T18:35:25.5328014Z   [34/2057] Building CXX object CMakeFiles/rlottie.dir/rlottie/src/vector/vcompositionfunctions.cpp.o
build	Build APK	2026-07-23T18:35:25.5329275Z   [35/2057] Building CXX object CMakeFiles/rlottie.dir/rlottie/src/vector/vbrush.cpp.o
build	Build APK	2026-07-23T18:35:25.5330436Z   [36/2057] Building CXX object CMakeFiles/rlottie.dir/rlottie/src/vector/vdasher.cpp.o
build	Build APK	2026-07-23T18:35:25.5331587Z   [37/2057] Building CXX object CMakeFiles/rlottie.dir/rlottie/src/vector/vdrawable.cpp.o
build	Build APK	2026-07-23T18:35:25.5332807Z   [38/2057] Building CXX object CMakeFiles/rlottie.dir/rlottie/src/vector/vdrawhelper_neon.cpp.o
build	Build APK	2026-07-23T18:35:25.5334264Z   [39/2057] Building CXX object CMakeFiles/rlottie.dir/rlottie/src/vector/velapsedtimer.cpp.o
build	Build APK	2026-07-23T18:35:25.5335605Z   [40/2057] Building CXX object CMakeFiles/rlottie.dir/rlottie/src/vector/vdrawhelper.cpp.o
build	Build APK	2026-07-23T18:35:25.5336853Z   [41/2057] Building CXX object CMakeFiles/tgnet.dir/tgnet/ConnectionsManager.cpp.o
build	Build APK	2026-07-23T18:35:25.5338704Z   /home/runner/work/Yasuagram/Yasuagram/TMessagesProj/jni/tgnet/ConnectionsManager.cpp:1243:127: warning: format specifies type 'long long' but the argument has type 'int64_t' (aka 'long') [-Wformat]
build	Build APK	2026-07-23T18:35:25.5341497Z    1243 |             if (LOGS_ENABLED) DEBUG_D("message_id %lld connection(%p, account%u, dc%u, type %d) received rpc_result with %s", messageId, connection, instanceNum, datacenter->getDatacenterId(), connection->getConnectionType(), typeid(*object).name());
build	Build APK	2026-07-23T18:35:25.5343571Z         |                                                   ~~~~                                                                        ^~~~~~~~~
build	Build APK	2026-07-23T18:35:25.5344652Z         |                                                   %ld
build	Build APK	2026-07-23T18:35:25.5346304Z   /home/runner/work/Yasuagram/Yasuagram/TMessagesProj/jni/tgnet/ConnectionsManager.cpp:1247:132: warning: format specifies type 'long long' but the argument has type 'int64_t' (aka 'long') [-Wformat]
build	Build APK	2026-07-23T18:35:25.5349541Z    1247 |             if (LOGS_ENABLED) DEBUG_E("message_id %lld req_msg_id %lld connection(%p, account%u, dc%u, type %d) rpc error %d: %s", messageId, resultMid, connection, instanceNum, datacenter->getDatacenterId(), connection->getConnectionType(), error->error_code, error->error_message.c_str());
build	Build APK	2026-07-23T18:35:25.5352023Z         |                                                   ~~~~                                                                             ^~~~~~~~~
build	Build APK	2026-07-23T18:35:25.5369016Z         |                                                   %ld
build	Build APK	2026-07-23T18:35:25.5370698Z   /home/runner/work/Yasuagram/Yasuagram/TMessagesProj/jni/tgnet/ConnectionsManager.cpp:1247:143: warning: format specifies type 'long long' but the argument has type 'int64_t' (aka 'long') [-Wformat]
build	Build APK	2026-07-23T18:35:25.5373779Z    1247 |             if (LOGS_ENABLED) DEBUG_E("message_id %lld req_msg_id %lld connection(%p, account%u, dc%u, type %d) rpc error %d: %s", messageId, resultMid, connection, instanceNum, datacenter->getDatacenterId(), connection->getConnectionType(), error->error_code, error->error_message.c_str());
build	Build APK	2026-07-23T18:35:25.5376366Z         |                                                                   ~~~~                                                                        ^~~~~~~~~
build	Build APK	2026-07-23T18:35:25.5377271Z         |                                                                   %ld
build	Build APK	2026-07-23T18:35:25.5379109Z   /home/runner/work/Yasuagram/Yasuagram/TMessagesProj/jni/tgnet/ConnectionsManager.cpp:1952:101: warning: expression with side effects will be evaluated despite being used as an operand to 'typeid' [-Wpotentially-evaluated-expression]
build	Build APK	2026-07-23T18:35:25.5381484Z    1952 |         if (LOGS_ENABLED) DEBUG_D("send request wrapped %p - %s", request->rpcRequest.get(), typeid(*(request->rpcRequest.get())).name());
build	Build APK	2026-07-23T18:35:25.5382770Z         |                                                                                                     ^
build	Build APK	2026-07-23T18:35:25.5384611Z   /home/runner/work/Yasuagram/Yasuagram/TMessagesProj/jni/tgnet/ConnectionsManager.cpp:2028:52: warning: format specifies type 'long long' but the argument has type 'int64_t' (aka 'long') [-Wformat]
build	Build APK	2026-07-23T18:35:25.5386329Z    2028 |         if (LOGS_ENABLED) DEBUG_D("set user %lld", userId);
build	Build APK	2026-07-23T18:35:25.5387138Z         |                                             ~~~~   ^~~~~~
build	Build APK	2026-07-23T18:35:25.5387855Z         |                                             %ld
build	Build APK	2026-07-23T18:35:25.5389355Z   /home/runner/work/Yasuagram/Yasuagram/TMessagesProj/jni/tgnet/ConnectionsManager.cpp:2206:5: warning: non-void lambda does not return a value in all control paths [-Wreturn-type]
build	Build APK	2026-07-23T18:35:25.5390799Z    2206 |     });
build	Build APK	2026-07-23T18:35:25.5391312Z         |     ^
build	Build APK	2026-07-23T18:35:25.5392875Z   /home/runner/work/Yasuagram/Yasuagram/TMessagesProj/jni/tgnet/ConnectionsManager.cpp:3053:155: warning: expression with side effects will be evaluated despite being used as an operand to 'typeid' [-Wpotentially-evaluated-expression]
build	Build APK	2026-07-23T18:35:25.5395721Z    3053 |                             if (LOGS_ENABLED) DEBUG_D("wrap body(%p, %s) to TL_invokeAfterMsg, token = %d, after 0x%" PRIx64, message->body.get(), typeid(*(message->body.get())).name(), networkMessage->requestId, request->msg_id);
build	Build APK	2026-07-23T18:35:25.5397604Z         |                                                                                                                                                           ^
build	Build APK	2026-07-23T18:35:25.5399280Z   /home/runner/work/Yasuagram/Yasuagram/TMessagesProj/jni/tgnet/ConnectionsManager.cpp:3278:43: warning: array subscript is of type 'char' [-Wchar-subscripts]
build	Build APK	2026-07-23T18:35:25.5400815Z    3278 |             auto value = url_char_to_value[base64.c_str()[i++]];
build	Build APK	2026-07-23T18:35:25.5401628Z         |                                           ^~~~~~~~~~~~~~~~~~~~
build	Build APK	2026-07-23T18:35:25.5402767Z   8 warnings generated.
build	Build APK	2026-07-23T18:35:25.5403356Z   [42/2057] Linking CXX static library libtgnet.a
build	Build APK	2026-07-23T18:35:25.5404532Z   [43/2057] Building CXX object CMakeFiles/rlottie.dir/rlottie/src/vector/vimageloader.cpp.o
build	Build APK	2026-07-23T18:35:25.5405798Z   [44/2057] Building CXX object CMakeFiles/rlottie.dir/rlottie/src/vector/vinterpolator.cpp.o
build	Build APK	2026-07-23T18:35:25.5407201Z   [45/2057] Building CXX object CMakeFiles/rlottie.dir/rlottie/src/vector/vmatrix.cpp.o
build	Build APK	2026-07-23T18:35:25.5408373Z   [46/2057] Building CXX object CMakeFiles/rlottie.dir/rlottie/src/vector/vpainter.cpp.o
build	Build APK	2026-07-23T18:35:25.5409582Z   [47/2057] Building CXX object CMakeFiles/rlottie.dir/rlottie/src/lottie/lottieparser.cpp.o
build	Build APK	2026-07-23T18:35:25.5411024Z   In file included from /home/runner/work/Yasuagram/Yasuagram/TMessagesProj/jni/rlottie/src/lottie/lottieparser.cpp:58:
build	Build APK	2026-07-23T18:35:25.5412556Z   In file included from /home/runner/work/Yasuagram/Yasuagram/TMessagesProj/jni/./tgnet/FileLog.h:12:
build	Build APK	2026-07-23T18:35:25.5414716Z   /home/runner/work/Yasuagram/Yasuagram/TMessagesProj/jni/./tgnet/Defines.h:142:16: warning: 'ConnectiosManagerDelegate' has virtual functions but non-virtual destructor [-Wnon-virtual-dtor]
build	Build APK	2026-07-23T18:35:25.5416482Z     142 | typedef struct ConnectiosManagerDelegate {
build	Build APK	2026-07-23T18:35:25.5417139Z         |                ^
build	Build APK	2026-07-23T18:35:25.5418460Z   /home/runner/work/Yasuagram/Yasuagram/TMessagesProj/jni/./tgnet/Defines.h:161:16: warning: 'HandshakeDelegate' has virtual functions but non-virtual destructor [-Wnon-virtual-dtor]
build	Build APK	2026-07-23T18:35:25.5419936Z     161 | typedef struct HandshakeDelegate {
build	Build APK	2026-07-23T18:35:25.5420562Z         |                ^
build	Build APK	2026-07-23T18:35:25.5421966Z   /home/runner/work/Yasuagram/Yasuagram/TMessagesProj/jni/rlottie/src/lottie/lottieparser.cpp:186:60: warning: field 'colorMap' will be initialized after field 'mFitzModifier' [-Wreorder-ctor]
build	Build APK	2026-07-23T18:35:25.5423860Z     186 |         : LookaheadParserHandler(str), mDirPath(dir_path), colorMap(colorReplacement), mFitzModifier(fitzModifier)
build	Build APK	2026-07-23T18:35:25.5425251Z         |                                        ~~~~~~~~~~~~~~~~~~  ^~~~~~~~~~~~~~~~~~~~~~~~~~  ~~~~~~~~~~~~~~~~~~~~~~~~~~~
build	Build APK	2026-07-23T18:35:25.5426322Z         |                                        mFitzModifier(fitzModifier) mDirPath(dir_path)  colorMap(colorReplacement)
build	Build APK	2026-07-23T18:35:25.5427229Z   3 warnings generated.
build	Build APK	2026-07-23T18:35:25.5427913Z   [48/2057] Building C object CMakeFiles/flac.dir/exoplayer/libFLAC/cpu.c.o
build	Build APK	2026-07-23T18:35:25.5429044Z   [49/2057] Building ASM object CMakeFiles/rlottie.dir/rlottie/src/vector/pixman/pixman-arma64-neon-asm.S.o
build	Build APK	2026-07-23T18:35:25.5430194Z   [50/2057] Building C object CMakeFiles/flac.dir/exoplayer/libFLAC/fixed.c.o
build	Build APK	2026-07-23T18:35:25.5431227Z   [51/2057] Building C object CMakeFiles/flac.dir/exoplayer/libFLAC/bitwriter.c.o
build	Build APK	2026-07-23T18:35:25.5432194Z   [52/2057] Building C object CMakeFiles/flac.dir/exoplayer/libFLAC/bitreader.c.o
build	Build APK	2026-07-23T18:35:25.5433151Z   [53/2057] Building C object CMakeFiles/flac.dir/exoplayer/libFLAC/bitmath.c.o
build	Build APK	2026-07-23T18:35:25.5434273Z   [54/2057] Building C object CMakeFiles/flac.dir/exoplayer/libFLAC/crc.c.o
build	Build APK	2026-07-23T18:35:25.5435351Z   [55/2057] Building CXX object CMakeFiles/rlottie.dir/rlottie/src/vector/vpathmesure.cpp.o
build	Build APK	2026-07-23T18:35:25.5436601Z   [56/2057] Building C object CMakeFiles/flac.dir/exoplayer/libFLAC/fixed_intrin_sse2.c.o
build	Build APK	2026-07-23T18:35:25.5437932Z   [57/2057] Building C object CMakeFiles/flac.dir/exoplayer/libFLAC/fixed_intrin_ssse3.c.o
build	Build APK	2026-07-23T18:35:25.5439282Z   [58/2057] Building C object CMakeFiles/flac.dir/exoplayer/libFLAC/float.c.o
build	Build APK	2026-07-23T18:35:25.5440560Z   [59/2057] Building CXX object CMakeFiles/rlottie.dir/rlottie/src/vector/vpath.cpp.o
build	Build APK	2026-07-23T18:35:25.5441834Z   [60/2057] Building C object CMakeFiles/flac.dir/exoplayer/libFLAC/lpc_intrin_avx2.c.o
build	Build APK	2026-07-23T18:35:25.5442955Z   [61/2057] Building C object CMakeFiles/flac.dir/exoplayer/libFLAC/lpc_intrin_sse2.c.o
build	Build APK	2026-07-23T18:35:25.5444257Z   [62/2057] Building CXX object CMakeFiles/rlottie.dir/rlottie/src/vector/vrect.cpp.o
build	Build APK	2026-07-23T18:35:25.5445623Z   [63/2057] Building C object CMakeFiles/flac.dir/exoplayer/libFLAC/format.c.o
build	Build APK	2026-07-23T18:35:25.5446698Z   [64/2057] Building C object CMakeFiles/flac.dir/exoplayer/libFLAC/lpc_intrin_sse.c.o
build	Build APK	2026-07-23T18:35:25.5447830Z   [65/2057] Building C object CMakeFiles/flac.dir/exoplayer/libFLAC/lpc_intrin_sse41.c.o
build	Build APK	2026-07-23T18:35:25.5449115Z   [66/2057] Building C object CMakeFiles/flac.dir/exoplayer/libFLAC/memory.c.o
build	Build APK	2026-07-23T18:35:25.5450120Z   [67/2057] Building C object CMakeFiles/flac.dir/exoplayer/libFLAC/md5.c.o
build	Build APK	2026-07-23T18:35:25.5451114Z   [68/2057] Building C object CMakeFiles/flac.dir/exoplayer/libFLAC/lpc.c.o
build	Build APK	2026-07-23T18:35:25.5452169Z   [69/2057] Building C object CMakeFiles/flac.dir/exoplayer/libFLAC/metadata_object.c.o
build	Build APK	2026-07-23T18:35:25.5453241Z   [70/2057] Building C object CMakeFiles/flac.dir/exoplayer/libFLAC/window.c.o
build	Build APK	2026-07-23T18:35:25.5454548Z   [71/2057] Building C object CMakeFiles/flac.dir/exoplayer/libFLAC/metadata_iterators.c.o
build	Build APK	2026-07-23T18:35:25.5455807Z   [72/2057] Building C object CMakeFiles/flac.dir/exoplayer/libFLAC/stream_encoder_intrin_avx2.c.o
build	Build APK	2026-07-23T18:35:25.5457045Z   [73/2057] Building C object CMakeFiles/flac.dir/exoplayer/libFLAC/stream_encoder_framing.c.o
build	Build APK	2026-07-23T18:35:25.5458282Z   [74/2057] Building C object CMakeFiles/flac.dir/exoplayer/libFLAC/stream_encoder_intrin_sse2.c.o
build	Build APK	2026-07-23T18:35:25.5459555Z   [75/2057] Building C object CMakeFiles/flac.dir/exoplayer/libFLAC/stream_encoder_intrin_ssse3.c.o
build	Build APK	2026-07-23T18:35:25.5460761Z   [76/2057] Building CXX object CMakeFiles/rlottie.dir/rlottie/src/vector/vraster.cpp.o
build	Build APK	2026-07-23T18:35:25.5462251Z   In file included from /home/runner/work/Yasuagram/Yasuagram/TMessagesProj/jni/rlottie/src/vector/vraster.cpp:22:
build	Build APK	2026-07-23T18:35:25.5464011Z   In file included from /home/runner/work/Yasuagram/Yasuagram/TMessagesProj/jni/./tgnet/FileLog.h:12:
build	Build APK	2026-07-23T18:35:25.5469042Z   /home/runner/work/Yasuagram/Yasuagram/TMessagesProj/jni/./tgnet/Defines.h:142:16: warning: 'ConnectiosManagerDelegate' has virtual functions but non-virtual destructor [-Wnon-virtual-dtor]
build	Build APK	2026-07-23T18:35:25.5470628Z     142 | typedef struct ConnectiosManagerDelegate {
build	Build APK	2026-07-23T18:35:25.5471198Z         |                ^
build	Build APK	2026-07-23T18:35:25.5472506Z   /home/runner/work/Yasuagram/Yasuagram/TMessagesProj/jni/./tgnet/Defines.h:161:16: warning: 'HandshakeDelegate' has virtual functions but non-virtual destructor [-Wnon-virtual-dtor]
build	Build APK	2026-07-23T18:35:25.5473938Z     161 | typedef struct HandshakeDelegate {
build	Build APK	2026-07-23T18:35:25.5474668Z         |                ^
build	Build APK	2026-07-23T18:35:25.5475093Z   2 warnings generated.
build	Build APK	2026-07-23T18:35:25.5475780Z   [77/2057] Building C object CMakeFiles/flac.dir/exoplayer/libFLAC/stream_decoder.c.o
build	Build APK	2026-07-23T18:35:25.5476775Z   [78/2057] Building C object CMakeFiles/flac.dir/exoplayer/libFLAC/stream_encoder.c.o
build	Build APK	2026-07-23T18:35:25.5477597Z   [79/2057] Linking C static library libflac.a
build	Build APK	2026-07-23T18:35:25.5478399Z   [80/2057] Building CXX object CMakeFiles/rlottie.dir/rlottie/src/vector/vrle.cpp.o
build	Build APK	2026-07-23T18:35:25.5479222Z   [81/2057] Linking CXX static library librlottie.a
build	Build APK	2026-07-23T18:35:25.5480157Z   [82/2057] Building CXX object CMakeFiles/breakpad.dir/third_party/breakpad/src/client/linux/log/log.cc.o
build	Build APK	2026-07-23T18:35:25.5481643Z   [83/2057] Building CXX object CMakeFiles/breakpad.dir/third_party/breakpad/src/client/linux/dump_writer_common/seccomp_unwinder.cc.o
build	Build APK	2026-07-23T18:35:25.5483337Z   [84/2057] Building CXX object CMakeFiles/breakpad.dir/third_party/breakpad/src/client/linux/crash_generation/crash_generation_client.cc.o
build	Build APK	2026-07-23T18:35:25.5485097Z   [85/2057] Building CXX object CMakeFiles/breakpad.dir/third_party/breakpad/src/client/linux/handler/minidump_descriptor.cc.o
build	Build APK	2026-07-23T18:35:25.5486591Z   [86/2057] Building CXX object CMakeFiles/breakpad.dir/third_party/breakpad/src/client/linux/dump_writer_common/ucontext_reader.cc.o
build	Build APK	2026-07-23T18:35:25.5488087Z   [87/2057] Building CXX object CMakeFiles/breakpad.dir/third_party/breakpad/src/client/linux/dump_writer_common/thread_info.cc.o
build	Build APK	2026-07-23T18:35:25.5489823Z   [88/2057] Building CXX object CMakeFiles/breakpad.dir/third_party/breakpad/src/client/linux/handler/exception_handler.cc.o
build	Build APK	2026-07-23T18:35:25.5491303Z   [89/2057] Building CXX object CMakeFiles/breakpad.dir/third_party/breakpad/src/client/linux/microdump_writer/microdump_writer.cc.o
build	Build APK	2026-07-23T18:35:25.5493095Z   [90/2057] Building CXX object CMakeFiles/openh264.dir/third_party/openh264/src/codec/processing/src/complexityanalysis/ComplexityAnalysis.cpp.o
build	Build APK	2026-07-23T18:35:25.5595565Z   [91/2057] Building CXX object CMakeFiles/breakpad.dir/third_party/breakpad/src/common/linux/linux_libc_support.cc.o
build	Build APK	2026-07-23T18:35:25.5596909Z   [92/2057] Building C object CMakeFiles/breakpad.dir/third_party/breakpad/src/common/convert_UTF.c.o
build	Build APK	2026-07-23T18:35:25.5598078Z   [93/2057] Building CXX object CMakeFiles/breakpad.dir/third_party/breakpad/src/client/minidump_file_writer.cc.o
build	Build APK	2026-07-23T18:35:25.5599392Z   [94/2057] Building CXX object CMakeFiles/breakpad.dir/third_party/breakpad/src/client/linux/minidump_writer/linux_dumper.cc.o
build	Build APK	2026-07-23T18:35:25.5600573Z   [95/2057] Building CXX object CMakeFiles/breakpad.dir/third_party/breakpad/src/common/md5.cc.o
build	Build APK	2026-07-23T18:35:25.5601633Z   [96/2057] Building CXX object CMakeFiles/breakpad.dir/third_party/breakpad/src/common/linux/elfutils.cc.o
build	Build APK	2026-07-23T18:35:25.5602762Z   [97/2057] Building CXX object CMakeFiles/breakpad.dir/third_party/breakpad/src/common/linux/guid_creator.cc.o
build	Build APK	2026-07-23T18:35:25.5604258Z   [98/2057] Building CXX object CMakeFiles/breakpad.dir/third_party/breakpad/src/client/linux/minidump_writer/linux_ptrace_dumper.cc.o
build	Build APK	2026-07-23T18:35:25.5605882Z   [99/2057] Building CXX object CMakeFiles/breakpad.dir/third_party/breakpad/src/common/linux/memory_mapped_file.cc.o
build	Build APK	2026-07-23T18:35:25.5607273Z   [100/2057] Building CXX object CMakeFiles/breakpad.dir/third_party/breakpad/src/common/linux/safe_readlink.cc.o
build	Build APK	2026-07-23T18:35:25.5608905Z   [101/2057] Building CXX object CMakeFiles/breakpad.dir/third_party/breakpad/src/client/linux/minidump_writer/minidump_writer.cc.o
build	Build APK	2026-07-23T18:35:25.5610382Z   [102/2057] Building CXX object CMakeFiles/breakpad.dir/third_party/breakpad/src/common/linux/file_id.cc.o
build	Build APK	2026-07-23T18:35:25.5611572Z   [103/2057] Building CXX object CMakeFiles/breakpad.dir/third_party/breakpad/src/common/string_conversion.cc.o
build	Build APK	2026-07-23T18:35:25.5612575Z   [104/2057] Linking CXX static library libbreakpad.a
build	Build APK	2026-07-23T18:35:25.5613372Z   [105/2057] Building CXX object CMakeFiles/tgvoip.dir/voip/libtgvoip/Buffers.cpp.o
build	Build APK	2026-07-23T18:35:25.5614684Z   In file included from /home/runner/work/Yasuagram/Yasuagram/TMessagesProj/jni/voip/libtgvoip/Buffers.cpp:7:
build	Build APK	2026-07-23T18:35:25.5615934Z   In file included from /home/runner/work/Yasuagram/Yasuagram/TMessagesProj/jni/voip/libtgvoip/Buffers.h:19:
build	Build APK	2026-07-23T18:35:25.5617557Z   /home/runner/work/Yasuagram/Yasuagram/TMessagesProj/jni/voip/libtgvoip/threading.h:110:8: warning: private field 'maxPriority' is not used [-Wunused-private-field]
build	Build APK	2026-07-23T18:35:25.5618848Z     110 |                 bool maxPriority=false;
build	Build APK	2026-07-23T18:35:25.5619341Z         |                      ^
build	Build APK	2026-07-23T18:35:25.5619763Z   1 warning generated.
build	Build APK	2026-07-23T18:35:25.5620413Z   [106/2057] Building CXX object CMakeFiles/tgvoip.dir/voip/libtgvoip/BlockingQueue.cpp.o
build	Build APK	2026-07-23T18:35:25.5621649Z   In file included from /home/runner/work/Yasuagram/Yasuagram/TMessagesProj/jni/voip/libtgvoip/BlockingQueue.cpp:7:
build	Build APK	2026-07-23T18:35:25.5623079Z   In file included from /home/runner/work/Yasuagram/Yasuagram/TMessagesProj/jni/voip/libtgvoip/BlockingQueue.h:12:
build	Build APK	2026-07-23T18:35:25.5669678Z   /home/runner/work/Yasuagram/Yasuagram/TMessagesProj/jni/voip/libtgvoip/threading.h:110:8: warning: private field 'maxPriority' is not used [-Wunused-private-field]
build	Build APK	2026-07-23T18:35:25.5670953Z     110 |                 bool maxPriority=false;
build	Build APK	2026-07-23T18:35:25.5671443Z         |                      ^
build	Build APK	2026-07-23T18:35:25.5671861Z   1 warning generated.
build	Build APK	2026-07-23T18:35:25.5672841Z   [107/2057] Building CXX object CMakeFiles/tgvoip.dir/voip/libtgvoip/logging.cpp.o
build	Build APK	2026-07-23T18:35:25.5674049Z   In file included from /home/runner/work/Yasuagram/Yasuagram/TMessagesProj/jni/voip/libtgvoip/logging.cpp:12:
build	Build APK	2026-07-23T18:35:25.5675745Z   In file included from /home/runner/work/Yasuagram/Yasuagram/TMessagesProj/jni/voip/libtgvoip/VoIPController.h:24:
build	Build APK	2026-07-23T18:35:25.5677523Z   In file included from /home/runner/work/Yasuagram/Yasuagram/TMessagesProj/jni/voip/libtgvoip/video/VideoSource.h:12:
build	Build APK	2026-07-23T18:35:25.5678998Z   In file included from /home/runner/work/Yasuagram/Yasuagram/TMessagesProj/jni/voip/libtgvoip/video/../Buffers.h:19:
build	Build APK	2026-07-23T18:35:25.5680832Z   /home/runner/work/Yasuagram/Yasuagram/TMessagesProj/jni/voip/libtgvoip/video/../threading.h:110:8: warning: private field 'maxPriority' is not used [-Wunused-private-field]
build	Build APK	2026-07-23T18:35:25.5682208Z     110 |                 bool maxPriority=false;
build	Build APK	2026-07-23T18:35:25.5682722Z         |                      ^
build	Build APK	2026-07-23T18:35:25.5683164Z   1 warning generated.
build	Build APK	2026-07-23T18:35:25.5683863Z   [108/2057] Building CXX object CMakeFiles/tgvoip.dir/voip/libtgvoip/audio/AudioInput.cpp.o
build	Build APK	2026-07-23T18:35:25.5695718Z   In file included from /home/runner/work/Yasuagram/Yasuagram/TMessagesProj/jni/voip/libtgvoip/audio/AudioInput.cpp:7:
build	Build APK	2026-07-23T18:35:25.5697337Z   In file included from /home/runner/work/Yasuagram/Yasuagram/TMessagesProj/jni/voip/libtgvoip/audio/AudioInput.h:13:
build	Build APK	2026-07-23T18:35:25.5698926Z   In file included from /home/runner/work/Yasuagram/Yasuagram/TMessagesProj/jni/voip/libtgvoip/audio/../MediaStreamItf.h:14:
build	Build APK	2026-07-23T18:35:25.5700820Z   /home/runner/work/Yasuagram/Yasuagram/TMessagesProj/jni/voip/libtgvoip/audio/../threading.h:110:8: warning: private field 'maxPriority' is not used [-Wunused-private-field]
build	Build APK	2026-07-23T18:35:25.5702253Z     110 |                 bool maxPriority=false;
build	Build APK	2026-07-23T18:35:25.5702776Z         |                      ^
build	Build APK	2026-07-23T18:35:25.5703229Z   1 warning generated.
build	Build APK	2026-07-23T18:35:25.5704053Z   [109/2057] Building CXX object CMakeFiles/tgvoip.dir/voip/libtgvoip/os/android/AudioInputOpenSLES.cpp.o
build	Build APK	2026-07-23T18:35:25.5720156Z   In file included from /home/runner/work/Yasuagram/Yasuagram/TMessagesProj/jni/voip/libtgvoip/os/android/AudioInputOpenSLES.cpp:11:
build	Build APK	2026-07-23T18:35:25.5721888Z   In file included from /home/runner/work/Yasuagram/Yasuagram/TMessagesProj/jni/voip/libtgvoip/os/android/AudioInputOpenSLES.h:13:
build	Build APK	2026-07-23T18:35:25.5723567Z   In file included from /home/runner/work/Yasuagram/Yasuagram/TMessagesProj/jni/voip/libtgvoip/os/android/../../audio/AudioInput.h:13:
build	Build APK	2026-07-23T18:35:25.5725547Z   In file included from /home/runner/work/Yasuagram/Yasuagram/TMessagesProj/jni/voip/libtgvoip/os/android/../../audio/../MediaStreamItf.h:14:
build	Build APK	2026-07-23T18:35:25.5727594Z   /home/runner/work/Yasuagram/Yasuagram/TMessagesProj/jni/voip/libtgvoip/os/android/../../audio/../threading.h:110:8: warning: private field 'maxPriority' is not used [-Wunused-private-field]
build	Build APK	2026-07-23T18:35:25.5729045Z     110 |                 bool maxPriority=false;
build	Build APK	2026-07-23T18:35:25.5729537Z         |                      ^
build	Build APK	2026-07-23T18:35:25.5729949Z   1 warning generated.
build	Build APK	2026-07-23T18:35:25.5730668Z   [110/2057] Building CXX object CMakeFiles/tgvoip.dir/voip/libtgvoip/VoIPGroupController.cpp.o
build	Build APK	2026-07-23T18:35:25.5732409Z   /home/runner/work/Yasuagram/Yasuagram/TMessagesProj/jni/voip/libtgvoip/VoIPGroupController.cpp:628:24: warning: variable length arrays in C++ are a Clang extension [-Wvla-cxx-extension]
build	Build APK	2026-07-23T18:35:25.5734025Z     628 |                 unsigned char aesOut[MSC_STACK_FALLBACK(inner.GetLength(), 1500)];
build	Build APK	2026-07-23T18:35:25.5755270Z         |                                      ^~~~~~~~~~~~~~~~~~~~~~~~~~~~~~~~~~~~~~~~~~~
build	Build APK	2026-07-23T18:35:25.5756588Z   /home/runner/work/Yasuagram/Yasuagram/TMessagesProj/jni/voip/libtgvoip/PrivateDefines.h:119:34: note: expanded from macro 'MSC_STACK_FALLBACK'
build	Build APK	2026-07-23T18:35:25.5757789Z     119 | #define MSC_STACK_FALLBACK(a, b) (a)
build	Build APK	2026-07-23T18:35:25.5758631Z         |                                  ^~~
build	Build APK	2026-07-23T18:35:25.5759992Z   /home/runner/work/Yasuagram/Yasuagram/TMessagesProj/jni/voip/libtgvoip/VoIPGroupController.cpp:628:49: note: non-constexpr function 'GetLength' cannot be used in a constant expression
build	Build APK	2026-07-23T18:35:25.5761654Z     628 |                 unsigned char aesOut[MSC_STACK_FALLBACK(inner.GetLength(), 1500)];
build	Build APK	2026-07-23T18:35:25.5762736Z         |                                                               ^
build	Build APK	2026-07-23T18:35:25.5763814Z   /home/runner/work/Yasuagram/Yasuagram/TMessagesProj/jni/voip/libtgvoip/video/../Buffers.h:66:10: note: declared here
build	Build APK	2026-07-23T18:35:25.5780347Z      66 |                 size_t GetLength();
build	Build APK	2026-07-23T18:35:25.5780865Z         |                        ^
build	Build APK	2026-07-23T18:35:25.5781869Z   In file included from /home/runner/work/Yasuagram/Yasuagram/TMessagesProj/jni/voip/libtgvoip/VoIPGroupController.cpp:7:
build	Build APK	2026-07-23T18:35:25.5783364Z   In file included from /home/runner/work/Yasuagram/Yasuagram/TMessagesProj/jni/voip/libtgvoip/VoIPController.h:24:
build	Build APK	2026-07-23T18:35:25.5785129Z   In file included from /home/runner/work/Yasuagram/Yasuagram/TMessagesProj/jni/voip/libtgvoip/video/VideoSource.h:12:
build	Build APK	2026-07-23T18:35:25.5786606Z   In file included from /home/runner/work/Yasuagram/Yasuagram/TMessagesProj/jni/voip/libtgvoip/video/../Buffers.h:19:
build	Build APK	2026-07-23T18:35:25.5788447Z   /home/runner/work/Yasuagram/Yasuagram/TMessagesProj/jni/voip/libtgvoip/video/../threading.h:110:8: warning: private field 'maxPriority' is not used [-Wunused-private-field]
build	Build APK	2026-07-23T18:35:25.5789835Z     110 |                 bool maxPriority=false;
build	Build APK	2026-07-23T18:35:25.5790347Z         |                      ^
build	Build APK	2026-07-23T18:35:25.5790771Z   2 warnings generated.
build	Build APK	2026-07-23T18:35:25.5791442Z   [111/2057] Building CXX object CMakeFiles/tgvoip.dir/voip/libtgvoip/MediaStreamItf.cpp.o
build	Build APK	2026-07-23T18:35:25.5792679Z   In file included from /home/runner/work/Yasuagram/Yasuagram/TMessagesProj/jni/voip/libtgvoip/MediaStreamItf.cpp:8:
build	Build APK	2026-07-23T18:35:25.5794432Z   In file included from /home/runner/work/Yasuagram/Yasuagram/TMessagesProj/jni/voip/libtgvoip/MediaStreamItf.h:14:
build	Build APK	2026-07-23T18:35:25.5796190Z   /home/runner/work/Yasuagram/Yasuagram/TMessagesProj/jni/voip/libtgvoip/threading.h:110:8: warning: private field 'maxPriority' is not used [-Wunused-private-field]
build	Build APK	2026-07-23T18:35:25.5796979Z     110 |                 bool maxPriority=false;
build	Build APK	2026-07-23T18:35:25.5797270Z         |                      ^
build	Build APK	2026-07-23T18:35:25.5797515Z   1 warning generated.
build	Build APK	2026-07-23T18:35:25.5797909Z   [112/2057] Building CXX object CMakeFiles/tgvoip.dir/voip/libtgvoip/OpusEncoder.cpp.o
build	Build APK	2026-07-23T18:35:25.5798598Z   In file included from /home/runner/work/Yasuagram/Yasuagram/TMessagesProj/jni/voip/libtgvoip/OpusEncoder.cpp:7:
build	Build APK	2026-07-23T18:35:25.5799400Z   In file included from /home/runner/work/Yasuagram/Yasuagram/TMessagesProj/jni/voip/libtgvoip/OpusEncoder.h:11:
build	Build APK	2026-07-23T18:35:25.5800177Z   In file included from /home/runner/work/Yasuagram/Yasuagram/TMessagesProj/jni/voip/libtgvoip/MediaStreamItf.h:14:
build	Build APK	2026-07-23T18:35:25.5801145Z   /home/runner/work/Yasuagram/Yasuagram/TMessagesProj/jni/voip/libtgvoip/threading.h:110:8: warning: private field 'maxPriority' is not used [-Wunused-private-field]
build	Build APK	2026-07-23T18:35:25.5801899Z     110 |                 bool maxPriority=false;
build	Build APK	2026-07-23T18:35:25.5802196Z         |                      ^
build	Build APK	2026-07-23T18:35:25.5802449Z   1 warning generated.
build	Build APK	2026-07-23T18:35:25.5802865Z   [113/2057] Building CXX object CMakeFiles/tgvoip.dir/voip/libtgvoip/audio/AudioOutput.cpp.o
build	Build APK	2026-07-23T18:35:25.5803610Z   In file included from /home/runner/work/Yasuagram/Yasuagram/TMessagesProj/jni/voip/libtgvoip/audio/AudioOutput.cpp:19:
build	Build APK	2026-07-23T18:35:25.5805666Z   /home/runner/work/Yasuagram/Yasuagram/TMessagesProj/jni/voip/libtgvoip/audio/../os/android/AudioOutputAndroid.h:20:15: warning: 'Start' overrides a member function but is not marked 'override' [-Winconsistent-missing-override]
build	Build APK	2026-07-23T18:35:25.5807672Z      20 |         virtual void Start();
build	Build APK	2026-07-23T18:35:25.5808151Z         |                      ^
build	Build APK	2026-07-23T18:35:25.5809265Z   /home/runner/work/Yasuagram/Yasuagram/TMessagesProj/jni/voip/libtgvoip/audio/../MediaStreamItf.h:24:15: note: overridden virtual function is here
build	Build APK	2026-07-23T18:35:25.5810326Z      24 |         virtual void Start()=0;
build	Build APK	2026-07-23T18:35:25.5811037Z         |                      ^
build	Build APK	2026-07-23T18:35:25.5811922Z   In file included from /home/runner/work/Yasuagram/Yasuagram/TMessagesProj/jni/voip/libtgvoip/audio/AudioOutput.cpp:19:
build	Build APK	2026-07-23T18:35:25.5813868Z   /home/runner/work/Yasuagram/Yasuagram/TMessagesProj/jni/voip/libtgvoip/audio/../os/android/AudioOutputAndroid.h:21:15: warning: 'Stop' overrides a member function but is not marked 'override' [-Winconsistent-missing-override]
build	Build APK	2026-07-23T18:35:25.5816079Z      21 |         virtual void Stop();
build	Build APK	2026-07-23T18:35:25.5816560Z         |                      ^
build	Build APK	2026-07-23T18:35:25.5821947Z   /home/runner/work/Yasuagram/Yasuagram/TMessagesProj/jni/voip/libtgvoip/audio/../MediaStreamItf.h:25:15: note: overridden virtual function is here
build	Build APK	2026-07-23T18:35:25.5823192Z      25 |         virtual void Stop()=0;
build	Build APK	2026-07-23T18:35:25.5823672Z         |                      ^
build	Build APK	2026-07-23T18:35:25.5824901Z   In file included from /home/runner/work/Yasuagram/Yasuagram/TMessagesProj/jni/voip/libtgvoip/audio/AudioOutput.cpp:7:
build	Build APK	2026-07-23T18:35:25.5826462Z   In file included from /home/runner/work/Yasuagram/Yasuagram/TMessagesProj/jni/voip/libtgvoip/audio/AudioOutput.h:14:
build	Build APK	2026-07-23T18:35:25.5828029Z   In file included from /home/runner/work/Yasuagram/Yasuagram/TMessagesProj/jni/voip/libtgvoip/audio/../MediaStreamItf.h:14:
build	Build APK	2026-07-23T18:35:25.5829875Z   /home/runner/work/Yasuagram/Yasuagram/TMessagesProj/jni/voip/libtgvoip/audio/../threading.h:110:8: warning: private field 'maxPriority' is not used [-Wunused-private-field]
build	Build APK	2026-07-23T18:35:25.5831239Z     110 |                 bool maxPriority=false;
build	Build APK	2026-07-23T18:35:25.5831766Z         |                      ^
build	Build APK	2026-07-23T18:35:25.5832220Z   3 warnings generated.
build	Build APK	2026-07-23T18:35:25.5833015Z   [114/2057] Building CXX object CMakeFiles/tgvoip.dir/voip/libtgvoip/os/android/OpenSLEngineWrapper.cpp.o
build	Build APK	2026-07-23T18:35:25.5834550Z   [115/2057] Building CXX object CMakeFiles/tgvoip.dir/voip/libtgvoip/os/android/AudioOutputOpenSLES.cpp.o
build	Build APK	2026-07-23T18:35:25.5836060Z   In file included from /home/runner/work/Yasuagram/Yasuagram/TMessagesProj/jni/voip/libtgvoip/os/android/AudioOutputOpenSLES.cpp:10:
build	Build APK	2026-07-23T18:35:25.5837725Z   In file included from /home/runner/work/Yasuagram/Yasuagram/TMessagesProj/jni/voip/libtgvoip/os/android/AudioOutputOpenSLES.h:13:
build	Build APK	2026-07-23T18:35:25.5839381Z   In file included from /home/runner/work/Yasuagram/Yasuagram/TMessagesProj/jni/voip/libtgvoip/os/android/../../audio/AudioOutput.h:14:
build	Build APK	2026-07-23T18:35:25.5841079Z   In file included from /home/runner/work/Yasuagram/Yasuagram/TMessagesProj/jni/voip/libtgvoip/os/android/../../audio/../MediaStreamItf.h:14:
build	Build APK	2026-07-23T18:35:25.5843071Z   /home/runner/work/Yasuagram/Yasuagram/TMessagesProj/jni/voip/libtgvoip/os/android/../../audio/../threading.h:110:8: warning: private field 'maxPriority' is not used [-Wunused-private-field]
build	Build APK	2026-07-23T18:35:25.5844791Z     110 |                 bool maxPriority=false;
build	Build APK	2026-07-23T18:35:25.5845323Z         |                      ^
build	Build APK	2026-07-23T18:35:25.5845780Z   1 warning generated.
build	Build APK	2026-07-23T18:35:25.5846453Z   [116/2057] Building CXX object CMakeFiles/tgvoip.dir/voip/libtgvoip/OpusDecoder.cpp.o
build	Build APK	2026-07-23T18:35:25.5847697Z   In file included from /home/runner/work/Yasuagram/Yasuagram/TMessagesProj/jni/voip/libtgvoip/OpusDecoder.cpp:7:
build	Build APK	2026-07-23T18:35:25.5849098Z   In file included from /home/runner/work/Yasuagram/Yasuagram/TMessagesProj/jni/voip/libtgvoip/OpusDecoder.h:11:
build	Build APK	2026-07-23T18:35:25.5850511Z   In file included from /home/runner/work/Yasuagram/Yasuagram/TMessagesProj/jni/voip/libtgvoip/MediaStreamItf.h:14:
build	Build APK	2026-07-23T18:35:25.5852271Z   /home/runner/work/Yasuagram/Yasuagram/TMessagesProj/jni/voip/libtgvoip/threading.h:110:8: warning: private field 'maxPriority' is not used [-Wunused-private-field]
build	Build APK	2026-07-23T18:35:25.5853983Z     110 |                 bool maxPriority=false;
build	Build APK	2026-07-23T18:35:25.5854727Z         |                      ^
build	Build APK	2026-07-23T18:35:25.5855171Z   1 warning generated.
build	Build APK	2026-07-23T18:35:25.5855857Z   [117/2057] Building CXX object CMakeFiles/tgvoip.dir/voip/libtgvoip/JitterBuffer.cpp.o
build	Build APK	2026-07-23T18:35:25.5857372Z   In file included from /home/runner/work/Yasuagram/Yasuagram/TMessagesProj/jni/voip/libtgvoip/JitterBuffer.cpp:7:
build	Build APK	2026-07-23T18:35:25.5858833Z   In file included from /home/runner/work/Yasuagram/Yasuagram/TMessagesProj/jni/voip/libtgvoip/VoIPController.h:24:
build	Build APK	2026-07-23T18:35:25.5860302Z   In file included from /home/runner/work/Yasuagram/Yasuagram/TMessagesProj/jni/voip/libtgvoip/video/VideoSource.h:12:
build	Build APK	2026-07-23T18:35:25.5861815Z   In file included from /home/runner/work/Yasuagram/Yasuagram/TMessagesProj/jni/voip/libtgvoip/video/../Buffers.h:19:
build	Build APK	2026-07-23T18:35:25.5863662Z   /home/runner/work/Yasuagram/Yasuagram/TMessagesProj/jni/voip/libtgvoip/video/../threading.h:110:8: warning: private field 'maxPriority' is not used [-Wunused-private-field]
build	Build APK	2026-07-23T18:35:25.5865308Z     110 |                 bool maxPriority=false;
build	Build APK	2026-07-23T18:35:25.5865835Z         |                      ^
build	Build APK	2026-07-23T18:35:25.5866292Z   1 warning generated.
build	Build APK	2026-07-23T18:35:25.5866990Z   [118/2057] Building CXX object CMakeFiles/tgvoip.dir/voip/libtgvoip/EchoCanceller.cpp.o
build	Build APK	2026-07-23T18:35:25.5868290Z   In file included from /home/runner/work/Yasuagram/Yasuagram/TMessagesProj/jni/voip/libtgvoip/EchoCanceller.cpp:12:
build	Build APK	2026-07-23T18:35:25.5869732Z   In file included from /home/runner/work/Yasuagram/Yasuagram/TMessagesProj/jni/voip/libtgvoip/EchoCanceller.h:10:
build	Build APK	2026-07-23T18:35:25.5871498Z   /home/runner/work/Yasuagram/Yasuagram/TMessagesProj/jni/voip/libtgvoip/threading.h:110:8: warning: private field 'maxPriority' is not used [-Wunused-private-field]
build	Build APK	2026-07-23T18:35:25.5872913Z     110 |                 bool maxPriority=false;
build	Build APK	2026-07-23T18:35:25.5873458Z         |                      ^
build	Build APK	2026-07-23T18:35:25.5873917Z   1 warning generated.
build	Build APK	2026-07-23T18:35:25.5874928Z   [119/2057] Building CXX object CMakeFiles/tgvoip.dir/voip/libtgvoip/os/android/AudioInputAndroid.cpp.o
build	Build APK	2026-07-23T18:35:25.5876386Z   In file included from /home/runner/work/Yasuagram/Yasuagram/TMessagesProj/jni/voip/libtgvoip/os/android/AudioInputAndroid.cpp:7:
build	Build APK	2026-07-23T18:35:25.5878054Z   In file included from /home/runner/work/Yasuagram/Yasuagram/TMessagesProj/jni/voip/libtgvoip/os/android/AudioInputAndroid.h:11:
build	Build APK	2026-07-23T18:35:25.5879711Z   In file included from /home/runner/work/Yasuagram/Yasuagram/TMessagesProj/jni/voip/libtgvoip/os/android/../../audio/AudioInput.h:13:
build	Build APK	2026-07-23T18:35:25.5881425Z   In file included from /home/runner/work/Yasuagram/Yasuagram/TMessagesProj/jni/voip/libtgvoip/os/android/../../audio/../MediaStreamItf.h:14:
build	Build APK	2026-07-23T18:35:25.5883476Z   /home/runner/work/Yasuagram/Yasuagram/TMessagesProj/jni/voip/libtgvoip/os/android/../../audio/../threading.h:110:8: warning: private field 'maxPriority' is not used [-Wunused-private-field]
build	Build APK	2026-07-23T18:35:25.5885157Z     110 |                 bool maxPriority=false;
build	Build APK	2026-07-23T18:35:25.5885693Z         |                      ^
build	Build APK	2026-07-23T18:35:25.5886148Z   1 warning generated.
build	Build APK	2026-07-23T18:35:25.5886930Z   [120/2057] Building C object CMakeFiles/tgcalls_tp.dir/third_party/usrsctplib/netinet/sctp_asconf.c.o
build	Build APK	2026-07-23T18:35:25.5888124Z   [121/2057] Building CXX object CMakeFiles/tgvoip.dir/voip/libtgvoip/audio/Resampler.cpp.o
build	Build APK	2026-07-23T18:35:25.5889103Z   [122/2057] Building C object CMakeFiles/sqlite.dir/sqlite/sqlite3.c.o
build	Build APK	2026-07-23T18:35:25.5889826Z   [123/2057] Linking C static library libsqlite.a
build	Build APK	2026-07-23T18:35:25.5890759Z   [124/2057] Building CXX object CMakeFiles/tgvoip.dir/voip/libtgvoip/os/android/AudioOutputAndroid.cpp.o
build	Build APK	2026-07-23T18:35:25.5892220Z   In file included from /home/runner/work/Yasuagram/Yasuagram/TMessagesProj/jni/voip/libtgvoip/os/android/AudioOutputAndroid.cpp:7:
build	Build APK	2026-07-23T18:35:25.5895127Z   /home/runner/work/Yasuagram/Yasuagram/TMessagesProj/jni/voip/libtgvoip/os/android/AudioOutputAndroid.h:20:15: warning: 'Start' overrides a member function but is not marked 'override' [-Winconsistent-missing-override]
build	Build APK	2026-07-23T18:35:25.5896769Z      20 |         virtual void Start();
build	Build APK	2026-07-23T18:35:25.5897526Z         |                      ^
build	Build APK	2026-07-23T18:35:25.5898748Z   /home/runner/work/Yasuagram/Yasuagram/TMessagesProj/jni/voip/libtgvoip/os/android/../../audio/../MediaStreamItf.h:24:15: note: overridden virtual function is here
build	Build APK	2026-07-23T18:35:25.5900045Z      24 |         virtual void Start()=0;
build	Build APK	2026-07-23T18:35:25.5900544Z         |                      ^
build	Build APK	2026-07-23T18:35:25.5901584Z   In file included from /home/runner/work/Yasuagram/Yasuagram/TMessagesProj/jni/voip/libtgvoip/os/android/AudioOutputAndroid.cpp:7:
build	Build APK	2026-07-23T18:35:25.5903757Z   /home/runner/work/Yasuagram/Yasuagram/TMessagesProj/jni/voip/libtgvoip/os/android/AudioOutputAndroid.h:21:15: warning: 'Stop' overrides a member function but is not marked 'override' [-Winconsistent-missing-override]
build	Build APK	2026-07-23T18:35:25.5905589Z      21 |         virtual void Stop();
build	Build APK	2026-07-23T18:35:25.5906078Z         |                      ^
build	Build APK	2026-07-23T18:35:25.5907283Z   /home/runner/work/Yasuagram/Yasuagram/TMessagesProj/jni/voip/libtgvoip/os/android/../../audio/../MediaStreamItf.h:25:15: note: overridden virtual function is here
build	Build APK	2026-07-23T18:35:25.5908583Z      25 |         virtual void Stop()=0;
build	Build APK	2026-07-23T18:35:25.5909061Z         |                      ^
build	Build APK	2026-07-23T18:35:25.5910094Z   In file included from /home/runner/work/Yasuagram/Yasuagram/TMessagesProj/jni/voip/libtgvoip/os/android/AudioOutputAndroid.cpp:7:
build	Build APK	2026-07-23T18:35:25.5911764Z   In file included from /home/runner/work/Yasuagram/Yasuagram/TMessagesProj/jni/voip/libtgvoip/os/android/AudioOutputAndroid.h:11:
build	Build APK	2026-07-23T18:35:25.5913433Z   In file included from /home/runner/work/Yasuagram/Yasuagram/TMessagesProj/jni/voip/libtgvoip/os/android/../../audio/AudioOutput.h:14:
build	Build APK	2026-07-23T18:35:25.5915400Z   In file included from /home/runner/work/Yasuagram/Yasuagram/TMessagesProj/jni/voip/libtgvoip/os/android/../../audio/../MediaStreamItf.h:14:
build	Build APK	2026-07-23T18:35:25.5917831Z   /home/runner/work/Yasuagram/Yasuagram/TMessagesProj/jni/voip/libtgvoip/os/android/../../audio/../threading.h:110:8: warning: private field 'maxPriority' is not used [-Wunused-private-field]
build	Build APK	2026-07-23T18:35:25.5919315Z     110 |                 bool maxPriority=false;
build	Build APK	2026-07-23T18:35:25.5919852Z         |                      ^
build	Build APK	2026-07-23T18:35:25.5920307Z   3 warnings generated.
build	Build APK	2026-07-23T18:35:25.5921023Z   [125/2057] Building CXX object CMakeFiles/tgvoip.dir/voip/libtgvoip/VoIPServerConfig.cpp.o
build	Build APK	2026-07-23T18:35:25.5922328Z   In file included from /home/runner/work/Yasuagram/Yasuagram/TMessagesProj/jni/voip/libtgvoip/VoIPServerConfig.cpp:7:
build	Build APK	2026-07-23T18:35:25.5923819Z   In file included from /home/runner/work/Yasuagram/Yasuagram/TMessagesProj/jni/voip/libtgvoip/VoIPServerConfig.h:13:
build	Build APK	2026-07-23T18:35:25.5961817Z   /home/runner/work/Yasuagram/Yasuagram/TMessagesProj/jni/voip/libtgvoip/threading.h:110:8: warning: private field 'maxPriority' is not used [-Wunused-private-field]
build	Build APK	2026-07-23T18:35:25.5963234Z     110 |                 bool maxPriority=false;
build	Build APK	2026-07-23T18:35:25.5963775Z         |                      ^
build	Build APK	2026-07-23T18:35:25.5964485Z   1 warning generated.
build	Build APK	2026-07-23T18:35:25.5965244Z   [126/2057] Building CXX object CMakeFiles/tgvoip.dir/voip/libtgvoip/CongestionControl.cpp.o
build	Build APK	2026-07-23T18:35:25.5966619Z   In file included from /home/runner/work/Yasuagram/Yasuagram/TMessagesProj/jni/voip/libtgvoip/CongestionControl.cpp:7:
build	Build APK	2026-07-23T18:35:25.5968167Z   In file included from /home/runner/work/Yasuagram/Yasuagram/TMessagesProj/jni/voip/libtgvoip/CongestionControl.h:12:
build	Build APK	2026-07-23T18:35:25.5969982Z   /home/runner/work/Yasuagram/Yasuagram/TMessagesProj/jni/voip/libtgvoip/threading.h:110:8: warning: private field 'maxPriority' is not used [-Wunused-private-field]
build	Build APK	2026-07-23T18:35:25.5971642Z     110 |                 bool maxPriority=false;
build	Build APK	2026-07-23T18:35:25.5972172Z         |                      ^
build	Build APK	2026-07-23T18:35:25.5972611Z   1 warning generated.
build	Build APK	2026-07-23T18:35:25.5973313Z   [127/2057] Building CXX object CMakeFiles/tgvoip.dir/voip/libtgvoip/MessageThread.cpp.o
build	Build APK	2026-07-23T18:35:25.6004994Z   In file included from /home/runner/work/Yasuagram/Yasuagram/TMessagesProj/jni/voip/libtgvoip/MessageThread.cpp:15:
build	Build APK	2026-07-23T18:35:25.6006821Z   In file included from /home/runner/work/Yasuagram/Yasuagram/TMessagesProj/jni/voip/libtgvoip/MessageThread.h:8:
build	Build APK	2026-07-23T18:35:25.6008618Z   /home/runner/work/Yasuagram/Yasuagram/TMessagesProj/jni/voip/libtgvoip/threading.h:110:8: warning: private field 'maxPriority' is not used [-Wunused-private-field]
build	Build APK	2026-07-23T18:35:25.6009970Z     110 |                 bool maxPriority=false;
build	Build APK	2026-07-23T18:35:25.6010498Z         |                      ^
build	Build APK	2026-07-23T18:35:25.6010947Z   1 warning generated.
build	Build APK	2026-07-23T18:35:25.6011676Z   [128/2057] Building CXX object CMakeFiles/tgvoip.dir/voip/libtgvoip/PacketReassembler.cpp.o
build	Build APK	2026-07-23T18:35:25.6013024Z   In file included from /home/runner/work/Yasuagram/Yasuagram/TMessagesProj/jni/voip/libtgvoip/PacketReassembler.cpp:5:
build	Build APK	2026-07-23T18:35:25.6014795Z   In file included from /home/runner/work/Yasuagram/Yasuagram/TMessagesProj/jni/voip/libtgvoip/PacketReassembler.h:12:
build	Build APK	2026-07-23T18:35:25.6016224Z   In file included from /home/runner/work/Yasuagram/Yasuagram/TMessagesProj/jni/voip/libtgvoip/Buffers.h:19:
build	Build APK	2026-07-23T18:35:25.6018369Z   /home/runner/work/Yasuagram/Yasuagram/TMessagesProj/jni/voip/libtgvoip/threading.h:110:8: warning: private field 'maxPriority' is not used [-Wunused-private-field]
build	Build APK	2026-07-23T18:35:25.6019633Z     110 |                 bool maxPriority=false;
build	Build APK	2026-07-23T18:35:25.6020162Z         |                      ^
build	Build APK	2026-07-23T18:35:25.6020599Z   1 warning generated.
build	Build APK	2026-07-23T18:35:25.6021292Z   [129/2057] Building CXX object CMakeFiles/tgvoip.dir/voip/libtgvoip/NetworkSocket.cpp.o
build	Build APK	2026-07-23T18:35:25.6022600Z   In file included from /home/runner/work/Yasuagram/Yasuagram/TMessagesProj/jni/voip/libtgvoip/NetworkSocket.cpp:14:
build	Build APK	2026-07-23T18:35:25.6024389Z   In file included from /home/runner/work/Yasuagram/Yasuagram/TMessagesProj/jni/voip/libtgvoip/os/posix/NetworkSocketPosix.h:11:
build	Build APK	2026-07-23T18:35:25.6026004Z   In file included from /home/runner/work/Yasuagram/Yasuagram/TMessagesProj/jni/voip/libtgvoip/os/posix/../../Buffers.h:19:
build	Build APK	2026-07-23T18:35:25.6027930Z   /home/runner/work/Yasuagram/Yasuagram/TMessagesProj/jni/voip/libtgvoip/os/posix/../../threading.h:110:8: warning: private field 'maxPriority' is not used [-Wunused-private-field]
build	Build APK	2026-07-23T18:35:25.6029379Z     110 |                 bool maxPriority=false;
build	Build APK	2026-07-23T18:35:25.6029917Z         |                      ^
build	Build APK	2026-07-23T18:35:25.6030358Z   1 warning generated.
build	Build APK	2026-07-23T18:35:25.6031024Z   [130/2057] Building CXX object CMakeFiles/tgvoip.dir/voip/libtgvoip/audio/AudioIO.cpp.o
build	Build APK	2026-07-23T18:35:25.6032273Z   In file included from /home/runner/work/Yasuagram/Yasuagram/TMessagesProj/jni/voip/libtgvoip/audio/AudioIO.cpp:19:
build	Build APK	2026-07-23T18:35:25.6043511Z   /home/runner/work/Yasuagram/Yasuagram/TMessagesProj/jni/voip/libtgvoip/audio/../os/android/AudioOutputAndroid.h:20:15: warning: 'Start' overrides a member function but is not marked 'override' [-Winconsistent-missing-override]
build	Build APK	2026-07-23T18:35:25.6048024Z      20 |         virtual void Start();
build	Build APK	2026-07-23T18:35:25.6048539Z         |                      ^
build	Build APK	2026-07-23T18:35:25.6049693Z   /home/runner/work/Yasuagram/Yasuagram/TMessagesProj/jni/voip/libtgvoip/audio/../MediaStreamItf.h:24:15: note: overridden virtual function is here
build	Build APK	2026-07-23T18:35:25.6050886Z      24 |         virtual void Start()=0;
build	Build APK	2026-07-23T18:35:25.6051374Z         |                      ^
build	Build APK	2026-07-23T18:35:25.6052320Z   In file included from /home/runner/work/Yasuagram/Yasuagram/TMessagesProj/jni/voip/libtgvoip/audio/AudioIO.cpp:19:
build	Build APK	2026-07-23T18:35:25.6054729Z   /home/runner/work/Yasuagram/Yasuagram/TMessagesProj/jni/voip/libtgvoip/audio/../os/android/AudioOutputAndroid.h:21:15: warning: 'Stop' overrides a member function but is not marked 'override' [-Winconsistent-missing-override]
build	Build APK	2026-07-23T18:35:25.6056732Z      21 |         virtual void Stop();
build	Build APK	2026-07-23T18:35:25.6057218Z         |                      ^
build	Build APK	2026-07-23T18:35:25.6058356Z   /home/runner/work/Yasuagram/Yasuagram/TMessagesProj/jni/voip/libtgvoip/audio/../MediaStreamItf.h:25:15: note: overridden virtual function is here
build	Build APK	2026-07-23T18:35:25.6059827Z      25 |         virtual void Stop()=0;
build	Build APK	2026-07-23T18:35:25.6060336Z         |                      ^
build	Build APK	2026-07-23T18:35:25.6061273Z   In file included from /home/runner/work/Yasuagram/Yasuagram/TMessagesProj/jni/voip/libtgvoip/audio/AudioIO.cpp:8:
build	Build APK	2026-07-23T18:35:25.6062739Z   In file included from /home/runner/work/Yasuagram/Yasuagram/TMessagesProj/jni/voip/libtgvoip/audio/AudioIO.h:11:
build	Build APK	2026-07-23T18:35:25.6064437Z   In file included from /home/runner/work/Yasuagram/Yasuagram/TMessagesProj/jni/voip/libtgvoip/audio/AudioInput.h:13:
build	Build APK	2026-07-23T18:35:25.6065996Z   In file included from /home/runner/work/Yasuagram/Yasuagram/TMessagesProj/jni/voip/libtgvoip/audio/../MediaStreamItf.h:14:
build	Build APK	2026-07-23T18:35:25.6067883Z   /home/runner/work/Yasuagram/Yasuagram/TMessagesProj/jni/voip/libtgvoip/audio/../threading.h:110:8: warning: private field 'maxPriority' is not used [-Wunused-private-field]
build	Build APK	2026-07-23T18:35:25.6069268Z     110 |                 bool maxPriority=false;
build	Build APK	2026-07-23T18:35:25.6069804Z         |                      ^
build	Build APK	2026-07-23T18:35:25.6070209Z   3 warnings generated.
build	Build APK	2026-07-23T18:35:25.6071016Z   [131/2057] Building CXX object CMakeFiles/tgvoip.dir/voip/libtgvoip/os/posix/NetworkSocketPosix.cpp.o
build	Build APK	2026-07-23T18:35:25.6072483Z   In file included from /home/runner/work/Yasuagram/Yasuagram/TMessagesProj/jni/voip/libtgvoip/os/posix/NetworkSocketPosix.cpp:7:
build	Build APK	2026-07-23T18:35:25.6074697Z   In file included from /home/runner/work/Yasuagram/Yasuagram/TMessagesProj/jni/voip/libtgvoip/os/posix/NetworkSocketPosix.h:11:
build	Build APK	2026-07-23T18:35:25.6076373Z   In file included from /home/runner/work/Yasuagram/Yasuagram/TMessagesProj/jni/voip/libtgvoip/os/posix/../../Buffers.h:19:
build	Build APK	2026-07-23T18:35:25.6078269Z   /home/runner/work/Yasuagram/Yasuagram/TMessagesProj/jni/voip/libtgvoip/os/posix/../../threading.h:110:8: warning: private field 'maxPriority' is not used [-Wunused-private-field]
build	Build APK	2026-07-23T18:35:25.6079638Z     110 |                 bool maxPriority=false;
build	Build APK	2026-07-23T18:35:25.6097687Z         |                      ^
build	Build APK	2026-07-23T18:35:25.6098170Z   1 warning generated.
build	Build APK	2026-07-23T18:35:25.6099115Z   [132/2057] Building CXX object CMakeFiles/openh264.dir/third_party/openh264/src/codec/encoder/core/src/decode_mb_aux.cpp.o
build	Build APK	2026-07-23T18:35:25.6100497Z   [133/2057] Building CXX object CMakeFiles/tgvoip.dir/voip/libtgvoip/video/VideoRenderer.cpp.o
build	Build APK	2026-07-23T18:35:25.6101865Z   In file included from /home/runner/work/Yasuagram/Yasuagram/TMessagesProj/jni/voip/libtgvoip/video/VideoRenderer.cpp:5:
build	Build APK	2026-07-23T18:35:25.6103412Z   In file included from /home/runner/work/Yasuagram/Yasuagram/TMessagesProj/jni/voip/libtgvoip/video/VideoRenderer.h:9:
build	Build APK	2026-07-23T18:35:25.6105172Z   In file included from /home/runner/work/Yasuagram/Yasuagram/TMessagesProj/jni/voip/libtgvoip/video/../Buffers.h:19:
build	Build APK	2026-07-23T18:35:25.6107000Z   /home/runner/work/Yasuagram/Yasuagram/TMessagesProj/jni/voip/libtgvoip/video/../threading.h:110:8: warning: private field 'maxPriority' is not used [-Wunused-private-field]
build	Build APK	2026-07-23T18:35:25.6108422Z     110 |                 bool maxPriority=false;
build	Build APK	2026-07-23T18:35:25.6108948Z         |                      ^
build	Build APK	2026-07-23T18:35:25.6109384Z   1 warning generated.
build	Build APK	2026-07-23T18:35:25.6110075Z   [134/2057] Building CXX object CMakeFiles/tgvoip.dir/voip/libtgvoip/video/VideoSource.cpp.o
build	Build APK	2026-07-23T18:35:25.6111387Z   In file included from /home/runner/work/Yasuagram/Yasuagram/TMessagesProj/jni/voip/libtgvoip/video/VideoSource.cpp:5:
build	Build APK	2026-07-23T18:35:25.6112894Z   In file included from /home/runner/work/Yasuagram/Yasuagram/TMessagesProj/jni/voip/libtgvoip/video/VideoSource.h:12:
build	Build APK	2026-07-23T18:35:25.6114936Z   In file included from /home/runner/work/Yasuagram/Yasuagram/TMessagesProj/jni/voip/libtgvoip/video/../Buffers.h:19:
build	Build APK	2026-07-23T18:35:25.6116792Z   /home/runner/work/Yasuagram/Yasuagram/TMessagesProj/jni/voip/libtgvoip/video/../threading.h:110:8: warning: private field 'maxPriority' is not used [-Wunused-private-field]
build	Build APK	2026-07-23T18:35:25.6118841Z     110 |                 bool maxPriority=false;
build	Build APK	2026-07-23T18:35:25.6119363Z         |                      ^
build	Build APK	2026-07-23T18:35:25.6119789Z   1 warning generated.
build	Build APK	2026-07-23T18:35:25.6120624Z   [135/2057] Building CXX object CMakeFiles/tgvoip.dir/voip/libtgvoip/video/ScreamCongestionController.cpp.o
build	Build APK	2026-07-23T18:35:25.6122440Z   /home/runner/work/Yasuagram/Yasuagram/TMessagesProj/jni/voip/libtgvoip/video/ScreamCongestionController.cpp:23:29: warning: unused variable 'BETA_ECN' [-Wunused-const-variable]
build	Build APK	2026-07-23T18:35:25.6123946Z      23 |         /*static*/ constexpr float BETA_ECN=0.9f;
build	Build APK	2026-07-23T18:35:25.6124860Z         |                                    ^~~~~~~~
build	Build APK	2026-07-23T18:35:25.6126017Z   In file included from /home/runner/work/Yasuagram/Yasuagram/TMessagesProj/jni/voip/libtgvoip/video/ScreamCongestionController.cpp:7:
build	Build APK	2026-07-23T18:35:25.6127755Z   In file included from /home/runner/work/Yasuagram/Yasuagram/TMessagesProj/jni/voip/libtgvoip/video/ScreamCongestionController.h:8:
build	Build APK	2026-07-23T18:35:25.6129354Z   In file included from /home/runner/work/Yasuagram/Yasuagram/TMessagesProj/jni/voip/libtgvoip/video/../Buffers.h:19:
build	Build APK	2026-07-23T18:35:25.6131180Z   /home/runner/work/Yasuagram/Yasuagram/TMessagesProj/jni/voip/libtgvoip/video/../threading.h:110:8: warning: private field 'maxPriority' is not used [-Wunused-private-field]
build	Build APK	2026-07-23T18:35:25.6132580Z     110 |                 bool maxPriority=false;
build	Build APK	2026-07-23T18:35:25.6133100Z         |                      ^
build	Build APK	2026-07-23T18:35:25.6133553Z   2 warnings generated.
build	Build APK	2026-07-23T18:35:25.6134691Z   [136/2057] Building CXX object CMakeFiles/openh264.dir/third_party/openh264/src/codec/encoder/core/src/deblocking.cpp.o
build	Build APK	2026-07-23T18:35:25.6136385Z   In file included from /home/runner/work/Yasuagram/Yasuagram/TMessagesProj/jni/third_party/openh264/src/codec/encoder/core/src/deblocking.cpp:41:
build	Build APK	2026-07-23T18:35:25.6138224Z   In file included from /home/runner/work/Yasuagram/Yasuagram/TMessagesProj/jni/third_party/openh264/src/codec/encoder/core/inc/deblocking.h:44:
build	Build APK	2026-07-23T18:35:25.6140065Z   In file included from /home/runner/work/Yasuagram/Yasuagram/TMessagesProj/jni/third_party/openh264/src/codec/encoder/core/inc/encoder_context.h:45:
build	Build APK	2026-07-23T18:35:25.6142182Z   /home/runner/work/Yasuagram/Yasuagram/TMessagesProj/jni/third_party/openh264/src/codec/encoder/core/inc/param_svc.h:493:26: warning: variable 'pSpatialLayer' set but not used [-Wunused-but-set-variable]
build	Build APK	2026-07-23T18:35:25.6143882Z     493 |     SSpatialLayerConfig* pSpatialLayer = &sSpatialLayers[0];
build	Build APK	2026-07-23T18:35:25.6144782Z         |                          ^
build	Build APK	2026-07-23T18:35:25.6145256Z   1 warning generated.
build	Build APK	2026-07-23T18:35:25.6145953Z   [137/2057] Building CXX object CMakeFiles/tgvoip.dir/voip/libtgvoip/VoIPController.cpp.o
build	Build APK	2026-07-23T18:35:25.6147704Z   /home/runner/work/Yasuagram/Yasuagram/TMessagesProj/jni/voip/libtgvoip/VoIPController.cpp:422:15: warning: unqualified call to 'std::move' [-Wunqualified-std-cast-call]
build	Build APK	2026-07-23T18:35:25.6149043Z     422 |                         Buffer buf(move(s));
build	Build APK	2026-07-23T18:35:25.6149583Z         |                                    ^
build	Build APK	2026-07-23T18:35:25.6150129Z         |                                    std::
build	Build APK	2026-07-23T18:35:25.6151501Z   /home/runner/work/Yasuagram/Yasuagram/TMessagesProj/jni/voip/libtgvoip/VoIPController.cpp:974:13: warning: unqualified call to 'std::move' [-Wunqualified-std-cast-call]
build	Build APK	2026-07-23T18:35:25.6152851Z     974 |         Buffer buf(move(s));
build	Build APK	2026-07-23T18:35:25.6153348Z         |                    ^
build	Build APK	2026-07-23T18:35:25.6153773Z         |                    std::
build	Build APK	2026-07-23T18:35:25.6157619Z   /home/runner/work/Yasuagram/Yasuagram/TMessagesProj/jni/voip/libtgvoip/VoIPController.cpp:1053:28: warning: unqualified call to 'std::move' [-Wunqualified-std-cast-call]
build	Build APK	2026-07-23T18:35:25.6159082Z    1053 |                 ecAudioPackets.push_back(move(ecBuf));
build	Build APK	2026-07-23T18:35:25.6159705Z         |                                          ^
build	Build APK	2026-07-23T18:35:25.6160522Z         |                                          std::
build	Build APK	2026-07-23T18:35:25.6161922Z   /home/runner/work/Yasuagram/Yasuagram/TMessagesProj/jni/voip/libtgvoip/VoIPController.cpp:1069:21: warning: unqualified call to 'std::move' [-Wunqualified-std-cast-call]
build	Build APK	2026-07-23T18:35:25.6163347Z    1069 |                         /*.data=*/Buffer(move(pkt)),
build	Build APK	2026-07-23T18:35:25.6163947Z         |                                          ^
build	Build APK	2026-07-23T18:35:25.6164751Z         |                                          std::
build	Build APK	2026-07-23T18:35:25.6166120Z   /home/runner/work/Yasuagram/Yasuagram/TMessagesProj/jni/voip/libtgvoip/VoIPController.cpp:1075:22: warning: unqualified call to 'std::move' [-Wunqualified-std-cast-call]
build	Build APK	2026-07-23T18:35:25.6167544Z    1075 |         SendOrEnqueuePacket(move(p));
build	Build APK	2026-07-23T18:35:25.6168097Z         |                             ^
build	Build APK	2026-07-23T18:35:25.6168581Z         |                             std::
build	Build APK	2026-07-23T18:35:25.6169914Z   /home/runner/work/Yasuagram/Yasuagram/TMessagesProj/jni/voip/libtgvoip/VoIPController.cpp:1079:28: warning: unqualified call to 'std::move' [-Wunqualified-std-cast-call]
build	Build APK	2026-07-23T18:35:25.6171368Z    1079 |                 ecAudioPackets.push_back(move(ecBuf));
build	Build APK	2026-07-23T18:35:25.6171954Z         |                                          ^
build	Build APK	2026-07-23T18:35:25.6172546Z         |                                          std::
build	Build APK	2026-07-23T18:35:25.6173924Z   /home/runner/work/Yasuagram/Yasuagram/TMessagesProj/jni/voip/libtgvoip/VoIPController.cpp:1096:12: warning: unqualified call to 'std::move' [-Wunqualified-std-cast-call]
build	Build APK	2026-07-23T18:35:25.6197610Z    1096 |                                 Buffer(move(pkt)),
build	Build APK	2026-07-23T18:35:25.6198241Z         |                                        ^
build	Build APK	2026-07-23T18:35:25.6198790Z         |                                        std::
build	Build APK	2026-07-23T18:35:25.6200171Z   /home/runner/work/Yasuagram/Yasuagram/TMessagesProj/jni/voip/libtgvoip/VoIPController.cpp:1099:23: warning: unqualified call to 'std::move' [-Wunqualified-std-cast-call]
build	Build APK	2026-07-23T18:35:25.6201583Z    1099 |                 SendOrEnqueuePacket(move(p));
build	Build APK	2026-07-23T18:35:25.6202169Z         |                                     ^
build	Build APK	2026-07-23T18:35:25.6202704Z         |                                     std::
build	Build APK	2026-07-23T18:35:25.6204061Z   /home/runner/work/Yasuagram/Yasuagram/TMessagesProj/jni/voip/libtgvoip/VoIPController.cpp:1448:23: warning: unqualified call to 'std::move' [-Wunqualified-std-cast-call]
build	Build APK	2026-07-23T18:35:25.6205763Z    1448 |                                         /*.data=*/Buffer(move(out)),
build	Build APK	2026-07-23T18:35:25.6206413Z         |                                                          ^
build	Build APK	2026-07-23T18:35:25.6207030Z         |                                                          std::
build	Build APK	2026-07-23T18:35:25.6208460Z   /home/runner/work/Yasuagram/Yasuagram/TMessagesProj/jni/voip/libtgvoip/VoIPController.cpp:1691:25: warning: unqualified call to 'std::move' [-Wunqualified-std-cast-call]
build	Build APK	2026-07-23T18:35:25.6209926Z    1691 |                                 SendOrEnqueuePacket(move(*opkt), false);
build	Build APK	2026-07-23T18:35:25.6210604Z         |                                                     ^
build	Build APK	2026-07-23T18:35:25.6211197Z         |                                                     std::
build	Build APK	2026-07-23T18:35:25.6212586Z   /home/runner/work/Yasuagram/Yasuagram/TMessagesProj/jni/voip/libtgvoip/VoIPController.cpp:1756:17: warning: unqualified call to 'std::move' [-Wunqualified-std-cast-call]
build	Build APK	2026-07-23T18:35:25.6214017Z    1756 |                                                         Buffer b(move(o));
build	Build APK	2026-07-23T18:35:25.6214916Z         |                                                                  ^
build	Build APK	2026-07-23T18:35:25.6215825Z         |                                                                  std::
build	Build APK	2026-07-23T18:35:25.6217254Z   /home/runner/work/Yasuagram/Yasuagram/TMessagesProj/jni/voip/libtgvoip/VoIPController.cpp:1796:19: warning: unqualified call to 'std::move' [-Wunqualified-std-cast-call]
build	Build APK	2026-07-23T18:35:25.6219358Z    1796 |                                                         Buffer buf(move(pkt));
build	Build APK	2026-07-23T18:35:25.6220064Z         |                                                                    ^
build	Build APK	2026-07-23T18:35:25.6220694Z         |                                                                    std::
build	Build APK	2026-07-23T18:35:25.6222143Z   /home/runner/work/Yasuagram/Yasuagram/TMessagesProj/jni/voip/libtgvoip/VoIPController.cpp:1823:24: warning: variable length arrays in C++ are a Clang extension [-Wvla-cxx-extension]
build	Build APK	2026-07-23T18:35:25.6223712Z    1823 |                 unsigned char aesOut[MSC_STACK_FALLBACK(in.Remaining(), 1500)];
build	Build APK	2026-07-23T18:35:25.6224753Z         |                                      ^~~~~~~~~~~~~~~~~~~~~~~~~~~~~~~~~~~~~~~~
build	Build APK	2026-07-23T18:35:25.6226027Z   /home/runner/work/Yasuagram/Yasuagram/TMessagesProj/jni/voip/libtgvoip/PrivateDefines.h:119:34: note: expanded from macro 'MSC_STACK_FALLBACK'
build	Build APK	2026-07-23T18:35:25.6227247Z     119 | #define MSC_STACK_FALLBACK(a, b) (a)
build	Build APK	2026-07-23T18:35:25.6227808Z         |                                  ^~~
build	Build APK	2026-07-23T18:35:25.6229194Z   /home/runner/work/Yasuagram/Yasuagram/TMessagesProj/jni/voip/libtgvoip/VoIPController.cpp:1823:46: note: non-constexpr function 'Remaining' cannot be used in a constant expression
build	Build APK	2026-07-23T18:35:25.6230776Z    1823 |                 unsigned char aesOut[MSC_STACK_FALLBACK(in.Remaining(), 1500)];
build	Build APK	2026-07-23T18:35:25.6231546Z         |                                                            ^
build	Build APK	2026-07-23T18:35:25.6232594Z   /home/runner/work/Yasuagram/Yasuagram/TMessagesProj/jni/voip/libtgvoip/video/../Buffers.h:34:10: note: declared here
build	Build APK	2026-07-23T18:35:25.6233629Z      34 |                 size_t Remaining();
build	Build APK	2026-07-23T18:35:25.6234320Z         |                        ^
build	Build APK	2026-07-23T18:35:25.6235836Z   /home/runner/work/Yasuagram/Yasuagram/TMessagesProj/jni/voip/libtgvoip/VoIPController.cpp:2120:81: warning: format specifies type 'unsigned int' but the argument has type 'size_type' (aka 'unsigned long') [-Wformat]
build	Build APK	2026-07-23T18:35:25.6238193Z    2120 |                                                 LOGE("!!!!!!!!!!!!!!11 VIDEO FRAME LOSS DETECTED [1] %u of %u fragments", sentVideoFrames[0].unacknowledgedPackets.size(), sentVideoFrames[0].fragmentCount);
build	Build APK	2026-07-23T18:35:25.6239726Z         |                                                                                                      ~~                   ^~~~~~~~~~~~~~~~~~~~~~~~~~~~~~~~~~~~~~~~~~~~~~~
build	Build APK	2026-07-23T18:35:25.6240635Z         |                                                                                                      %zu
build	Build APK	2026-07-23T18:35:25.6241808Z   /home/runner/work/Yasuagram/Yasuagram/TMessagesProj/jni/voip/libtgvoip/logging.h:32:74: note: expanded from macro 'LOGE'
build	Build APK	2026-07-23T18:35:25.6243323Z      32 | #define LOGE(...) {__android_log_print(ANDROID_LOG_ERROR, TAG, _LOG_WRAP(__VA_ARGS__)); tgvoip_log_file_printf('E', __VA_ARGS__);}
build	Build APK	2026-07-23T18:35:25.6244638Z         |                                                                          ^~~~~~~~~~~
build	Build APK	2026-07-23T18:35:25.6245800Z   /home/runner/work/Yasuagram/Yasuagram/TMessagesProj/jni/voip/libtgvoip/logging.h:26:24: note: expanded from macro '_LOG_WRAP'
build	Build APK	2026-07-23T18:35:25.6246886Z      26 | #define _LOG_WRAP(...) __VA_ARGS__
build	Build APK	2026-07-23T18:35:25.6247374Z         |                        ^~~~~~~~~~~
build	Build APK	2026-07-23T18:35:25.6248947Z   /home/runner/work/Yasuagram/Yasuagram/TMessagesProj/jni/voip/libtgvoip/VoIPController.cpp:2129:80: warning: format specifies type 'unsigned int' but the argument has type 'size_type' (aka 'unsigned long') [-Wformat]
build	Build APK	2026-07-23T18:35:25.6251083Z    2129 |                                         LOGE("!!!!!!!!!!!!!!11 VIDEO FRAME LOSS DETECTED [2] %u of %u fragments", f->unacknowledgedPackets.size(), f->fragmentCount);
build	Build APK	2026-07-23T18:35:25.6252620Z         |                                                                                              ~~                   ^~~~~~~~~~~~~~~~~~~~~~~~~~~~~~~
build	Build APK	2026-07-23T18:35:25.6253445Z         |                                                                                              %zu
build	Build APK	2026-07-23T18:35:25.6254987Z   /home/runner/work/Yasuagram/Yasuagram/TMessagesProj/jni/voip/libtgvoip/logging.h:32:74: note: expanded from macro 'LOGE'
build	Build APK	2026-07-23T18:35:25.6256463Z      32 | #define LOGE(...) {__android_log_print(ANDROID_LOG_ERROR, TAG, _LOG_WRAP(__VA_ARGS__)); tgvoip_log_file_printf('E', __VA_ARGS__);}
build	Build APK	2026-07-23T18:35:25.6257518Z         |                                                                          ^~~~~~~~~~~
build	Build APK	2026-07-23T18:35:25.6258629Z   /home/runner/work/Yasuagram/Yasuagram/TMessagesProj/jni/voip/libtgvoip/logging.h:26:24: note: expanded from macro '_LOG_WRAP'
build	Build APK	2026-07-23T18:35:25.6259702Z      26 | #define _LOG_WRAP(...) __VA_ARGS__
build	Build APK	2026-07-23T18:35:25.6260205Z         |                        ^~~~~~~~~~~
build	Build APK	2026-07-23T18:35:25.6261537Z   /home/runner/work/Yasuagram/Yasuagram/TMessagesProj/jni/voip/libtgvoip/VoIPController.cpp:2273:22: warning: unqualified call to 'std::move' [-Wunqualified-std-cast-call]
build	Build APK	2026-07-23T18:35:25.6263002Z    2273 |                                 /*.data=*/Buffer(move(out)),
build	Build APK	2026-07-23T18:35:25.6263631Z         |                                                  ^
build	Build APK	2026-07-23T18:35:25.6264450Z         |                                                  std::
build	Build APK	2026-07-23T18:35:25.6265868Z   /home/runner/work/Yasuagram/Yasuagram/TMessagesProj/jni/voip/libtgvoip/VoIPController.cpp:2505:22: warning: unqualified call to 'std::move' [-Wunqualified-std-cast-call]
build	Build APK	2026-07-23T18:35:25.6267343Z    2505 |                                 /*.data=*/Buffer(move(pkt)),
build	Build APK	2026-07-23T18:35:25.6267962Z         |                                                  ^
build	Build APK	2026-07-23T18:35:25.6268560Z         |                                                  std::
build	Build APK	2026-07-23T18:35:25.6269941Z   /home/runner/work/Yasuagram/Yasuagram/TMessagesProj/jni/voip/libtgvoip/VoIPController.cpp:2646:39: warning: unqualified call to 'std::move' [-Wunqualified-std-cast-call]
build	Build APK	2026-07-23T18:35:25.6271442Z    2646 |                                         stm->codecSpecificData.push_back(move(csd));
build	Build APK	2026-07-23T18:35:25.6272194Z         |                                                                          ^
build	Build APK	2026-07-23T18:35:25.6272870Z         |                                                                          std::
build	Build APK	2026-07-23T18:35:25.6274559Z   /home/runner/work/Yasuagram/Yasuagram/TMessagesProj/jni/voip/libtgvoip/VoIPController.cpp:2784:27: warning: unqualified call to 'std::move' [-Wunqualified-std-cast-call]
build	Build APK	2026-07-23T18:35:25.6275985Z    2784 |                 sendQueue.push_back(move(pkt));
build	Build APK	2026-07-23T18:35:25.6276563Z         |                                     ^
build	Build APK	2026-07-23T18:35:25.6277097Z         |                                     std::
build	Build APK	2026-07-23T18:35:25.6278413Z   /home/runner/work/Yasuagram/Yasuagram/TMessagesProj/jni/voip/libtgvoip/VoIPController.cpp:2845:25: warning: variable length arrays in C++ are a Clang extension [-Wvla-cxx-extension]
build	Build APK	2026-07-23T18:35:25.6279990Z    2845 |                         unsigned char aesOut[MSC_STACK_FALLBACK(inner.GetLength(), 1500)];
build	Build APK	2026-07-23T18:35:25.6280764Z         |                                              ^~~~~~~~~~~~~~~~~~~~~~~~~~~~~~~~~~~~~~~~~~~
build	Build APK	2026-07-23T18:35:25.6282029Z   /home/runner/work/Yasuagram/Yasuagram/TMessagesProj/jni/voip/libtgvoip/PrivateDefines.h:119:34: note: expanded from macro 'MSC_STACK_FALLBACK'
build	Build APK	2026-07-23T18:35:25.6283234Z     119 | #define MSC_STACK_FALLBACK(a, b) (a)
build	Build APK	2026-07-23T18:35:25.6283767Z         |                                  ^~~
build	Build APK	2026-07-23T18:35:25.6285365Z   /home/runner/work/Yasuagram/Yasuagram/TMessagesProj/jni/voip/libtgvoip/VoIPController.cpp:2845:50: note: non-constexpr function 'GetLength' cannot be used in a constant expression
build	Build APK	2026-07-23T18:35:25.6287290Z    2845 |                         unsigned char aesOut[MSC_STACK_FALLBACK(inner.GetLength(), 1500)];
build	Build APK	2026-07-23T18:35:25.6288114Z         |                                                                       ^
build	Build APK	2026-07-23T18:35:25.6289175Z   /home/runner/work/Yasuagram/Yasuagram/TMessagesProj/jni/voip/libtgvoip/video/../Buffers.h:66:10: note: declared here
build	Build APK	2026-07-23T18:35:25.6290450Z      66 |                 size_t GetLength();
build	Build APK	2026-07-23T18:35:25.6290957Z         |                        ^
build	Build APK	2026-07-23T18:35:25.6292311Z   /home/runner/work/Yasuagram/Yasuagram/TMessagesProj/jni/voip/libtgvoip/VoIPController.cpp:2864:25: warning: variable length arrays in C++ are a Clang extension [-Wvla-cxx-extension]
build	Build APK	2026-07-23T18:35:25.6294020Z    2864 |                         unsigned char aesOut[MSC_STACK_FALLBACK(inner.GetLength(), 1500)];
build	Build APK	2026-07-23T18:35:25.6295072Z         |                                              ^~~~~~~~~~~~~~~~~~~~~~~~~~~~~~~~~~~~~~~~~~~
build	Build APK	2026-07-23T18:35:25.6296356Z   /home/runner/work/Yasuagram/Yasuagram/TMessagesProj/jni/voip/libtgvoip/PrivateDefines.h:119:34: note: expanded from macro 'MSC_STACK_FALLBACK'
build	Build APK	2026-07-23T18:35:25.6297576Z     119 | #define MSC_STACK_FALLBACK(a, b) (a)
build	Build APK	2026-07-23T18:35:25.6298112Z         |                                  ^~~
build	Build APK	2026-07-23T18:35:25.6299484Z   /home/runner/work/Yasuagram/Yasuagram/TMessagesProj/jni/voip/libtgvoip/VoIPController.cpp:2864:50: note: non-constexpr function 'GetLength' cannot be used in a constant expression
build	Build APK	2026-07-23T18:35:25.6301106Z    2864 |                         unsigned char aesOut[MSC_STACK_FALLBACK(inner.GetLength(), 1500)];
build	Build APK	2026-07-23T18:35:25.6301920Z         |                                                                       ^
build	Build APK	2026-07-23T18:35:25.6302991Z   /home/runner/work/Yasuagram/Yasuagram/TMessagesProj/jni/voip/libtgvoip/video/../Buffers.h:66:10: note: declared here
build	Build APK	2026-07-23T18:35:25.6304023Z      66 |                 size_t GetLength();
build	Build APK	2026-07-23T18:35:25.6304737Z         |                        ^
build	Build APK	2026-07-23T18:35:25.6306045Z   /home/runner/work/Yasuagram/Yasuagram/TMessagesProj/jni/voip/libtgvoip/VoIPController.cpp:3147:12: warning: unqualified call to 'std::move' [-Wunqualified-std-cast-call]
build	Build APK	2026-07-23T18:35:25.6307399Z    3147 |                 pkt.data=move(b);
build	Build APK	2026-07-23T18:35:25.6307904Z         |                          ^
build	Build APK	2026-07-23T18:35:25.6308376Z         |                          std::
build	Build APK	2026-07-23T18:35:25.6309687Z   /home/runner/work/Yasuagram/Yasuagram/TMessagesProj/jni/voip/libtgvoip/VoIPController.cpp:3156:27: warning: unqualified call to 'std::move' [-Wunqualified-std-cast-call]
build	Build APK	2026-07-23T18:35:25.6311096Z    3156 |                 queuedPackets.push_back(move(pkt));
build	Build APK	2026-07-23T18:35:25.6311686Z         |                                         ^
build	Build APK	2026-07-23T18:35:25.6312240Z         |                                         std::
build	Build APK	2026-07-23T18:35:25.6313611Z   /home/runner/work/Yasuagram/Yasuagram/TMessagesProj/jni/voip/libtgvoip/VoIPController.cpp:3170:12: warning: unqualified call to 'std::move' [-Wunqualified-std-cast-call]
build	Build APK	2026-07-23T18:35:25.6315301Z    3170 |                         x->data=move(data);
build	Build APK	2026-07-23T18:35:25.6315838Z         |                                 ^
build	Build APK	2026-07-23T18:35:25.6316337Z         |                                 std::
build	Build APK	2026-07-23T18:35:25.6317683Z   /home/runner/work/Yasuagram/Yasuagram/TMessagesProj/jni/voip/libtgvoip/VoIPController.cpp:3174:36: warning: unqualified call to 'std::move' [-Wunqualified-std-cast-call]
build	Build APK	2026-07-23T18:35:25.6319157Z    3174 |         UnacknowledgedExtraData xd={type, move(data), 0};
build	Build APK	2026-07-23T18:35:25.6320159Z         |                                           ^
build	Build APK	2026-07-23T18:35:25.6320735Z         |                                           std::
build	Build APK	2026-07-23T18:35:25.6322116Z   /home/runner/work/Yasuagram/Yasuagram/TMessagesProj/jni/voip/libtgvoip/VoIPController.cpp:3175:26: warning: unqualified call to 'std::move' [-Wunqualified-std-cast-call]
build	Build APK	2026-07-23T18:35:25.6323762Z    3175 |         currentExtras.push_back(move(xd));
build	Build APK	2026-07-23T18:35:25.6324498Z         |                                 ^
build	Build APK	2026-07-23T18:35:25.6325021Z         |                                 std::
build	Build APK	2026-07-23T18:35:25.6326365Z   /home/runner/work/Yasuagram/Yasuagram/TMessagesProj/jni/voip/libtgvoip/VoIPController.cpp:3444:23: warning: unqualified call to 'std::move' [-Wunqualified-std-cast-call]
build	Build APK	2026-07-23T18:35:25.6328052Z    3444 |                                         /*.data=*/Buffer(move(pkt)),
build	Build APK	2026-07-23T18:35:25.6328699Z         |                                                          ^
build	Build APK	2026-07-23T18:35:25.6329297Z         |                                                          std::
build	Build APK	2026-07-23T18:35:25.6330688Z   /home/runner/work/Yasuagram/Yasuagram/TMessagesProj/jni/voip/libtgvoip/VoIPController.cpp:3448:24: warning: unqualified call to 'std::move' [-Wunqualified-std-cast-call]
build	Build APK	2026-07-23T18:35:25.6332110Z    3448 |                         SendOrEnqueuePacket(move(p));
build	Build APK	2026-07-23T18:35:25.6332722Z         |                                             ^
build	Build APK	2026-07-23T18:35:25.6333269Z         |                                             std::
build	Build APK	2026-07-23T18:35:25.6334844Z   /home/runner/work/Yasuagram/Yasuagram/TMessagesProj/jni/voip/libtgvoip/VoIPController.cpp:3470:13: warning: unqualified call to 'std::move' [-Wunqualified-std-cast-call]
build	Build APK	2026-07-23T18:35:25.6336205Z    3470 |         Buffer buf(move(os));
build	Build APK	2026-07-23T18:35:25.6336687Z         |                    ^
build	Build APK	2026-07-23T18:35:25.6337125Z         |                    std::
build	Build APK	2026-07-23T18:35:25.6338404Z   /home/runner/work/Yasuagram/Yasuagram/TMessagesProj/jni/voip/libtgvoip/VoIPController.cpp:3492:36: warning: unqualified call to 'std::move' [-Wunqualified-std-cast-call]
build	Build APK	2026-07-23T18:35:25.6339882Z    3492 |                         videoRenderer->DecodeAndDisplay(move(frame), pts);
build	Build APK	2026-07-23T18:35:25.6340595Z         |                                                         ^
build	Build APK	2026-07-23T18:35:25.6341216Z         |                                                         std::
build	Build APK	2026-07-23T18:35:25.6342600Z   /home/runner/work/Yasuagram/Yasuagram/TMessagesProj/jni/voip/libtgvoip/VoIPController.cpp:3796:18: warning: unqualified call to 'std::move' [-Wunqualified-std-cast-call]
build	Build APK	2026-07-23T18:35:25.6344023Z    3796 |                                                 Buffer buf(move(s));
build	Build APK	2026-07-23T18:35:25.6344874Z         |                                                            ^
build	Build APK	2026-07-23T18:35:25.6345471Z         |                                                            std::
build	Build APK	2026-07-23T18:35:25.6346887Z   /home/runner/work/Yasuagram/Yasuagram/TMessagesProj/jni/voip/libtgvoip/VoIPController.cpp:3875:17: warning: unqualified call to 'std::move' [-Wunqualified-std-cast-call]
build	Build APK	2026-07-23T18:35:25.6348305Z    3875 |                                                 /*.data=*/move(buf),
build	Build APK	2026-07-23T18:35:25.6348941Z         |                                                           ^
build	Build APK	2026-07-23T18:35:25.6349553Z         |                                                           std::
build	Build APK	2026-07-23T18:35:25.6350943Z   /home/runner/work/Yasuagram/Yasuagram/TMessagesProj/jni/voip/libtgvoip/VoIPController.cpp:3883:23: warning: unqualified call to 'std::move' [-Wunqualified-std-cast-call]
build	Build APK	2026-07-23T18:35:25.6352367Z    3883 |                 SendOrEnqueuePacket(move(pkt));
build	Build APK	2026-07-23T18:35:25.6352938Z         |                                     ^
build	Build APK	2026-07-23T18:35:25.6353405Z         |                                     std::
build	Build APK	2026-07-23T18:35:25.6354605Z   In file included from /home/runner/work/Yasuagram/Yasuagram/TMessagesProj/jni/voip/libtgvoip/VoIPController.cpp:14:
build	Build APK	2026-07-23T18:35:25.6356083Z   In file included from /home/runner/work/Yasuagram/Yasuagram/TMessagesProj/jni/voip/libtgvoip/VoIPController.h:24:
build	Build APK	2026-07-23T18:35:25.6357552Z   In file included from /home/runner/work/Yasuagram/Yasuagram/TMessagesProj/jni/voip/libtgvoip/video/VideoSource.h:12:
build	Build APK	2026-07-23T18:35:25.6359027Z   In file included from /home/runner/work/Yasuagram/Yasuagram/TMessagesProj/jni/voip/libtgvoip/video/../Buffers.h:19:
build	Build APK	2026-07-23T18:35:25.6361104Z   /home/runner/work/Yasuagram/Yasuagram/TMessagesProj/jni/voip/libtgvoip/video/../threading.h:110:8: warning: private field 'maxPriority' is not used [-Wunused-private-field]
build	Build APK	2026-07-23T18:35:25.6362479Z     110 |                 bool maxPriority=false;
build	Build APK	2026-07-23T18:35:25.6363250Z         |                      ^
build	Build APK	2026-07-23T18:35:25.6363725Z   34 warnings generated.
build	Build APK	2026-07-23T18:35:25.6364826Z   [138/2057] Building CXX object CMakeFiles/openh264.dir/third_party/openh264/src/codec/encoder/core/src/au_set.cpp.o
build	Build APK	2026-07-23T18:35:25.6366422Z   In file included from /home/runner/work/Yasuagram/Yasuagram/TMessagesProj/jni/third_party/openh264/src/codec/encoder/core/src/au_set.cpp:41:
build	Build APK	2026-07-23T18:35:25.6368187Z   In file included from /home/runner/work/Yasuagram/Yasuagram/TMessagesProj/jni/third_party/openh264/src/codec/encoder/core/inc/au_set.h:46:
build	Build APK	2026-07-23T18:35:25.6369987Z   In file included from /home/runner/work/Yasuagram/Yasuagram/TMessagesProj/jni/third_party/openh264/src/codec/encoder/core/inc/paraset_strategy.h:36:
build	Build APK	2026-07-23T18:35:25.6372215Z   /home/runner/work/Yasuagram/Yasuagram/TMessagesProj/jni/third_party/openh264/src/codec/encoder/core/inc/param_svc.h:493:26: warning: variable 'pSpatialLayer' set but not used [-Wunused-but-set-variable]
build	Build APK	2026-07-23T18:35:25.6373915Z     493 |     SSpatialLayerConfig* pSpatialLayer = &sSpatialLayers[0];
build	Build APK	2026-07-23T18:35:25.6374782Z         |                          ^
build	Build APK	2026-07-23T18:35:25.6375252Z   1 warning generated.
build	Build APK	2026-07-23T18:35:25.6376155Z   [139/2057] Building CXX object CMakeFiles/openh264.dir/third_party/openh264/src/codec/encoder/core/src/encode_mb_aux.cpp.o
build	Build APK	2026-07-23T18:35:25.6377567Z   [140/2057] Building CXX object CMakeFiles/tgvoip.dir/voip/libtgvoip/os/android/VideoRendererAndroid.cpp.o
build	Build APK	2026-07-23T18:35:25.6379719Z   /home/runner/work/Yasuagram/Yasuagram/TMessagesProj/jni/voip/libtgvoip/os/android/VideoRendererAndroid.cpp:87:19: warning: moving a temporary object prevents copy elision [-Wpessimizing-move]
build	Build APK	2026-07-23T18:35:25.6381847Z      87 |                 Request request=std::move(queue.GetBlocking());
build	Build APK	2026-07-23T18:35:25.6382683Z         |                                 ^
build	Build APK	2026-07-23T18:35:25.6384053Z   /home/runner/work/Yasuagram/Yasuagram/TMessagesProj/jni/voip/libtgvoip/os/android/VideoRendererAndroid.cpp:87:19: note: remove std::move call here
build	Build APK	2026-07-23T18:35:25.6409122Z      87 |                 Request request=std::move(queue.GetBlocking());
build	Build APK	2026-07-23T18:35:25.6409742Z         |                                 ^~~~~~~~~~                   ~
build	Build APK	2026-07-23T18:35:25.6410802Z   In file included from /home/runner/work/Yasuagram/Yasuagram/TMessagesProj/jni/voip/libtgvoip/os/android/VideoRendererAndroid.cpp:5:
build	Build APK	2026-07-23T18:35:25.6413352Z   In file included from /home/runner/work/Yasuagram/Yasuagram/TMessagesProj/jni/voip/libtgvoip/os/android/VideoRendererAndroid.h:8:
build	Build APK	2026-07-23T18:35:25.6415237Z   In file included from /home/runner/work/Yasuagram/Yasuagram/TMessagesProj/jni/voip/libtgvoip/os/android/../../video/VideoRenderer.h:9:
build	Build APK	2026-07-23T18:35:25.6416854Z   In file included from /home/runner/work/Yasuagram/Yasuagram/TMessagesProj/jni/voip/libtgvoip/os/android/../../video/../Buffers.h:19:
build	Build APK	2026-07-23T18:35:25.6418742Z   /home/runner/work/Yasuagram/Yasuagram/TMessagesProj/jni/voip/libtgvoip/os/android/../../video/../threading.h:110:8: warning: private field 'maxPriority' is not used [-Wunused-private-field]
build	Build APK	2026-07-23T18:35:25.6420249Z     110 |                 bool maxPriority=false;
build	Build APK	2026-07-23T18:35:25.6421171Z         |                      ^
build	Build APK	2026-07-23T18:35:25.6421605Z   2 warnings generated.
build	Build APK	2026-07-23T18:35:25.6422531Z   [141/2057] Building CXX object CMakeFiles/openh264.dir/third_party/openh264/src/codec/encoder/core/src/encoder_data_tables.cpp.o
build	Build APK	2026-07-23T18:35:25.6423959Z   In file included from /home/runner/work/Yasuagram/Yasuagram/TMessagesProj/jni/third_party/openh264/src/codec/encoder/core/src/encoder_data_tables.cpp:35:
build	Build APK	2026-07-23T18:35:25.6426366Z   In file included from /home/runner/work/Yasuagram/Yasuagram/TMessagesProj/jni/third_party/openh264/src/codec/encoder/core/inc/md.h:43:
build	Build APK	2026-07-23T18:35:25.6428021Z   In file included from /home/runner/work/Yasuagram/Yasuagram/TMessagesProj/jni/third_party/openh264/src/codec/encoder/core/inc/svc_motion_estimate.h:44:
build	Build APK	2026-07-23T18:35:25.6429939Z   In file included from /home/runner/work/Yasuagram/Yasuagram/TMessagesProj/jni/third_party/openh264/src/codec/encoder/core/inc/encoder_context.h:45:
build	Build APK	2026-07-23T18:35:25.6441084Z   /home/runner/work/Yasuagram/Yasuagram/TMessagesProj/jni/third_party/openh264/src/codec/encoder/core/inc/param_svc.h:493:26: warning: variable 'pSpatialLayer' set but not used [-Wunused-but-set-variable]
build	Build APK	2026-07-23T18:35:25.6442856Z     493 |     SSpatialLayerConfig* pSpatialLayer = &sSpatialLayers[0];
build	Build APK	2026-07-23T18:35:25.6443525Z         |                          ^
build	Build APK	2026-07-23T18:35:25.6444014Z   1 warning generated.
build	Build APK	2026-07-23T18:35:25.6444971Z   [142/2057] Building CXX object CMakeFiles/tgvoip.dir/voip/libtgvoip/json11.cpp.o
build	Build APK	2026-07-23T18:35:25.6446552Z   /home/runner/work/Yasuagram/Yasuagram/TMessagesProj/jni/voip/libtgvoip/json11.cpp:204:54: warning: unqualified call to 'std::move' [-Wunqualified-std-cast-call]
build	Build APK	2026-07-23T18:35:25.6448080Z     204 |     explicit JsonString(string &&value)      : Value(move(value)) {}
build	Build APK	2026-07-23T18:35:25.6448851Z         |                                                      ^
build	Build APK	2026-07-23T18:35:25.6449463Z         |                                                      std::
build	Build APK	2026-07-23T18:35:25.6450829Z   /home/runner/work/Yasuagram/Yasuagram/TMessagesProj/jni/voip/libtgvoip/json11.cpp:212:58: warning: unqualified call to 'std::move' [-Wunqualified-std-cast-call]
build	Build APK	2026-07-23T18:35:25.6452373Z     212 |     explicit JsonArray(Json::array &&value)      : Value(move(value)) {}
build	Build APK	2026-07-23T18:35:25.6453191Z         |                                                          ^
build	Build APK	2026-07-23T18:35:25.6453829Z         |                                                          std::
build	Build APK	2026-07-23T18:35:25.6455506Z   /home/runner/work/Yasuagram/Yasuagram/TMessagesProj/jni/voip/libtgvoip/json11.cpp:220:60: warning: unqualified call to 'std::move' [-Wunqualified-std-cast-call]
build	Build APK	2026-07-23T18:35:25.6457066Z     220 |     explicit JsonObject(Json::object &&value)      : Value(move(value)) {}
build	Build APK	2026-07-23T18:35:25.6457893Z         |                                                            ^
build	Build APK	2026-07-23T18:35:25.6458535Z         |                                                            std::
build	Build APK	2026-07-23T18:35:25.6459924Z   /home/runner/work/Yasuagram/Yasuagram/TMessagesProj/jni/voip/libtgvoip/json11.cpp:262:72: warning: unqualified call to 'std::move' [-Wunqualified-std-cast-call]
build	Build APK	2026-07-23T18:35:25.6461506Z     262 | Json::Json(string &&value)             : m_ptr(make_shared<JsonString>(move(value))) {}
build	Build APK	2026-07-23T18:35:25.6462359Z         |                                                                        ^
build	Build APK	2026-07-23T18:35:25.6463041Z         |                                                                        std::
build	Build APK	2026-07-23T18:35:25.6464701Z   /home/runner/work/Yasuagram/Yasuagram/TMessagesProj/jni/voip/libtgvoip/json11.cpp:265:71: warning: unqualified call to 'std::move' [-Wunqualified-std-cast-call]
build	Build APK	2026-07-23T18:35:25.6466177Z     265 | Json::Json(Json::array &&values)       : m_ptr(make_shared<JsonArray>(move(values))) {}
build	Build APK	2026-07-23T18:35:25.6466956Z         |                                                                       ^
build	Build APK	2026-07-23T18:35:25.6467543Z         |                                                                       std::
build	Build APK	2026-07-23T18:35:25.6468823Z   /home/runner/work/Yasuagram/Yasuagram/TMessagesProj/jni/voip/libtgvoip/json11.cpp:267:72: warning: unqualified call to 'std::move' [-Wunqualified-std-cast-call]
build	Build APK	2026-07-23T18:35:25.6470255Z     267 | Json::Json(Json::object &&values)      : m_ptr(make_shared<JsonObject>(move(values))) {}
build	Build APK	2026-07-23T18:35:25.6471049Z         |                                                                        ^
build	Build APK	2026-07-23T18:35:25.6472068Z         |                                                                        std::
build	Build APK	2026-07-23T18:35:25.6473494Z   /home/runner/work/Yasuagram/Yasuagram/TMessagesProj/jni/voip/libtgvoip/json11.cpp:365:21: warning: unqualified call to 'std::move' [-Wunqualified-std-cast-call]
build	Build APK	2026-07-23T18:35:25.6475467Z     365 |         return fail(move(msg), Json());
build	Build APK	2026-07-23T18:35:25.6476019Z         |                     ^
build	Build APK	2026-07-23T18:35:25.6476467Z         |                     std::
build	Build APK	2026-07-23T18:35:25.6477695Z   /home/runner/work/Yasuagram/Yasuagram/TMessagesProj/jni/voip/libtgvoip/json11.cpp:157:46: warning: unqualified call to 'std::move' [-Wunqualified-std-cast-call]
build	Build APK	2026-07-23T18:35:25.6479040Z     157 |     explicit Value(T &&value)      : m_value(move(value)) {}
build	Build APK	2026-07-23T18:35:25.6479645Z         |                                              ^
build	Build APK	2026-07-23T18:35:25.6480181Z         |                                              std::
build	Build APK	2026-07-23T18:35:25.6481706Z   /home/runner/work/Yasuagram/Yasuagram/TMessagesProj/jni/voip/libtgvoip/json11.cpp:204:48: note: in instantiation of member function 'json11::Value<json11::Json::STRING, std::string>::Value' requested here
build	Build APK	2026-07-23T18:35:25.6483341Z     204 |     explicit JsonString(string &&value)      : Value(move(value)) {}
build	Build APK	2026-07-23T18:35:25.6484036Z         |                                                ^
build	Build APK	2026-07-23T18:35:25.6485860Z   /home/runner/work/Yasuagram/Yasuagram/TMessagesProj/jni/voip/libtgvoip/json11.cpp:157:46: warning: unqualified call to 'std::move' [-Wunqualified-std-cast-call]
build	Build APK	2026-07-23T18:35:25.6487257Z     157 |     explicit Value(T &&value)      : m_value(move(value)) {}
build	Build APK	2026-07-23T18:35:25.6487895Z         |                                              ^
build	Build APK	2026-07-23T18:35:25.6488453Z         |                                              std::
build	Build APK	2026-07-23T18:35:25.6490056Z   /home/runner/work/Yasuagram/Yasuagram/TMessagesProj/jni/voip/libtgvoip/json11.cpp:212:52: note: in instantiation of member function 'json11::Value<json11::Json::ARRAY, std::vector<json11::Json>>::Value' requested here
build	Build APK	2026-07-23T18:35:25.6491832Z     212 |     explicit JsonArray(Json::array &&value)      : Value(move(value)) {}
build	Build APK	2026-07-23T18:35:25.6492589Z         |                                                    ^
build	Build APK	2026-07-23T18:35:25.6493951Z   /home/runner/work/Yasuagram/Yasuagram/TMessagesProj/jni/voip/libtgvoip/json11.cpp:157:46: warning: unqualified call to 'std::move' [-Wunqualified-std-cast-call]
build	Build APK	2026-07-23T18:35:25.6495598Z     157 |     explicit Value(T &&value)      : m_value(move(value)) {}
build	Build APK	2026-07-23T18:35:25.6496253Z         |                                              ^
build	Build APK	2026-07-23T18:35:25.6496786Z         |                                              std::
build	Build APK	2026-07-23T18:35:25.6498387Z   /home/runner/work/Yasuagram/Yasuagram/TMessagesProj/jni/voip/libtgvoip/json11.cpp:220:54: note: in instantiation of member function 'json11::Value<json11::Json::OBJECT, std::map<std::string, json11::Json>>::Value' requested here
build	Build APK	2026-07-23T18:35:25.6500242Z     220 |     explicit JsonObject(Json::object &&value)      : Value(move(value)) {}
build	Build APK	2026-07-23T18:35:25.6501002Z         |                                                      ^
build	Build APK	2026-07-23T18:35:25.6502294Z   /home/runner/work/Yasuagram/Yasuagram/TMessagesProj/jni/voip/libtgvoip/json11.cpp:157:46: warning: unqualified call to 'std::move' [-Wunqualified-std-cast-call]
build	Build APK	2026-07-23T18:35:25.6503672Z     157 |     explicit Value(T &&value)      : m_value(move(value)) {}
build	Build APK	2026-07-23T18:35:25.6504790Z         |                                              ^
build	Build APK	2026-07-23T18:35:25.6505343Z         |                                              std::
build	Build APK	2026-07-23T18:35:25.6506868Z   /home/runner/work/Yasuagram/Yasuagram/TMessagesProj/jni/voip/libtgvoip/json11.cpp:225:18: note: in instantiation of member function 'json11::Value<json11::Json::NUL, json11::NullStruct>::Value' requested here
build	Build APK	2026-07-23T18:35:25.6508381Z     225 |     JsonNull() : Value({}) {}
build	Build APK	2026-07-23T18:35:25.6509182Z         |                  ^
build	Build APK	2026-07-23T18:35:25.6509595Z   11 warnings generated.
build	Build APK	2026-07-23T18:35:25.6510408Z   [143/2057] Building CXX object CMakeFiles/tgvoip.dir/voip/libtgvoip/os/android/VideoSourceAndroid.cpp.o
build	Build APK	2026-07-23T18:35:25.6511857Z   In file included from /home/runner/work/Yasuagram/Yasuagram/TMessagesProj/jni/voip/libtgvoip/os/android/VideoSourceAndroid.cpp:5:
build	Build APK	2026-07-23T18:35:25.6513674Z   In file included from /home/runner/work/Yasuagram/Yasuagram/TMessagesProj/jni/voip/libtgvoip/os/android/VideoSourceAndroid.h:8:
build	Build APK	2026-07-23T18:35:25.6515572Z   In file included from /home/runner/work/Yasuagram/Yasuagram/TMessagesProj/jni/voip/libtgvoip/os/android/../../video/VideoSource.h:12:
build	Build APK	2026-07-23T18:35:25.6517270Z   In file included from /home/runner/work/Yasuagram/Yasuagram/TMessagesProj/jni/voip/libtgvoip/os/android/../../video/../Buffers.h:19:
build	Build APK	2026-07-23T18:35:25.6519298Z   /home/runner/work/Yasuagram/Yasuagram/TMessagesProj/jni/voip/libtgvoip/os/android/../../video/../threading.h:110:8: warning: private field 'maxPriority' is not used [-Wunused-private-field]
build	Build APK	2026-07-23T18:35:25.6520673Z     110 |                 bool maxPriority=false;
build	Build APK	2026-07-23T18:35:25.6521134Z         |                      ^
build	Build APK	2026-07-23T18:35:25.6521556Z   1 warning generated.
build	Build APK	2026-07-23T18:35:25.6522339Z   [144/2057] Building CXX object CMakeFiles/openh264.dir/third_party/openh264/src/codec/encoder/core/src/encoder.cpp.o
build	Build APK	2026-07-23T18:35:25.6523919Z   In file included from /home/runner/work/Yasuagram/Yasuagram/TMessagesProj/jni/third_party/openh264/src/codec/encoder/core/src/encoder.cpp:40:
build	Build APK	2026-07-23T18:35:25.6525896Z   In file included from /home/runner/work/Yasuagram/Yasuagram/TMessagesProj/jni/third_party/openh264/src/codec/encoder/core/inc/encoder.h:43:
build	Build APK	2026-07-23T18:35:25.6527726Z   In file included from /home/runner/work/Yasuagram/Yasuagram/TMessagesProj/jni/third_party/openh264/src/codec/encoder/core/inc/encoder_context.h:45:
build	Build APK	2026-07-23T18:35:25.6529891Z   /home/runner/work/Yasuagram/Yasuagram/TMessagesProj/jni/third_party/openh264/src/codec/encoder/core/inc/param_svc.h:493:26: warning: variable 'pSpatialLayer' set but not used [-Wunused-but-set-variable]
build	Build APK	2026-07-23T18:35:25.6531417Z     493 |     SSpatialLayerConfig* pSpatialLayer = &sSpatialLayers[0];
build	Build APK	2026-07-23T18:35:25.6532041Z         |                          ^
build	Build APK	2026-07-23T18:35:25.6532501Z   1 warning generated.
build	Build APK	2026-07-23T18:35:25.6533294Z   [145/2057] Building CXX object CMakeFiles/openh264.dir/third_party/openh264/src/codec/encoder/core/src/mv_pred.cpp.o
build	Build APK	2026-07-23T18:35:25.6534898Z   [146/2057] Building CXX object CMakeFiles/openh264.dir/third_party/openh264/src/codec/encoder/core/src/nal_encap.cpp.o
build	Build APK	2026-07-23T18:35:25.6536408Z   [147/2057] Building CXX object CMakeFiles/openh264.dir/third_party/openh264/src/codec/encoder/core/src/get_intra_predictor.cpp.o
build	Build APK	2026-07-23T18:35:25.6537652Z   [148/2057] Building CXX object CMakeFiles/tgvoip.dir/voip/tg_voip_jni.cpp.o
build	Build APK	2026-07-23T18:35:25.6538729Z   In file included from /home/runner/work/Yasuagram/Yasuagram/TMessagesProj/jni/voip/tg_voip_jni.cpp:17:
build	Build APK	2026-07-23T18:35:25.6540719Z   /home/runner/work/Yasuagram/Yasuagram/TMessagesProj/jni/voip/libtgvoip/os/android/AudioOutputAndroid.h:20:15: warning: 'Start' overrides a member function but is not marked 'override' [-Winconsistent-missing-override]
build	Build APK	2026-07-23T18:35:25.6542335Z      20 |         virtual void Start();
build	Build APK	2026-07-23T18:35:25.6542815Z         |                      ^
build	Build APK	2026-07-23T18:35:25.6543934Z   /home/runner/work/Yasuagram/Yasuagram/TMessagesProj/jni/voip/libtgvoip/audio/../MediaStreamItf.h:24:15: note: overridden virtual function is here
build	Build APK	2026-07-23T18:35:25.6545361Z      24 |         virtual void Start()=0;
build	Build APK	2026-07-23T18:35:25.6545847Z         |                      ^
build	Build APK	2026-07-23T18:35:25.6546698Z   In file included from /home/runner/work/Yasuagram/Yasuagram/TMessagesProj/jni/voip/tg_voip_jni.cpp:17:
build	Build APK	2026-07-23T18:35:25.6548678Z   /home/runner/work/Yasuagram/Yasuagram/TMessagesProj/jni/voip/libtgvoip/os/android/AudioOutputAndroid.h:21:15: warning: 'Stop' overrides a member function but is not marked 'override' [-Winconsistent-missing-override]
build	Build APK	2026-07-23T18:35:25.6550560Z      21 |         virtual void Stop();
build	Build APK	2026-07-23T18:35:25.6551031Z         |                      ^
build	Build APK	2026-07-23T18:35:25.6552126Z   /home/runner/work/Yasuagram/Yasuagram/TMessagesProj/jni/voip/libtgvoip/audio/../MediaStreamItf.h:25:15: note: overridden virtual function is here
build	Build APK	2026-07-23T18:35:25.6553483Z      25 |         virtual void Stop()=0;
build	Build APK	2026-07-23T18:35:25.6553956Z         |                      ^
build	Build APK	2026-07-23T18:35:25.6555281Z   In file included from /home/runner/work/Yasuagram/Yasuagram/TMessagesProj/jni/voip/tg_voip_jni.cpp:22:
build	Build APK	2026-07-23T18:35:25.6556712Z   /home/runner/work/Yasuagram/Yasuagram/TMessagesProj/jni/voip/../c_utils.h:9:9: warning: 'LOGI' macro redefined [-Wmacro-redefined]
build	Build APK	2026-07-23T18:35:25.6557944Z       9 | #define LOGI(...) __android_log_print(ANDROID_LOG_INFO, LOG_TAG, __VA_ARGS__)
build	Build APK	2026-07-23T18:35:25.6558609Z         |         ^
build	Build APK	2026-07-23T18:35:25.6559504Z   /home/runner/work/Yasuagram/Yasuagram/TMessagesProj/jni/voip/libtgvoip/logging.h:30:9: note: previous definition is here
build	Build APK	2026-07-23T18:35:25.6561022Z      30 | #define LOGI(...) {__android_log_print(ANDROID_LOG_INFO, TAG, _LOG_WRAP(__VA_ARGS__)); tgvoip_log_file_printf('I', __VA_ARGS__);}
build	Build APK	2026-07-23T18:35:25.6561999Z         |         ^
build	Build APK	2026-07-23T18:35:25.6562791Z   In file included from /home/runner/work/Yasuagram/Yasuagram/TMessagesProj/jni/voip/tg_voip_jni.cpp:22:
build	Build APK	2026-07-23T18:35:25.6564515Z   /home/runner/work/Yasuagram/Yasuagram/TMessagesProj/jni/voip/../c_utils.h:10:9: warning: 'LOGD' macro redefined [-Wmacro-redefined]
build	Build APK	2026-07-23T18:35:25.6565770Z      10 | #define LOGD(...) __android_log_print(ANDROID_LOG_DEBUG, LOG_TAG, __VA_ARGS__)
build	Build APK	2026-07-23T18:35:25.6566455Z         |         ^
build	Build APK	2026-07-23T18:35:25.6567371Z   /home/runner/work/Yasuagram/Yasuagram/TMessagesProj/jni/voip/libtgvoip/logging.h:29:9: note: previous definition is here
build	Build APK	2026-07-23T18:35:25.6568907Z      29 | #define LOGD(...) {__android_log_print(ANDROID_LOG_DEBUG, TAG, _LOG_WRAP(__VA_ARGS__)); tgvoip_log_file_printf('D', __VA_ARGS__);}
build	Build APK	2026-07-23T18:35:25.6569863Z         |         ^
build	Build APK	2026-07-23T18:35:25.6570624Z   In file included from /home/runner/work/Yasuagram/Yasuagram/TMessagesProj/jni/voip/tg_voip_jni.cpp:22:
build	Build APK	2026-07-23T18:35:25.6572047Z   /home/runner/work/Yasuagram/Yasuagram/TMessagesProj/jni/voip/../c_utils.h:11:9: warning: 'LOGE' macro redefined [-Wmacro-redefined]
build	Build APK	2026-07-23T18:35:25.6573325Z      11 | #define LOGE(...) __android_log_print(ANDROID_LOG_ERROR, LOG_TAG, __VA_ARGS__)
build	Build APK	2026-07-23T18:35:25.6574010Z         |         ^
build	Build APK	2026-07-23T18:35:25.6575124Z   /home/runner/work/Yasuagram/Yasuagram/TMessagesProj/jni/voip/libtgvoip/logging.h:32:9: note: previous definition is here
build	Build APK	2026-07-23T18:35:25.6576613Z      32 | #define LOGE(...) {__android_log_print(ANDROID_LOG_ERROR, TAG, _LOG_WRAP(__VA_ARGS__)); tgvoip_log_file_printf('E', __VA_ARGS__);}
build	Build APK	2026-07-23T18:35:25.6577562Z         |         ^
build	Build APK	2026-07-23T18:35:25.6578334Z   In file included from /home/runner/work/Yasuagram/Yasuagram/TMessagesProj/jni/voip/tg_voip_jni.cpp:22:
build	Build APK	2026-07-23T18:35:25.6579745Z   /home/runner/work/Yasuagram/Yasuagram/TMessagesProj/jni/voip/../c_utils.h:12:9: warning: 'LOGV' macro redefined [-Wmacro-redefined]
build	Build APK	2026-07-23T18:35:25.6581014Z      12 | #define LOGV(...) __android_log_print(ANDROID_LOG_VERBOSE, LOG_TAG, __VA_ARGS__)
build	Build APK	2026-07-23T18:35:25.6581732Z         |         ^
build	Build APK	2026-07-23T18:35:25.6582637Z   /home/runner/work/Yasuagram/Yasuagram/TMessagesProj/jni/voip/libtgvoip/logging.h:28:9: note: previous definition is here
build	Build APK	2026-07-23T18:35:25.6584375Z      28 | #define LOGV(...) {__android_log_print(ANDROID_LOG_VERBOSE, TAG, _LOG_WRAP(__VA_ARGS__)); tgvoip_log_file_printf('V', __VA_ARGS__);}
build	Build APK	2026-07-23T18:35:25.6585369Z         |         ^
build	Build APK	2026-07-23T18:35:25.6586146Z   In file included from /home/runner/work/Yasuagram/Yasuagram/TMessagesProj/jni/voip/tg_voip_jni.cpp:12:
build	Build APK	2026-07-23T18:35:25.6587483Z   In file included from /home/runner/work/Yasuagram/Yasuagram/TMessagesProj/jni/voip/libtgvoip/VoIPServerConfig.h:13:
build	Build APK	2026-07-23T18:35:25.6589488Z   /home/runner/work/Yasuagram/Yasuagram/TMessagesProj/jni/voip/libtgvoip/threading.h:110:8: warning: private field 'maxPriority' is not used [-Wunused-private-field]
build	Build APK	2026-07-23T18:35:25.6590816Z     110 |                 bool maxPriority=false;
build	Build APK	2026-07-23T18:35:25.6591506Z         |                      ^
build	Build APK	2026-07-23T18:35:25.6591957Z   7 warnings generated.
build	Build APK	2026-07-23T18:35:25.6592417Z   [149/2057] Linking CXX static library libtgvoip.a
build	Build APK	2026-07-23T18:35:25.6593517Z   [150/2057] Building CXX object CMakeFiles/openh264.dir/third_party/openh264/src/codec/encoder/core/src/picture_handle.cpp.o
build	Build APK	2026-07-23T18:35:25.6595415Z   In file included from /home/runner/work/Yasuagram/Yasuagram/TMessagesProj/jni/third_party/openh264/src/codec/encoder/core/src/picture_handle.cpp:40:
build	Build APK	2026-07-23T18:35:25.6597291Z   In file included from /home/runner/work/Yasuagram/Yasuagram/TMessagesProj/jni/third_party/openh264/src/codec/encoder/core/inc/svc_motion_estimate.h:44:
build	Build APK	2026-07-23T18:35:25.6599199Z   In file included from /home/runner/work/Yasuagram/Yasuagram/TMessagesProj/jni/third_party/openh264/src/codec/encoder/core/inc/encoder_context.h:45:
build	Build APK	2026-07-23T18:35:25.6601430Z   /home/runner/work/Yasuagram/Yasuagram/TMessagesProj/jni/third_party/openh264/src/codec/encoder/core/inc/param_svc.h:493:26: warning: variable 'pSpatialLayer' set but not used [-Wunused-but-set-variable]
build	Build APK	2026-07-23T18:35:25.6603150Z     493 |     SSpatialLayerConfig* pSpatialLayer = &sSpatialLayers[0];
build	Build APK	2026-07-23T18:35:25.6603787Z         |                          ^
build	Build APK	2026-07-23T18:35:25.6604456Z   1 warning generated.
build	Build APK	2026-07-23T18:35:25.6605281Z   [151/2057] Building CXX object CMakeFiles/openh264.dir/third_party/openh264/src/codec/encoder/core/src/md.cpp.o
build	Build APK	2026-07-23T18:35:25.6606772Z   In file included from /home/runner/work/Yasuagram/Yasuagram/TMessagesProj/jni/third_party/openh264/src/codec/encoder/core/src/md.cpp:42:
build	Build APK	2026-07-23T18:35:25.6608413Z   In file included from /home/runner/work/Yasuagram/Yasuagram/TMessagesProj/jni/third_party/openh264/src/codec/encoder/core/inc/md.h:43:
build	Build APK	2026-07-23T18:35:25.6610210Z   In file included from /home/runner/work/Yasuagram/Yasuagram/TMessagesProj/jni/third_party/openh264/src/codec/encoder/core/inc/svc_motion_estimate.h:44:
build	Build APK	2026-07-23T18:35:25.6612097Z   In file included from /home/runner/work/Yasuagram/Yasuagram/TMessagesProj/jni/third_party/openh264/src/codec/encoder/core/inc/encoder_context.h:45:
build	Build APK	2026-07-23T18:35:25.6614523Z   /home/runner/work/Yasuagram/Yasuagram/TMessagesProj/jni/third_party/openh264/src/codec/encoder/core/inc/param_svc.h:493:26: warning: variable 'pSpatialLayer' set but not used [-Wunused-but-set-variable]
build	Build APK	2026-07-23T18:35:25.6616249Z     493 |     SSpatialLayerConfig* pSpatialLayer = &sSpatialLayers[0];
build	Build APK	2026-07-23T18:35:25.6616901Z         |                          ^
build	Build APK	2026-07-23T18:35:25.6617358Z   1 warning generated.
build	Build APK	2026-07-23T18:35:25.6618297Z   [152/2057] Building CXX object CMakeFiles/openh264.dir/third_party/openh264/src/codec/encoder/core/src/paraset_strategy.cpp.o
build	Build APK	2026-07-23T18:35:25.6620047Z   In file included from /home/runner/work/Yasuagram/Yasuagram/TMessagesProj/jni/third_party/openh264/src/codec/encoder/core/src/paraset_strategy.cpp:33:
build	Build APK	2026-07-23T18:35:25.6621836Z   In file included from /home/runner/work/Yasuagram/Yasuagram/TMessagesProj/jni/third_party/openh264/src/codec/encoder/core/inc/au_set.h:46:
build	Build APK	2026-07-23T18:35:25.6623628Z   In file included from /home/runner/work/Yasuagram/Yasuagram/TMessagesProj/jni/third_party/openh264/src/codec/encoder/core/inc/paraset_strategy.h:36:
build	Build APK	2026-07-23T18:35:25.6626015Z   /home/runner/work/Yasuagram/Yasuagram/TMessagesProj/jni/third_party/openh264/src/codec/encoder/core/inc/param_svc.h:493:26: warning: variable 'pSpatialLayer' set but not used [-Wunused-but-set-variable]
build	Build APK	2026-07-23T18:35:25.6627692Z     493 |     SSpatialLayerConfig* pSpatialLayer = &sSpatialLayers[0];
build	Build APK	2026-07-23T18:35:25.6628343Z         |                          ^
build	Build APK	2026-07-23T18:35:25.6628792Z   1 warning generated.
build	Build APK	2026-07-23T18:35:25.6629913Z   [153/2057] Building CXX object CMakeFiles/openh264.dir/third_party/openh264/src/codec/encoder/core/src/sample.cpp.o
build	Build APK	2026-07-23T18:35:25.6631315Z   [154/2057] Building CXX object CMakeFiles/openh264.dir/third_party/openh264/src/codec/encoder/core/src/ratectl.cpp.o
build	Build APK	2026-07-23T18:35:25.6632918Z   In file included from /home/runner/work/Yasuagram/Yasuagram/TMessagesProj/jni/third_party/openh264/src/codec/encoder/core/src/ratectl.cpp:45:
build	Build APK	2026-07-23T18:35:25.6635112Z   In file included from /home/runner/work/Yasuagram/Yasuagram/TMessagesProj/jni/third_party/openh264/src/codec/encoder/core/inc/encoder_context.h:45:
build	Build APK	2026-07-23T18:35:25.6637347Z   /home/runner/work/Yasuagram/Yasuagram/TMessagesProj/jni/third_party/openh264/src/codec/encoder/core/inc/param_svc.h:493:26: warning: variable 'pSpatialLayer' set but not used [-Wunused-but-set-variable]
build	Build APK	2026-07-23T18:35:25.6639065Z     493 |     SSpatialLayerConfig* pSpatialLayer = &sSpatialLayers[0];
build	Build APK	2026-07-23T18:35:25.6639818Z         |                          ^
build	Build APK	2026-07-23T18:35:25.6641316Z   /home/runner/work/Yasuagram/Yasuagram/TMessagesProj/jni/third_party/openh264/src/codec/encoder/core/src/ratectl.cpp:494:13: warning: variable 'iDeltaQpTemporal' set but not used [-Wunused-but-set-variable]
build	Build APK	2026-07-23T18:35:25.6642929Z     494 |     int32_t iDeltaQpTemporal = iTl - iTlLast;
build	Build APK	2026-07-23T18:35:25.6643459Z         |             ^
build	Build APK	2026-07-23T18:35:25.6643837Z   2 warnings generated.
build	Build APK	2026-07-23T18:35:25.6644920Z   [155/2057] Building CXX object CMakeFiles/openh264.dir/third_party/openh264/src/codec/encoder/core/src/encoder_ext.cpp.o
build	Build APK	2026-07-23T18:35:25.6646573Z   In file included from /home/runner/work/Yasuagram/Yasuagram/TMessagesProj/jni/third_party/openh264/src/codec/encoder/core/src/encoder_ext.cpp:41:
build	Build APK	2026-07-23T18:35:25.6648372Z   In file included from /home/runner/work/Yasuagram/Yasuagram/TMessagesProj/jni/third_party/openh264/src/codec/encoder/core/inc/encoder.h:43:
build	Build APK	2026-07-23T18:35:25.6650190Z   In file included from /home/runner/work/Yasuagram/Yasuagram/TMessagesProj/jni/third_party/openh264/src/codec/encoder/core/inc/encoder_context.h:45:
build	Build APK	2026-07-23T18:35:25.6652449Z   /home/runner/work/Yasuagram/Yasuagram/TMessagesProj/jni/third_party/openh264/src/codec/encoder/core/inc/param_svc.h:493:26: warning: variable 'pSpatialLayer' set but not used [-Wunused-but-set-variable]
build	Build APK	2026-07-23T18:35:25.6654350Z     493 |     SSpatialLayerConfig* pSpatialLayer = &sSpatialLayers[0];
build	Build APK	2026-07-23T18:35:25.6655005Z         |                          ^
build	Build APK	2026-07-23T18:35:25.6655451Z   1 warning generated.
build	Build APK	2026-07-23T18:35:25.6656407Z   [156/2057] Building CXX object CMakeFiles/openh264.dir/third_party/openh264/src/codec/encoder/core/src/slice_multi_threading.cpp.o
build	Build APK	2026-07-23T18:35:25.6658208Z   In file included from /home/runner/work/Yasuagram/Yasuagram/TMessagesProj/jni/third_party/openh264/src/codec/encoder/core/src/slice_multi_threading.cpp:51:
build	Build APK	2026-07-23T18:35:25.6660168Z   In file included from /home/runner/work/Yasuagram/Yasuagram/TMessagesProj/jni/third_party/openh264/src/codec/encoder/core/inc/slice_multi_threading.h:46:
build	Build APK	2026-07-23T18:35:25.6662435Z   /home/runner/work/Yasuagram/Yasuagram/TMessagesProj/jni/third_party/openh264/src/codec/encoder/core/inc/param_svc.h:493:26: warning: variable 'pSpatialLayer' set but not used [-Wunused-but-set-variable]
build	Build APK	2026-07-23T18:35:25.6664335Z     493 |     SSpatialLayerConfig* pSpatialLayer = &sSpatialLayers[0];
build	Build APK	2026-07-23T18:35:25.6664995Z         |                          ^
build	Build APK	2026-07-23T18:35:25.6665439Z   1 warning generated.
build	Build APK	2026-07-23T18:35:25.6666371Z   [157/2057] Building CXX object CMakeFiles/openh264.dir/third_party/openh264/src/codec/encoder/core/src/set_mb_syn_cavlc.cpp.o
build	Build APK	2026-07-23T18:35:25.6668115Z   In file included from /home/runner/work/Yasuagram/Yasuagram/TMessagesProj/jni/third_party/openh264/src/codec/encoder/core/src/set_mb_syn_cavlc.cpp:41:
build	Build APK	2026-07-23T18:35:25.6670004Z   In file included from /home/runner/work/Yasuagram/Yasuagram/TMessagesProj/jni/third_party/openh264/src/codec/encoder/core/inc/svc_set_mb_syn.h:46:
build	Build APK	2026-07-23T18:35:25.6672561Z   In file included from /home/runner/work/Yasuagram/Yasuagram/TMessagesProj/jni/third_party/openh264/src/codec/encoder/core/inc/encoder_context.h:45:
build	Build APK	2026-07-23T18:35:25.6674870Z   /home/runner/work/Yasuagram/Yasuagram/TMessagesProj/jni/third_party/openh264/src/codec/encoder/core/inc/param_svc.h:493:26: warning: variable 'pSpatialLayer' set but not used [-Wunused-but-set-variable]
build	Build APK	2026-07-23T18:35:25.6676651Z     493 |     SSpatialLayerConfig* pSpatialLayer = &sSpatialLayers[0];
build	Build APK	2026-07-23T18:35:25.6677217Z         |                          ^
build	Build APK	2026-07-23T18:35:25.6677640Z   1 warning generated.
build	Build APK	2026-07-23T18:35:25.6678484Z   [158/2057] Building CXX object CMakeFiles/openh264.dir/third_party/openh264/src/codec/encoder/core/src/ref_list_mgr_svc.cpp.o
build	Build APK	2026-07-23T18:35:25.6680218Z   In file included from /home/runner/work/Yasuagram/Yasuagram/TMessagesProj/jni/third_party/openh264/src/codec/encoder/core/src/ref_list_mgr_svc.cpp:34:
build	Build APK	2026-07-23T18:35:25.6682112Z   In file included from /home/runner/work/Yasuagram/Yasuagram/TMessagesProj/jni/third_party/openh264/src/codec/encoder/core/inc/ref_list_mgr_svc.h:46:
build	Build APK	2026-07-23T18:35:25.6683989Z   In file included from /home/runner/work/Yasuagram/Yasuagram/TMessagesProj/jni/third_party/openh264/src/codec/encoder/core/inc/encoder_context.h:45:
build	Build APK	2026-07-23T18:35:25.6686448Z   /home/runner/work/Yasuagram/Yasuagram/TMessagesProj/jni/third_party/openh264/src/codec/encoder/core/inc/param_svc.h:493:26: warning: variable 'pSpatialLayer' set but not used [-Wunused-but-set-variable]
build	Build APK	2026-07-23T18:35:25.6688166Z     493 |     SSpatialLayerConfig* pSpatialLayer = &sSpatialLayers[0];
build	Build APK	2026-07-23T18:35:25.6688799Z         |                          ^
build	Build APK	2026-07-23T18:35:25.6689221Z   1 warning generated.
build	Build APK	2026-07-23T18:35:25.6690132Z   [159/2057] Building CXX object CMakeFiles/openh264.dir/third_party/openh264/src/codec/encoder/core/src/set_mb_syn_cabac.cpp.o
build	Build APK	2026-07-23T18:35:25.6691822Z   In file included from /home/runner/work/Yasuagram/Yasuagram/TMessagesProj/jni/third_party/openh264/src/codec/encoder/core/src/set_mb_syn_cabac.cpp:44:
build	Build APK	2026-07-23T18:35:25.6693683Z   In file included from /home/runner/work/Yasuagram/Yasuagram/TMessagesProj/jni/third_party/openh264/src/codec/encoder/core/inc/encoder.h:43:
build	Build APK	2026-07-23T18:35:25.6695655Z   In file included from /home/runner/work/Yasuagram/Yasuagram/TMessagesProj/jni/third_party/openh264/src/codec/encoder/core/inc/encoder_context.h:45:
build	Build APK	2026-07-23T18:35:25.6697807Z   /home/runner/work/Yasuagram/Yasuagram/TMessagesProj/jni/third_party/openh264/src/codec/encoder/core/inc/param_svc.h:493:26: warning: variable 'pSpatialLayer' set but not used [-Wunused-but-set-variable]
build	Build APK	2026-07-23T18:35:25.6700545Z     493 |     SSpatialLayerConfig* pSpatialLayer = &sSpatialLayers[0];
build	Build APK	2026-07-23T18:35:25.6701660Z         |                          ^
build	Build APK	2026-07-23T18:35:25.6702127Z   1 warning generated.
build	Build APK	2026-07-23T18:35:25.6703018Z   [160/2057] Building CXX object CMakeFiles/openh264.dir/third_party/openh264/src/codec/encoder/core/src/svc_encode_mb.cpp.o
build	Build APK	2026-07-23T18:35:25.6705140Z   In file included from /home/runner/work/Yasuagram/Yasuagram/TMessagesProj/jni/third_party/openh264/src/codec/encoder/core/src/svc_encode_mb.cpp:41:
build	Build APK	2026-07-23T18:35:25.6706987Z   In file included from /home/runner/work/Yasuagram/Yasuagram/TMessagesProj/jni/third_party/openh264/src/codec/encoder/core/inc/svc_encode_mb.h:47:
build	Build APK	2026-07-23T18:35:25.6708824Z   In file included from /home/runner/work/Yasuagram/Yasuagram/TMessagesProj/jni/third_party/openh264/src/codec/encoder/core/inc/encoder_context.h:45:
build	Build APK	2026-07-23T18:35:25.6711375Z   /home/runner/work/Yasuagram/Yasuagram/TMessagesProj/jni/third_party/openh264/src/codec/encoder/core/inc/param_svc.h:493:26: warning: variable 'pSpatialLayer' set but not used [-Wunused-but-set-variable]
build	Build APK	2026-07-23T18:35:25.6713005Z     493 |     SSpatialLayerConfig* pSpatialLayer = &sSpatialLayers[0];
build	Build APK	2026-07-23T18:35:25.6713575Z         |                          ^
build	Build APK	2026-07-23T18:35:25.6715131Z   /home/runner/work/Yasuagram/Yasuagram/TMessagesProj/jni/third_party/openh264/src/codec/encoder/core/src/svc_encode_mb.cpp:195:17: warning: variable 'iNoneZeroCountMbDcAc' set but not used [-Wunused-but-set-variable]
build	Build APK	2026-07-23T18:35:25.6717796Z     195 |   int32_t i, j, iNoneZeroCountMbDcAc = 0, iNoneZeroCount = 0;
build	Build APK	2026-07-23T18:35:25.6718448Z         |                 ^
build	Build APK	2026-07-23T18:35:25.6722022Z   /home/runner/work/Yasuagram/Yasuagram/TMessagesProj/jni/third_party/openh264/src/codec/encoder/core/src/svc_encode_mb.cpp:257:31: warning: variable 'uiNoneZeroCountMbAc' set but not used [-Wunused-but-set-variable]
build	Build APK	2026-07-23T18:35:25.6724395Z     257 |   uint8_t i, uiNoneZeroCount, uiNoneZeroCountMbAc       = 0, uiNoneZeroCountMbDc = 0;
build	Build APK	2026-07-23T18:35:25.6725237Z         |                               ^
build	Build APK	2026-07-23T18:35:25.6725720Z   3 warnings generated.
build	Build APK	2026-07-23T18:35:25.6726642Z   [161/2057] Building CXX object CMakeFiles/openh264.dir/third_party/openh264/src/codec/encoder/core/src/svc_mode_decision.cpp.o
build	Build APK	2026-07-23T18:35:25.6728334Z   In file included from /home/runner/work/Yasuagram/Yasuagram/TMessagesProj/jni/third_party/openh264/src/codec/encoder/core/src/svc_mode_decision.cpp:45:
build	Build APK	2026-07-23T18:35:25.6730229Z   In file included from /home/runner/work/Yasuagram/Yasuagram/TMessagesProj/jni/third_party/openh264/src/codec/encoder/core/inc/svc_base_layer_md.h:43:
build	Build APK	2026-07-23T18:35:25.6731990Z   In file included from /home/runner/work/Yasuagram/Yasuagram/TMessagesProj/jni/third_party/openh264/src/codec/encoder/core/inc/md.h:43:
build	Build APK	2026-07-23T18:35:25.6733784Z   In file included from /home/runner/work/Yasuagram/Yasuagram/TMessagesProj/jni/third_party/openh264/src/codec/encoder/core/inc/svc_motion_estimate.h:44:
build	Build APK	2026-07-23T18:35:25.6735971Z   In file included from /home/runner/work/Yasuagram/Yasuagram/TMessagesProj/jni/third_party/openh264/src/codec/encoder/core/inc/encoder_context.h:45:
build	Build APK	2026-07-23T18:35:25.6738204Z   /home/runner/work/Yasuagram/Yasuagram/TMessagesProj/jni/third_party/openh264/src/codec/encoder/core/inc/param_svc.h:493:26: warning: variable 'pSpatialLayer' set but not used [-Wunused-but-set-variable]
build	Build APK	2026-07-23T18:35:25.6740170Z     493 |     SSpatialLayerConfig* pSpatialLayer = &sSpatialLayers[0];
build	Build APK	2026-07-23T18:35:25.6741031Z         |                          ^
build	Build APK	2026-07-23T18:35:25.6741538Z   1 warning generated.
build	Build APK	2026-07-23T18:35:25.6742736Z   [162/2057] Building CXX object CMakeFiles/openh264.dir/third_party/openh264/src/codec/encoder/core/src/svc_enc_slice_segment.cpp.o
build	Build APK	2026-07-23T18:35:25.6744810Z   [163/2057] Building CXX object CMakeFiles/openh264.dir/third_party/openh264/src/codec/encoder/core/src/svc_base_layer_md.cpp.o
build	Build APK	2026-07-23T18:35:25.6746539Z   In file included from /home/runner/work/Yasuagram/Yasuagram/TMessagesProj/jni/third_party/openh264/src/codec/encoder/core/src/svc_base_layer_md.cpp:43:
build	Build APK	2026-07-23T18:35:25.6748453Z   In file included from /home/runner/work/Yasuagram/Yasuagram/TMessagesProj/jni/third_party/openh264/src/codec/encoder/core/inc/svc_base_layer_md.h:43:
build	Build APK	2026-07-23T18:35:25.6750245Z   In file included from /home/runner/work/Yasuagram/Yasuagram/TMessagesProj/jni/third_party/openh264/src/codec/encoder/core/inc/md.h:43:
build	Build APK	2026-07-23T18:35:25.6752002Z   In file included from /home/runner/work/Yasuagram/Yasuagram/TMessagesProj/jni/third_party/openh264/src/codec/encoder/core/inc/svc_motion_estimate.h:44:
build	Build APK	2026-07-23T18:35:25.6753888Z   In file included from /home/runner/work/Yasuagram/Yasuagram/TMessagesProj/jni/third_party/openh264/src/codec/encoder/core/inc/encoder_context.h:45:
build	Build APK	2026-07-23T18:35:25.6756386Z   /home/runner/work/Yasuagram/Yasuagram/TMessagesProj/jni/third_party/openh264/src/codec/encoder/core/inc/param_svc.h:493:26: warning: variable 'pSpatialLayer' set but not used [-Wunused-but-set-variable]
build	Build APK	2026-07-23T18:35:25.6758068Z     493 |     SSpatialLayerConfig* pSpatialLayer = &sSpatialLayers[0];
build	Build APK	2026-07-23T18:35:25.6758717Z         |                          ^
build	Build APK	2026-07-23T18:35:25.6759167Z   1 warning generated.
build	Build APK	2026-07-23T18:35:25.6760077Z   [164/2057] Building CXX object CMakeFiles/openh264.dir/third_party/openh264/src/codec/encoder/core/src/wels_task_base.cpp.o
build	Build APK	2026-07-23T18:35:25.6761948Z   [165/2057] Building CXX object CMakeFiles/openh264.dir/third_party/openh264/src/codec/encoder/core/src/svc_set_mb_syn_cavlc.cpp.o
build	Build APK	2026-07-23T18:35:25.6763726Z   In file included from /home/runner/work/Yasuagram/Yasuagram/TMessagesProj/jni/third_party/openh264/src/codec/encoder/core/src/svc_set_mb_syn_cavlc.cpp:43:
build	Build APK	2026-07-23T18:35:25.6766279Z   In file included from /home/runner/work/Yasuagram/Yasuagram/TMessagesProj/jni/third_party/openh264/src/codec/encoder/core/inc/svc_set_mb_syn.h:46:
build	Build APK	2026-07-23T18:35:25.6768201Z   In file included from /home/runner/work/Yasuagram/Yasuagram/TMessagesProj/jni/third_party/openh264/src/codec/encoder/core/inc/encoder_context.h:45:
build	Build APK	2026-07-23T18:35:25.6770466Z   /home/runner/work/Yasuagram/Yasuagram/TMessagesProj/jni/third_party/openh264/src/codec/encoder/core/inc/param_svc.h:493:26: warning: variable 'pSpatialLayer' set but not used [-Wunused-but-set-variable]
build	Build APK	2026-07-23T18:35:25.6772229Z     493 |     SSpatialLayerConfig* pSpatialLayer = &sSpatialLayers[0];
build	Build APK	2026-07-23T18:35:25.6772911Z         |                          ^
build	Build APK	2026-07-23T18:35:25.6773377Z   1 warning generated.
build	Build APK	2026-07-23T18:35:25.6774579Z   [166/2057] Building CXX object CMakeFiles/openh264.dir/third_party/openh264/src/codec/encoder/core/src/svc_encode_slice.cpp.o
build	Build APK	2026-07-23T18:35:25.6776353Z   In file included from /home/runner/work/Yasuagram/Yasuagram/TMessagesProj/jni/third_party/openh264/src/codec/encoder/core/src/svc_encode_slice.cpp:42:
build	Build APK	2026-07-23T18:35:25.6778264Z   In file included from /home/runner/work/Yasuagram/Yasuagram/TMessagesProj/jni/third_party/openh264/src/codec/encoder/core/inc/svc_encode_slice.h:43:
build	Build APK	2026-07-23T18:35:25.6780118Z   In file included from /home/runner/work/Yasuagram/Yasuagram/TMessagesProj/jni/third_party/openh264/src/codec/encoder/core/inc/encoder_context.h:45:
build	Build APK	2026-07-23T18:35:25.6782347Z   /home/runner/work/Yasuagram/Yasuagram/TMessagesProj/jni/third_party/openh264/src/codec/encoder/core/inc/param_svc.h:493:26: warning: variable 'pSpatialLayer' set but not used [-Wunused-but-set-variable]
build	Build APK	2026-07-23T18:35:25.6784063Z     493 |     SSpatialLayerConfig* pSpatialLayer = &sSpatialLayers[0];
build	Build APK	2026-07-23T18:35:25.6784987Z         |                          ^
build	Build APK	2026-07-23T18:35:25.6785484Z   1 warning generated.
build	Build APK	2026-07-23T18:35:25.6786473Z   [167/2057] Building CXX object CMakeFiles/openh264.dir/third_party/openh264/src/codec/encoder/core/src/svc_motion_estimate.cpp.o
build	Build APK	2026-07-23T18:35:25.6788304Z   In file included from /home/runner/work/Yasuagram/Yasuagram/TMessagesProj/jni/third_party/openh264/src/codec/encoder/core/src/svc_motion_estimate.cpp:43:
build	Build APK	2026-07-23T18:35:25.6790291Z   In file included from /home/runner/work/Yasuagram/Yasuagram/TMessagesProj/jni/third_party/openh264/src/codec/encoder/core/inc/svc_motion_estimate.h:44:
build	Build APK	2026-07-23T18:35:25.6792221Z   In file included from /home/runner/work/Yasuagram/Yasuagram/TMessagesProj/jni/third_party/openh264/src/codec/encoder/core/inc/encoder_context.h:45:
build	Build APK	2026-07-23T18:35:25.6794923Z   /home/runner/work/Yasuagram/Yasuagram/TMessagesProj/jni/third_party/openh264/src/codec/encoder/core/inc/param_svc.h:493:26: warning: variable 'pSpatialLayer' set but not used [-Wunused-but-set-variable]
build	Build APK	2026-07-23T18:35:25.6796719Z     493 |     SSpatialLayerConfig* pSpatialLayer = &sSpatialLayers[0];
build	Build APK	2026-07-23T18:35:25.6797430Z         |                          ^
build	Build APK	2026-07-23T18:35:25.6797919Z   1 warning generated.
build	Build APK	2026-07-23T18:35:25.6798921Z   [168/2057] Building CXX object CMakeFiles/openh264.dir/third_party/openh264/src/codec/encoder/core/src/svc_set_mb_syn_cabac.cpp.o
build	Build APK	2026-07-23T18:35:25.6800737Z   In file included from /home/runner/work/Yasuagram/Yasuagram/TMessagesProj/jni/third_party/openh264/src/codec/encoder/core/src/svc_set_mb_syn_cabac.cpp:40:
build	Build APK	2026-07-23T18:35:25.6802712Z   In file included from /home/runner/work/Yasuagram/Yasuagram/TMessagesProj/jni/third_party/openh264/src/codec/encoder/core/inc/svc_set_mb_syn.h:46:
build	Build APK	2026-07-23T18:35:25.6804914Z   In file included from /home/runner/work/Yasuagram/Yasuagram/TMessagesProj/jni/third_party/openh264/src/codec/encoder/core/inc/encoder_context.h:45:
build	Build APK	2026-07-23T18:35:25.6807445Z   /home/runner/work/Yasuagram/Yasuagram/TMessagesProj/jni/third_party/openh264/src/codec/encoder/core/inc/param_svc.h:493:26: warning: variable 'pSpatialLayer' set but not used [-Wunused-but-set-variable]
build	Build APK	2026-07-23T18:35:25.6809374Z     493 |     SSpatialLayerConfig* pSpatialLayer = &sSpatialLayers[0];
build	Build APK	2026-07-23T18:35:25.6810027Z         |                          ^
build	Build APK	2026-07-23T18:35:25.6810932Z   1 warning generated.
build	Build APK	2026-07-23T18:35:25.6811940Z   [169/2057] Building CXX object CMakeFiles/openh264.dir/third_party/openh264/src/codec/encoder/core/src/wels_task_management.cpp.o
build	Build APK	2026-07-23T18:35:25.6813746Z   In file included from /home/runner/work/Yasuagram/Yasuagram/TMessagesProj/jni/third_party/openh264/src/codec/encoder/core/src/wels_task_management.cpp:49:
build	Build APK	2026-07-23T18:35:25.6815974Z   In file included from /home/runner/work/Yasuagram/Yasuagram/TMessagesProj/jni/third_party/openh264/src/codec/encoder/core/inc/encoder_context.h:45:
build	Build APK	2026-07-23T18:35:25.6818301Z   /home/runner/work/Yasuagram/Yasuagram/TMessagesProj/jni/third_party/openh264/src/codec/encoder/core/inc/param_svc.h:493:26: warning: variable 'pSpatialLayer' set but not used [-Wunused-but-set-variable]
build	Build APK	2026-07-23T18:35:25.6820093Z     493 |     SSpatialLayerConfig* pSpatialLayer = &sSpatialLayers[0];
build	Build APK	2026-07-23T18:35:25.6820794Z         |                          ^
build	Build APK	2026-07-23T18:35:25.6821273Z   1 warning generated.
build	Build APK	2026-07-23T18:35:25.6822194Z   [170/2057] Building CXX object CMakeFiles/openh264.dir/third_party/openh264/src/codec/common/src/welsCodecTrace.cpp.o
build	Build APK	2026-07-23T18:35:25.6823668Z   [171/2057] Building CXX object CMakeFiles/openh264.dir/third_party/openh264/src/codec/common/src/crt_util_safe_x.cpp.o
build	Build APK	2026-07-23T18:35:25.6825280Z   [172/2057] Building CXX object CMakeFiles/openh264.dir/third_party/openh264/src/codec/common/src/common_tables.cpp.o
build	Build APK	2026-07-23T18:35:25.6826807Z   [173/2057] Building CXX object CMakeFiles/openh264.dir/third_party/openh264/src/codec/encoder/core/src/wels_task_encoder.cpp.o
build	Build APK	2026-07-23T18:35:25.6828576Z   In file included from /home/runner/work/Yasuagram/Yasuagram/TMessagesProj/jni/third_party/openh264/src/codec/encoder/core/src/wels_task_encoder.cpp:50:
build	Build APK	2026-07-23T18:35:25.6830531Z   In file included from /home/runner/work/Yasuagram/Yasuagram/TMessagesProj/jni/third_party/openh264/src/codec/encoder/core/inc/wels_task_encoder.h:45:
build	Build APK	2026-07-23T18:35:25.6832424Z   In file included from /home/runner/work/Yasuagram/Yasuagram/TMessagesProj/jni/third_party/openh264/src/codec/encoder/core/inc/encoder_context.h:45:
build	Build APK	2026-07-23T18:35:25.6834898Z   /home/runner/work/Yasuagram/Yasuagram/TMessagesProj/jni/third_party/openh264/src/codec/encoder/core/inc/param_svc.h:493:26: warning: variable 'pSpatialLayer' set but not used [-Wunused-but-set-variable]
build	Build APK	2026-07-23T18:35:25.6836606Z     493 |     SSpatialLayerConfig* pSpatialLayer = &sSpatialLayers[0];
build	Build APK	2026-07-23T18:35:25.6837297Z         |                          ^
build	Build APK	2026-07-23T18:35:25.6837764Z   1 warning generated.
build	Build APK	2026-07-23T18:35:25.6838582Z   [174/2057] Building CXX object CMakeFiles/openh264.dir/third_party/openh264/src/codec/common/src/cpu.cpp.o
build	Build APK	2026-07-23T18:35:25.6839984Z   [175/2057] Building CXX object CMakeFiles/openh264.dir/third_party/openh264/src/codec/common/src/intra_pred_common.cpp.o
build	Build APK	2026-07-23T18:35:25.6841546Z   [176/2057] Building CXX object CMakeFiles/openh264.dir/third_party/openh264/src/codec/encoder/core/src/wels_preprocess.cpp.o
build	Build APK	2026-07-23T18:35:25.6843280Z   In file included from /home/runner/work/Yasuagram/Yasuagram/TMessagesProj/jni/third_party/openh264/src/codec/encoder/core/src/wels_preprocess.cpp:33:
build	Build APK	2026-07-23T18:35:25.6845405Z   In file included from /home/runner/work/Yasuagram/Yasuagram/TMessagesProj/jni/third_party/openh264/src/codec/encoder/core/inc/wels_preprocess.h:51:
build	Build APK	2026-07-23T18:35:25.6847626Z   /home/runner/work/Yasuagram/Yasuagram/TMessagesProj/jni/third_party/openh264/src/codec/encoder/core/inc/param_svc.h:493:26: warning: variable 'pSpatialLayer' set but not used [-Wunused-but-set-variable]
build	Build APK	2026-07-23T18:35:25.6849602Z     493 |     SSpatialLayerConfig* pSpatialLayer = &sSpatialLayers[0];
build	Build APK	2026-07-23T18:35:25.6850253Z         |                          ^
build	Build APK	2026-07-23T18:35:25.6850695Z   1 warning generated.
build	Build APK	2026-07-23T18:35:25.6851802Z   [177/2057] Building CXX object CMakeFiles/openh264.dir/third_party/openh264/src/codec/encoder/plus/src/welsEncoderExt.cpp.o
build	Build APK	2026-07-23T18:35:25.6853497Z   In file included from /home/runner/work/Yasuagram/Yasuagram/TMessagesProj/jni/third_party/openh264/src/codec/encoder/plus/src/welsEncoderExt.cpp:34:
build	Build APK	2026-07-23T18:35:25.6855691Z   In file included from /home/runner/work/Yasuagram/Yasuagram/TMessagesProj/jni/third_party/openh264/src/codec/encoder/plus/inc/welsEncoderExt.h:48:
build	Build APK	2026-07-23T18:35:25.6857528Z   In file included from /home/runner/work/Yasuagram/Yasuagram/TMessagesProj/jni/third_party/openh264/src/codec/encoder/core/inc/encoder_context.h:45:
build	Build APK	2026-07-23T18:35:25.6859739Z   /home/runner/work/Yasuagram/Yasuagram/TMessagesProj/jni/third_party/openh264/src/codec/encoder/core/inc/param_svc.h:493:26: warning: variable 'pSpatialLayer' set but not used [-Wunused-but-set-variable]
build	Build APK	2026-07-23T18:35:25.6861415Z     493 |     SSpatialLayerConfig* pSpatialLayer = &sSpatialLayers[0];
build	Build APK	2026-07-23T18:35:25.6862060Z         |                          ^
build	Build APK	2026-07-23T18:35:25.6862504Z   1 warning generated.
build	Build APK	2026-07-23T18:35:25.6863312Z   [178/2057] Building CXX object CMakeFiles/openh264.dir/third_party/openh264/src/codec/common/src/copy_mb.cpp.o
build	Build APK	2026-07-23T18:35:25.6864938Z   [179/2057] Building CXX object CMakeFiles/openh264.dir/third_party/openh264/src/codec/common/src/memory_align.cpp.o
build	Build APK	2026-07-23T18:35:25.6866363Z   [180/2057] Building CXX object CMakeFiles/openh264.dir/third_party/openh264/src/codec/common/src/deblocking_common.cpp.o
build	Build APK	2026-07-23T18:35:25.6867832Z   [181/2057] Building CXX object CMakeFiles/openh264.dir/third_party/openh264/src/codec/common/src/WelsThreadLib.cpp.o
build	Build APK	2026-07-23T18:35:25.6869262Z   [182/2057] Building CXX object CMakeFiles/openh264.dir/third_party/openh264/src/codec/common/src/WelsTaskThread.cpp.o
build	Build APK	2026-07-23T18:35:25.6870638Z   [183/2057] Building CXX object CMakeFiles/openh264.dir/third_party/openh264/src/codec/common/src/WelsThread.cpp.o
build	Build APK	2026-07-23T18:35:25.6871963Z   [184/2057] Building CXX object CMakeFiles/openh264.dir/third_party/openh264/src/codec/common/src/sad_common.cpp.o
build	Build APK	2026-07-23T18:35:25.6873284Z   [185/2057] Building CXX object CMakeFiles/openh264.dir/third_party/openh264/src/codec/common/src/expand_pic.cpp.o
build	Build APK	2026-07-23T18:35:25.6874960Z   [186/2057] Building CXX object CMakeFiles/openh264.dir/third_party/openh264/src/codec/processing/src/adaptivequantization/AdaptiveQuantization.cpp.o
build	Build APK	2026-07-23T18:35:25.6876375Z   [187/2057] Building CXX object CMakeFiles/openh264.dir/third_party/openh264/src/codec/common/src/utils.cpp.o
build	Build APK	2026-07-23T18:35:25.6877927Z   [188/2057] Building CXX object CMakeFiles/openh264.dir/third_party/openh264/src/codec/processing/src/backgrounddetection/BackgroundDetection.cpp.o
build	Build APK	2026-07-23T18:35:25.6879615Z   [189/2057] Building CXX object CMakeFiles/openh264.dir/third_party/openh264/src/codec/processing/src/common/memory.cpp.o
build	Build APK	2026-07-23T18:35:25.6881144Z   [190/2057] Building CXX object CMakeFiles/openh264.dir/third_party/openh264/src/codec/processing/src/common/WelsFrameWorkEx.cpp.o
build	Build APK	2026-07-23T18:35:25.6882587Z   [191/2057] Building CXX object CMakeFiles/openh264.dir/third_party/openh264/src/codec/common/src/mc.cpp.o
build	Build APK	2026-07-23T18:35:25.6883998Z   [192/2057] Building CXX object CMakeFiles/openh264.dir/third_party/openh264/src/codec/processing/src/common/WelsFrameWork.cpp.o
build	Build APK	2026-07-23T18:35:25.6885649Z   [193/2057] Building CXX object CMakeFiles/openh264.dir/third_party/openh264/src/codec/common/src/WelsThreadPool.cpp.o
build	Build APK	2026-07-23T18:35:25.6887107Z   [194/2057] Building CXX object CMakeFiles/openh264.dir/third_party/openh264/src/codec/processing/src/denoise/denoise_filter.cpp.o
build	Build APK	2026-07-23T18:35:25.6888659Z   [195/2057] Building CXX object CMakeFiles/openh264.dir/third_party/openh264/src/codec/processing/src/downsample/downsample.cpp.o
build	Build APK	2026-07-23T18:35:25.6890438Z   [196/2057] Building CXX object CMakeFiles/openh264.dir/third_party/openh264/src/codec/processing/src/denoise/denoise.cpp.o
build	Build APK	2026-07-23T18:35:25.6891968Z   [197/2057] Building CXX object CMakeFiles/openh264.dir/third_party/openh264/src/codec/processing/src/imagerotate/imagerotate.cpp.o
build	Build APK	2026-07-23T18:35:25.6893839Z   [198/2057] Building CXX object CMakeFiles/openh264.dir/third_party/openh264/src/codec/processing/src/imagerotate/imagerotatefuncs.cpp.o
build	Build APK	2026-07-23T18:35:25.6895798Z   [199/2057] Building CXX object CMakeFiles/openh264.dir/third_party/openh264/src/codec/processing/src/scrolldetection/ScrollDetection.cpp.o
build	Build APK	2026-07-23T18:35:25.6897523Z   [200/2057] Building CXX object CMakeFiles/openh264.dir/third_party/openh264/src/codec/processing/src/scenechangedetection/SceneChangeDetection.cpp.o
build	Build APK	2026-07-23T18:35:25.6899282Z   [201/2057] Building CXX object CMakeFiles/openh264.dir/third_party/openh264/src/codec/processing/src/scrolldetection/ScrollDetectionFuncs.cpp.o
build	Build APK	2026-07-23T18:35:25.6900960Z   [202/2057] Building CXX object CMakeFiles/openh264.dir/third_party/openh264/src/codec/processing/src/downsample/downsamplefuncs.cpp.o
build	Build APK	2026-07-23T18:35:25.6902577Z   [203/2057] Building CXX object CMakeFiles/openh264.dir/third_party/openh264/src/codec/processing/src/vaacalc/vaacalculation.cpp.o
build	Build APK	2026-07-23T18:35:25.6904428Z   [204/2057] Building ASM object CMakeFiles/openh264.dir/third_party/openh264/src/codec/encoder/core/arm64/intra_pred_aarch64_neon.S.o
build	Build APK	2026-07-23T18:35:25.6906014Z   [205/2057] Building ASM object CMakeFiles/openh264.dir/third_party/openh264/src/codec/encoder/core/arm64/memory_aarch64_neon.S.o
build	Build APK	2026-07-23T18:35:25.6907657Z   [206/2057] Building ASM object CMakeFiles/openh264.dir/third_party/openh264/src/codec/encoder/core/arm64/intra_pred_sad_3_opt_aarch64_neon.S.o
build	Build APK	2026-07-23T18:35:25.6909226Z   [207/2057] Building ASM object CMakeFiles/openh264.dir/third_party/openh264/src/codec/encoder/core/arm64/pixel_aarch64_neon.S.o
build	Build APK	2026-07-23T18:35:25.6910875Z   [208/2057] Building ASM object CMakeFiles/openh264.dir/third_party/openh264/src/codec/encoder/core/arm64/svc_motion_estimation_aarch64_neon.S.o
build	Build APK	2026-07-23T18:35:25.6912561Z   [209/2057] Building ASM object CMakeFiles/openh264.dir/third_party/openh264/src/codec/encoder/core/arm64/reconstruct_aarch64_neon.S.o
build	Build APK	2026-07-23T18:35:25.6914596Z   [210/2057] Building ASM object CMakeFiles/openh264.dir/third_party/openh264/src/codec/common/arm64/copy_mb_aarch64_neon.S.o
build	Build APK	2026-07-23T18:35:25.6916072Z   [211/2057] Building ASM object CMakeFiles/openh264.dir/third_party/openh264/src/codec/common/arm64/deblocking_aarch64_neon.S.o
build	Build APK	2026-07-23T18:35:25.6917577Z   [212/2057] Building ASM object CMakeFiles/openh264.dir/third_party/openh264/src/codec/common/arm64/expand_picture_aarch64_neon.S.o
build	Build APK	2026-07-23T18:35:25.6919127Z   [213/2057] Building ASM object CMakeFiles/openh264.dir/third_party/openh264/src/codec/common/arm64/intra_pred_common_aarch64_neon.S.o
build	Build APK	2026-07-23T18:35:25.6920806Z   [214/2057] Building ASM object CMakeFiles/openh264.dir/third_party/openh264/src/codec/processing/src/arm64/adaptive_quantization_aarch64_neon.S.o
build	Build APK	2026-07-23T18:35:25.6922417Z   [215/2057] Building ASM object CMakeFiles/openh264.dir/third_party/openh264/src/codec/common/arm64/mc_aarch64_neon.S.o
build	Build APK	2026-07-23T18:35:25.6923985Z   [216/2057] Building ASM object CMakeFiles/openh264.dir/third_party/openh264/src/codec/processing/src/arm64/down_sample_aarch64_neon.S.o
build	Build APK	2026-07-23T18:35:25.6925814Z   [217/2057] Building ASM object CMakeFiles/openh264.dir/third_party/openh264/src/codec/processing/src/arm64/pixel_sad_aarch64_neon.S.o
build	Build APK	2026-07-23T18:35:25.6927383Z   [218/2057] Building CXX object CMakeFiles/openh264.dir/third_party/openh264/src/codec/processing/src/vaacalc/vaacalcfuncs.cpp.o
build	Build APK	2026-07-23T18:35:25.6928927Z   [219/2057] Building ASM object CMakeFiles/openh264.dir/third_party/openh264/src/codec/processing/src/arm64/vaa_calc_aarch64_neon.S.o
build	Build APK	2026-07-23T18:35:25.6930392Z   [220/2057] Building C object CMakeFiles/rnnoise.dir/voip/rnnoise/src/celt_lpc.c.o
build	Build APK	2026-07-23T18:35:25.6931294Z   [221/2057] Building C object CMakeFiles/rnnoise.dir/voip/rnnoise/src/denoise.c.o
build	Build APK	2026-07-23T18:35:25.6932087Z   [222/2057] Linking CXX static library libopenh264.a
build	Build APK	2026-07-23T18:35:25.6932934Z   [223/2057] Building CXX object CMakeFiles/tgcalls_tp.dir/voip/webrtc/absl/time/format.cc.o
build	Build APK	2026-07-23T18:35:25.6934434Z   [224/2057] Building C object CMakeFiles/rnnoise.dir/voip/rnnoise/src/pitch.c.o
build	Build APK	2026-07-23T18:35:25.6935422Z   [225/2057] Building C object CMakeFiles/rnnoise.dir/voip/rnnoise/src/kiss_fft.c.o
build	Build APK	2026-07-23T18:35:25.6936390Z   [226/2057] Building C object CMakeFiles/rnnoise.dir/voip/rnnoise/src/rnn_data.c.o
build	Build APK	2026-07-23T18:35:25.6937376Z   [227/2057] Building C object CMakeFiles/rnnoise.dir/voip/rnnoise/src/rnn_reader.c.o
build	Build APK	2026-07-23T18:35:25.6938518Z   [228/2057] Building CXX object CMakeFiles/tgcalls_tp.dir/third_party/rnnoise/src/rnn_vad_weights.cc.o
build	Build APK	2026-07-23T18:35:25.6939620Z   [229/2057] Building C object CMakeFiles/rnnoise.dir/voip/rnnoise/src/rnn.c.o
build	Build APK	2026-07-23T18:35:25.6940627Z   [230/2057] Building CXX object CMakeFiles/tgcalls_tp.dir/voip/webrtc/absl/time/time.cc.o
build	Build APK	2026-07-23T18:35:25.6941494Z   [231/2057] Linking C static library librnnoise.a
build	Build APK	2026-07-23T18:35:25.6942311Z   [232/2057] Building C object CMakeFiles/tgcalls_tp.dir/third_party/libsrtp/srtp/ekt.c.o
build	Build APK	2026-07-23T18:35:25.6943491Z   [233/2057] Building C object CMakeFiles/tgcalls_tp.dir/third_party/libsrtp/crypto/cipher/aes_gcm_ossl.c.o
build	Build APK	2026-07-23T18:35:25.6945070Z   [234/2057] Building C object CMakeFiles/tgcalls_tp.dir/third_party/libsrtp/crypto/cipher/aes_icm_ossl.c.o
build	Build APK	2026-07-23T18:35:25.6946313Z   [235/2057] Building C object CMakeFiles/tgcalls_tp.dir/third_party/libsrtp/crypto/cipher/cipher.c.o
build	Build APK	2026-07-23T18:35:25.6947025Z   [236/2057] Building C object CMakeFiles/tgcalls_tp.dir/third_party/libsrtp/crypto/cipher/null_cipher.c.o
build	Build APK	2026-07-23T18:35:25.6947678Z   [237/2057] Building C object CMakeFiles/tgcalls_tp.dir/third_party/libsrtp/crypto/hash/auth.c.o
build	Build APK	2026-07-23T18:35:25.6948331Z   [238/2057] Building C object CMakeFiles/tgcalls_tp.dir/third_party/libsrtp/crypto/hash/null_auth.c.o
build	Build APK	2026-07-23T18:35:25.6948972Z   [239/2057] Building C object CMakeFiles/tgcalls_tp.dir/third_party/libsrtp/crypto/hash/hmac_ossl.c.o
build	Build APK	2026-07-23T18:35:25.6949604Z   [240/2057] Building C object CMakeFiles/tgcalls_tp.dir/third_party/libsrtp/crypto/kernel/alloc.c.o
build	Build APK	2026-07-23T18:35:25.6950244Z   [241/2057] Building C object CMakeFiles/tgcalls_tp.dir/third_party/libsrtp/crypto/kernel/err.c.o
build	Build APK	2026-07-23T18:35:25.6950971Z   [242/2057] Building CXX object CMakeFiles/tgcalls_tp.dir/voip/webrtc/absl/container/internal/hash_generator_testing.cc.o
build	Build APK	2026-07-23T18:35:25.6951679Z   [243/2057] Building C object CMakeFiles/tgcalls_tp.dir/third_party/libsrtp/crypto/kernel/key.c.o
build	Build APK	2026-07-23T18:35:25.6952322Z   [244/2057] Building C object CMakeFiles/tgcalls_tp.dir/third_party/libsrtp/crypto/math/datatypes.c.o
build	Build APK	2026-07-23T18:35:25.6952958Z   [245/2057] Building C object CMakeFiles/tgcalls_tp.dir/third_party/libsrtp/crypto/math/stat.c.o
build	Build APK	2026-07-23T18:35:25.6953611Z   [246/2057] Building C object CMakeFiles/tgcalls_tp.dir/third_party/libsrtp/crypto/kernel/crypto_kernel.c.o
build	Build APK	2026-07-23T18:35:25.6954692Z   [247/2057] Building C object CMakeFiles/tgcalls_tp.dir/third_party/libsrtp/crypto/replay/rdbx.c.o
build	Build APK	2026-07-23T18:35:25.6955895Z   [248/2057] Building C object CMakeFiles/tgcalls_tp.dir/third_party/libsrtp/crypto/replay/ut_sim.c.o
build	Build APK	2026-07-23T18:35:25.6957076Z   [249/2057] Building C object CMakeFiles/tgcalls_tp.dir/third_party/libsrtp/crypto/replay/rdb.c.o
build	Build APK	2026-07-23T18:35:25.6958205Z   [250/2057] Building C object CMakeFiles/tgcalls_tp.dir/third_party/libsrtp/srtp/srtp.c.o
build	Build APK	2026-07-23T18:35:25.6959284Z   [251/2057] Building C object CMakeFiles/tgcalls_tp.dir/third_party/usrsctplib/user_mbuf.c.o
build	Build APK	2026-07-23T18:35:25.6960325Z   [252/2057] Building C object CMakeFiles/tgcalls_tp.dir/third_party/usrsctplib/netinet/sctp_auth.c.o
build	Build APK	2026-07-23T18:35:25.6961470Z   [253/2057] Building C object CMakeFiles/tgcalls_tp.dir/third_party/pffft/src/pffft.c.o
build	Build APK	2026-07-23T18:35:25.6962836Z   [254/2057] Building C object CMakeFiles/tgcalls_tp.dir/third_party/pffft/src/fftpack.c.o
build	Build APK	2026-07-23T18:35:25.6963987Z   [255/2057] Building C object CMakeFiles/tgcalls_tp.dir/third_party/usrsctplib/netinet/sctp_bsd_addr.c.o
build	Build APK	2026-07-23T18:35:25.6965729Z   [256/2057] Building C object CMakeFiles/tgcalls_tp.dir/third_party/usrsctplib/netinet/sctp_callout.c.o
build	Build APK	2026-07-23T18:35:25.6966959Z   [257/2057] Building C object CMakeFiles/tgcalls_tp.dir/third_party/usrsctplib/netinet/sctp_crc32.c.o
build	Build APK	2026-07-23T18:35:25.6968220Z   [258/2057] Building C object CMakeFiles/tgcalls_tp.dir/third_party/usrsctplib/netinet/sctp_cc_functions.c.o
build	Build APK	2026-07-23T18:35:25.6969494Z   [259/2057] Building C object CMakeFiles/tgcalls_tp.dir/third_party/usrsctplib/netinet/sctp_indata.c.o
build	Build APK	2026-07-23T18:35:25.6970729Z   [260/2057] Building C object CMakeFiles/tgcalls_tp.dir/third_party/usrsctplib/netinet/sctp_peeloff.c.o
build	Build APK	2026-07-23T18:35:25.6971935Z   [261/2057] Building CXX object CMakeFiles/tgcalls.dir/voip/webrtc/rtc_base/bitstream_reader.cc.o
build	Build APK	2026-07-23T18:35:25.6973137Z   [262/2057] Building C object CMakeFiles/tgcalls_tp.dir/third_party/usrsctplib/netinet/sctp_sha1.c.o
build	Build APK	2026-07-23T18:35:25.6974548Z   [263/2057] Building C object CMakeFiles/tgcalls_tp.dir/third_party/usrsctplib/netinet/sctp_ss_functions.c.o
build	Build APK	2026-07-23T18:35:25.6975857Z   [264/2057] Building C object CMakeFiles/tgcalls_tp.dir/third_party/usrsctplib/netinet/sctp_input.c.o
build	Build APK	2026-07-23T18:35:25.6977074Z   [265/2057] Building C object CMakeFiles/tgcalls_tp.dir/third_party/usrsctplib/netinet/sctp_pcb.c.o
build	Build APK	2026-07-23T18:35:25.6978345Z   [266/2057] Building C object CMakeFiles/tgcalls_tp.dir/third_party/usrsctplib/netinet/sctp_userspace.c.o
build	Build APK	2026-07-23T18:35:25.6979617Z   [267/2057] Building C object CMakeFiles/tgcalls_tp.dir/third_party/usrsctplib/netinet/sctp_sysctl.c.o
build	Build APK	2026-07-23T18:35:25.6980841Z   [268/2057] Building C object CMakeFiles/tgcalls_tp.dir/third_party/usrsctplib/netinet6/sctp6_usrreq.c.o
build	Build APK	2026-07-23T18:35:25.6982025Z   [269/2057] Building C object CMakeFiles/tgcalls_tp.dir/third_party/usrsctplib/user_environment.c.o
build	Build APK	2026-07-23T18:35:25.6983173Z   [270/2057] Building C object CMakeFiles/tgcalls_tp.dir/third_party/usrsctplib/netinet/sctp_timer.c.o
build	Build APK	2026-07-23T18:35:25.6984566Z   [271/2057] Building C object CMakeFiles/tgcalls_tp.dir/third_party/usrsctplib/user_recv_thread.c.o
build	Build APK	2026-07-23T18:35:25.6985707Z   [272/2057] Building CXX object CMakeFiles/tgcalls.dir/voip/webrtc/rtc_base/network_monitor.cc.o
build	Build APK	2026-07-23T18:35:25.6986847Z   [273/2057] Building C object CMakeFiles/tgcalls_tp.dir/third_party/usrsctplib/netinet/sctp_output.c.o
build	Build APK	2026-07-23T18:35:25.6987975Z   [274/2057] Building C object CMakeFiles/tgcalls_tp.dir/third_party/usrsctplib/user_socket.c.o
build	Build APK	2026-07-23T18:35:25.6989079Z   [275/2057] Building C object CMakeFiles/tgcalls_tp.dir/third_party/usrsctplib/netinet/sctputil.c.o
build	Build APK	2026-07-23T18:35:25.6990172Z   [276/2057] Building CXX object CMakeFiles/tgcalls_tp.dir/voip/webrtc/absl/strings/match.cc.o
build	Build APK	2026-07-23T18:35:25.6991295Z   [277/2057] Building C object CMakeFiles/tgcalls_tp.dir/third_party/usrsctplib/netinet/sctp_usrreq.c.o
build	Build APK	2026-07-23T18:35:25.6992541Z   [278/2057] Building CXX object CMakeFiles/tgcalls_tp.dir/voip/webrtc/absl/strings/internal/charconv_bigint.cc.o
build	Build APK	2026-07-23T18:35:25.6993832Z   [279/2057] Building CXX object CMakeFiles/tgcalls_tp.dir/voip/webrtc/absl/strings/cord_buffer.cc.o
build	Build APK	2026-07-23T18:35:25.6995271Z   [280/2057] Building CXX object CMakeFiles/tgcalls_tp.dir/voip/webrtc/absl/strings/internal/cordz_sample_token.cc.o
build	Build APK	2026-07-23T18:35:25.6996582Z   [281/2057] Building CXX object CMakeFiles/tgcalls_tp.dir/voip/webrtc/absl/strings/internal/cord_rep_crc.cc.o
build	Build APK	2026-07-23T18:35:25.6997786Z   [282/2057] Building CXX object CMakeFiles/tgcalls_tp.dir/voip/webrtc/absl/strings/cord_analysis.cc.o
build	Build APK	2026-07-23T18:35:25.6999061Z   [283/2057] Building CXX object CMakeFiles/tgcalls_tp.dir/voip/webrtc/absl/strings/internal/cord_rep_btree_reader.cc.o
build	Build APK	2026-07-23T18:35:25.7000640Z   [284/2057] Building CXX object CMakeFiles/tgcalls_tp.dir/voip/webrtc/absl/strings/internal/stringify_sink.cc.o
build	Build APK	2026-07-23T18:35:25.7001905Z   [285/2057] Building CXX object CMakeFiles/tgcalls_tp.dir/voip/webrtc/absl/strings/internal/cordz_info.cc.o
build	Build APK	2026-07-23T18:35:25.7003168Z   [286/2057] Building CXX object CMakeFiles/tgcalls_tp.dir/voip/webrtc/absl/strings/internal/cord_internal.cc.o
build	Build APK	2026-07-23T18:35:25.7004791Z   [287/2057] Building CXX object CMakeFiles/tgcalls_tp.dir/voip/webrtc/absl/strings/internal/cord_rep_consume.cc.o
build	Build APK	2026-07-23T18:35:25.7006090Z   [288/2057] Building CXX object CMakeFiles/tgcalls_tp.dir/voip/webrtc/absl/strings/internal/charconv_parse.cc.o
build	Build APK	2026-07-23T18:35:25.7007403Z   [289/2057] Building CXX object CMakeFiles/tgcalls_tp.dir/voip/webrtc/absl/strings/internal/str_format/output.cc.o
build	Build APK	2026-07-23T18:35:25.7008818Z   [290/2057] Building CXX object CMakeFiles/tgcalls_tp.dir/voip/webrtc/absl/strings/internal/str_format/float_conversion.cc.o
build	Build APK	2026-07-23T18:35:25.7010188Z   [291/2057] Building CXX object CMakeFiles/tgcalls_tp.dir/voip/webrtc/absl/strings/internal/str_format/arg.cc.o
build	Build APK	2026-07-23T18:35:25.7011576Z   [292/2057] Building CXX object CMakeFiles/tgcalls_tp.dir/voip/webrtc/absl/strings/internal/damerau_levenshtein_distance.cc.o
build	Build APK	2026-07-23T18:35:25.7012992Z   [293/2057] Building CXX object CMakeFiles/tgcalls_tp.dir/voip/webrtc/absl/strings/internal/str_format/extension.cc.o
build	Build APK	2026-07-23T18:35:25.7014745Z   [294/2057] Building CXX object CMakeFiles/tgcalls_tp.dir/voip/webrtc/absl/strings/internal/str_format/bind.cc.o
build	Build APK	2026-07-23T18:35:25.7016124Z   [295/2057] Building CXX object CMakeFiles/tgcalls_tp.dir/voip/webrtc/absl/strings/internal/utf8.cc.o
build	Build APK	2026-07-23T18:35:25.7017307Z   [296/2057] Building CXX object CMakeFiles/tgcalls_tp.dir/voip/webrtc/absl/strings/internal/memutil.cc.o
build	Build APK	2026-07-23T18:35:25.7018555Z   [297/2057] Building CXX object CMakeFiles/tgcalls_tp.dir/voip/webrtc/absl/strings/internal/ostringstream.cc.o
build	Build APK	2026-07-23T18:35:25.7019857Z   [298/2057] Building CXX object CMakeFiles/tgcalls_tp.dir/voip/webrtc/absl/strings/internal/str_format/parser.cc.o
build	Build APK	2026-07-23T18:35:25.7021153Z   [299/2057] Building CXX object CMakeFiles/tgcalls_tp.dir/voip/webrtc/absl/strings/internal/cordz_handle.cc.o
build	Build APK	2026-07-23T18:35:25.7022324Z   [300/2057] Building CXX object CMakeFiles/tgcalls_tp.dir/voip/webrtc/absl/strings/str_cat.cc.o
build	Build APK	2026-07-23T18:35:25.7023586Z   [301/2057] Building CXX object CMakeFiles/tgcalls_tp.dir/voip/webrtc/absl/strings/internal/cord_rep_btree_navigator.cc.o
build	Build APK	2026-07-23T18:35:25.7025083Z   [302/2057] Building CXX object CMakeFiles/tgcalls_tp.dir/voip/webrtc/absl/strings/internal/pow10_helper.cc.o
build	Build APK	2026-07-23T18:35:25.7026359Z   [303/2057] Building CXX object CMakeFiles/tgcalls_tp.dir/voip/webrtc/absl/strings/internal/cordz_functions.cc.o
build	Build APK	2026-07-23T18:35:25.7027621Z   [304/2057] Building CXX object CMakeFiles/tgcalls_tp.dir/voip/webrtc/absl/strings/internal/escaping.cc.o
build	Build APK	2026-07-23T18:35:25.7028752Z   [305/2057] Building CXX object CMakeFiles/tgcalls_tp.dir/voip/webrtc/absl/strings/ascii.cc.o
build	Build APK	2026-07-23T18:35:25.7029865Z   [306/2057] Building CXX object CMakeFiles/tgcalls_tp.dir/voip/webrtc/absl/strings/string_view.cc.o
build	Build APK	2026-07-23T18:35:25.7031076Z   [307/2057] Building CXX object CMakeFiles/tgcalls_tp.dir/voip/webrtc/absl/strings/internal/cord_rep_btree.cc.o
build	Build APK	2026-07-23T18:35:25.7032256Z   [308/2057] Building CXX object CMakeFiles/tgcalls_tp.dir/voip/webrtc/absl/strings/numbers.cc.o
build	Build APK	2026-07-23T18:35:25.7033362Z   [309/2057] Building CXX object CMakeFiles/tgcalls_tp.dir/voip/webrtc/absl/strings/str_split.cc.o
build	Build APK	2026-07-23T18:35:25.7034627Z   [310/2057] Building CXX object CMakeFiles/tgcalls_tp.dir/voip/webrtc/absl/strings/charconv.cc.o
build	Build APK	2026-07-23T18:35:25.7035734Z   [311/2057] Building CXX object CMakeFiles/tgcalls_tp.dir/voip/webrtc/absl/types/bad_any_cast.cc.o
build	Build APK	2026-07-23T18:35:25.7036872Z   [312/2057] Building CXX object CMakeFiles/tgcalls_tp.dir/voip/webrtc/absl/strings/str_replace.cc.o
build	Build APK	2026-07-23T18:35:25.7038032Z   [313/2057] Building CXX object CMakeFiles/tgcalls_tp.dir/voip/webrtc/absl/types/bad_variant_access.cc.o
build	Build APK	2026-07-23T18:35:25.7039377Z   [314/2057] Building CXX object CMakeFiles/tgcalls_tp.dir/voip/webrtc/absl/strings/substitute.cc.o
build	Build APK	2026-07-23T18:35:25.7040557Z   [315/2057] Building CXX object CMakeFiles/tgcalls_tp.dir/voip/webrtc/absl/types/bad_optional_access.cc.o
build	Build APK	2026-07-23T18:35:25.7041684Z   [316/2057] Building CXX object CMakeFiles/tgcalls_tp.dir/voip/webrtc/absl/strings/cord.cc.o
build	Build APK	2026-07-23T18:35:25.7042866Z   [317/2057] Building CXX object CMakeFiles/tgcalls_tp.dir/voip/webrtc/absl/flags/usage.cc.o
build	Build APK	2026-07-23T18:35:25.7043936Z   [318/2057] Building CXX object CMakeFiles/tgcalls_tp.dir/voip/webrtc/absl/strings/escaping.cc.o
build	Build APK	2026-07-23T18:35:25.7045389Z   [319/2057] Building CXX object CMakeFiles/tgcalls_tp.dir/voip/webrtc/absl/flags/internal/private_handle_accessor.cc.o
build	Build APK	2026-07-23T18:35:25.7046655Z   [320/2057] Building CXX object CMakeFiles/tgcalls_tp.dir/voip/webrtc/absl/flags/flag_test_defs.cc.o
build	Build APK	2026-07-23T18:35:25.7047878Z   [321/2057] Building CXX object CMakeFiles/tgcalls_tp.dir/voip/webrtc/absl/flags/internal/commandlineflag.cc.o
build	Build APK	2026-07-23T18:35:25.7049049Z   [322/2057] Building CXX object CMakeFiles/tgcalls_tp.dir/voip/webrtc/absl/flags/parse.cc.o
build	Build APK	2026-07-23T18:35:25.7050219Z   [323/2057] Building CXX object CMakeFiles/tgcalls_tp.dir/voip/webrtc/absl/synchronization/blocking_counter.cc.o
build	Build APK	2026-07-23T18:35:25.7051499Z   [324/2057] Building CXX object CMakeFiles/tgcalls_tp.dir/voip/webrtc/absl/flags/internal/program_name.cc.o
build	Build APK	2026-07-23T18:35:25.7052669Z   [325/2057] Building CXX object CMakeFiles/tgcalls_tp.dir/voip/webrtc/absl/flags/marshalling.cc.o
build	Build APK	2026-07-23T18:35:25.7053793Z   [326/2057] Building CXX object CMakeFiles/tgcalls_tp.dir/voip/webrtc/absl/flags/internal/flag.cc.o
build	Build APK	2026-07-23T18:35:25.7055113Z   [327/2057] Building CXX object CMakeFiles/tgcalls_tp.dir/voip/webrtc/absl/flags/commandlineflag.cc.o
build	Build APK	2026-07-23T18:35:25.7056243Z   [328/2057] Building CXX object CMakeFiles/tgcalls_tp.dir/voip/webrtc/absl/flags/reflection.cc.o
build	Build APK	2026-07-23T18:35:25.7057347Z   [329/2057] Building CXX object CMakeFiles/tgcalls_tp.dir/voip/webrtc/absl/flags/usage_config.cc.o
build	Build APK	2026-07-23T18:35:25.7058492Z   [330/2057] Building CXX object CMakeFiles/tgcalls_tp.dir/voip/webrtc/absl/flags/internal/usage.cc.o
build	Build APK	2026-07-23T18:35:25.7059767Z   [331/2057] Building CXX object CMakeFiles/tgcalls_tp.dir/voip/webrtc/absl/synchronization/internal/per_thread_sem.cc.o
build	Build APK	2026-07-23T18:35:25.7061164Z   [332/2057] Building CXX object CMakeFiles/tgcalls_tp.dir/voip/webrtc/absl/synchronization/internal/stdcpp_waiter.cc.o
build	Build APK	2026-07-23T18:35:25.7062441Z   [333/2057] Building CXX object CMakeFiles/tgcalls_tp.dir/voip/webrtc/absl/synchronization/mutex.cc.o
build	Build APK	2026-07-23T18:35:25.7063705Z   [334/2057] Building CXX object CMakeFiles/tgcalls_tp.dir/voip/webrtc/absl/synchronization/internal/win32_waiter.cc.o
build	Build APK	2026-07-23T18:35:25.7065247Z   [335/2057] Building CXX object CMakeFiles/tgcalls_tp.dir/voip/webrtc/absl/synchronization/internal/kernel_timeout.cc.o
build	Build APK	2026-07-23T18:35:25.7066630Z   [336/2057] Building CXX object CMakeFiles/tgcalls_tp.dir/voip/webrtc/absl/synchronization/internal/waiter_base.cc.o
build	Build APK	2026-07-23T18:35:25.7068009Z   [337/2057] Building CXX object CMakeFiles/tgcalls_tp.dir/voip/webrtc/absl/synchronization/internal/pthread_waiter.cc.o
build	Build APK	2026-07-23T18:35:25.7069463Z   [338/2057] Building CXX object CMakeFiles/tgcalls_tp.dir/voip/webrtc/absl/synchronization/internal/create_thread_identity.cc.o
build	Build APK	2026-07-23T18:35:25.7070911Z   [339/2057] Building CXX object CMakeFiles/tgcalls_tp.dir/voip/webrtc/absl/synchronization/internal/futex_waiter.cc.o
build	Build APK	2026-07-23T18:35:25.7072236Z   [340/2057] Building CXX object CMakeFiles/tgcalls_tp.dir/voip/webrtc/absl/debugging/failure_signal_handler.cc.o
build	Build APK	2026-07-23T18:35:25.7073555Z   [341/2057] Building CXX object CMakeFiles/tgcalls_tp.dir/voip/webrtc/absl/synchronization/internal/sem_waiter.cc.o
build	Build APK	2026-07-23T18:35:25.7075018Z   [342/2057] Building CXX object CMakeFiles/tgcalls_tp.dir/voip/webrtc/absl/synchronization/notification.cc.o
build	Build APK	2026-07-23T18:35:25.7076242Z   [343/2057] Building CXX object CMakeFiles/tgcalls_tp.dir/voip/webrtc/absl/synchronization/barrier.cc.o
build	Build APK	2026-07-23T18:35:25.7077690Z   [344/2057] Building CXX object CMakeFiles/tgcalls_tp.dir/voip/webrtc/absl/hash/internal/low_level_hash.cc.o
build	Build APK	2026-07-23T18:35:25.7078993Z   [345/2057] Building CXX object CMakeFiles/tgcalls_tp.dir/voip/webrtc/absl/synchronization/internal/graphcycles.cc.o
build	Build APK	2026-07-23T18:35:25.7080496Z   [346/2057] Building CXX object CMakeFiles/tgcalls_tp.dir/voip/webrtc/absl/debugging/internal/utf8_for_code_point.cc.o
build	Build APK	2026-07-23T18:35:25.7081738Z   [347/2057] Building CXX object CMakeFiles/tgcalls_tp.dir/voip/webrtc/absl/hash/internal/city.cc.o
build	Build APK	2026-07-23T18:35:25.7082877Z   [348/2057] Building CXX object CMakeFiles/tgcalls_tp.dir/voip/webrtc/absl/debugging/symbolize.cc.o
build	Build APK	2026-07-23T18:35:25.7084260Z   [349/2057] Building CXX object CMakeFiles/tgcalls_tp.dir/voip/webrtc/absl/debugging/internal/examine_stack.cc.o
build	Build APK	2026-07-23T18:35:25.7085561Z   [350/2057] Building CXX object CMakeFiles/tgcalls_tp.dir/voip/webrtc/absl/debugging/internal/vdso_support.cc.o
build	Build APK	2026-07-23T18:35:25.7086900Z   [351/2057] Building CXX object CMakeFiles/tgcalls_tp.dir/voip/webrtc/absl/debugging/internal/address_is_readable.cc.o
build	Build APK	2026-07-23T18:35:25.7088193Z   [352/2057] Building CXX object CMakeFiles/tgcalls_tp.dir/voip/webrtc/absl/hash/internal/print_hash_of.cc.o
build	Build APK	2026-07-23T18:35:25.7089481Z   [353/2057] Building CXX object CMakeFiles/tgcalls_tp.dir/voip/webrtc/absl/debugging/internal/stack_consumption.cc.o
build	Build APK	2026-07-23T18:35:25.7090720Z   [354/2057] Building CXX object CMakeFiles/tgcalls_tp.dir/voip/webrtc/absl/hash/internal/hash.cc.o
build	Build APK	2026-07-23T18:35:25.7091854Z   [355/2057] Building CXX object CMakeFiles/tgcalls_tp.dir/voip/webrtc/absl/debugging/leak_check.cc.o
build	Build APK	2026-07-23T18:35:25.7093003Z   [356/2057] Building CXX object CMakeFiles/tgcalls_tp.dir/voip/webrtc/absl/debugging/stacktrace.cc.o
build	Build APK	2026-07-23T18:35:25.7094443Z   [357/2057] Building CXX object CMakeFiles/tgcalls_tp.dir/voip/webrtc/absl/debugging/internal/elf_mem_image.cc.o
build	Build APK	2026-07-23T18:35:25.7095792Z   [358/2057] Building CXX object CMakeFiles/tgcalls_tp.dir/voip/webrtc/absl/debugging/internal/decode_rust_punycode.cc.o
build	Build APK	2026-07-23T18:35:25.7097141Z   [359/2057] Building CXX object CMakeFiles/tgcalls_tp.dir/voip/webrtc/absl/crc/internal/crc_x86_arm_combined.cc.o
build	Build APK	2026-07-23T18:35:25.7098428Z   [360/2057] Building CXX object CMakeFiles/tgcalls_tp.dir/voip/webrtc/absl/debugging/internal/demangle_rust.cc.o
build	Build APK	2026-07-23T18:35:25.7099695Z   [361/2057] Building CXX object CMakeFiles/tgcalls_tp.dir/voip/webrtc/absl/debugging/internal/demangle.cc.o
build	Build APK	2026-07-23T18:35:25.7100960Z   [362/2057] Building CXX object CMakeFiles/tgcalls_tp.dir/voip/webrtc/absl/crc/internal/crc_memcpy_fallback.cc.o
build	Build APK	2026-07-23T18:35:25.7102210Z   [363/2057] Building CXX object CMakeFiles/tgcalls_tp.dir/voip/webrtc/absl/crc/internal/crc_cord_state.cc.o
build	Build APK	2026-07-23T18:35:25.7103511Z   [364/2057] Building CXX object CMakeFiles/tgcalls_tp.dir/voip/webrtc/absl/crc/internal/crc_memcpy_x86_arm_combined.cc.o
build	Build APK	2026-07-23T18:35:25.7104956Z   [365/2057] Building CXX object CMakeFiles/tgcalls_tp.dir/voip/webrtc/absl/crc/internal/cpu_detect.cc.o
build	Build APK	2026-07-23T18:35:25.7106101Z   [366/2057] Building CXX object CMakeFiles/tgcalls_tp.dir/voip/webrtc/absl/crc/internal/crc.cc.o
build	Build APK	2026-07-23T18:35:25.7107324Z   [367/2057] Building CXX object CMakeFiles/tgcalls_tp.dir/voip/webrtc/absl/crc/internal/crc_non_temporal_memcpy.cc.o
build	Build APK	2026-07-23T18:35:25.7108516Z   [368/2057] Building CXX object CMakeFiles/tgcalls_tp.dir/voip/webrtc/absl/crc/crc32c.cc.o
build	Build APK	2026-07-23T18:35:25.7109616Z   [369/2057] Building CXX object CMakeFiles/tgcalls_tp.dir/voip/webrtc/absl/time/internal/test_util.cc.o
build	Build APK	2026-07-23T18:35:25.7110731Z   [370/2057] Building CXX object CMakeFiles/tgcalls_tp.dir/voip/webrtc/absl/status/status.cc.o
build	Build APK	2026-07-23T18:35:25.7111892Z   [371/2057] Building CXX object CMakeFiles/tgcalls_tp.dir/voip/webrtc/absl/status/status_payload_printer.cc.o
build	Build APK	2026-07-23T18:35:25.7113212Z   [372/2057] Building CXX object CMakeFiles/tgcalls_tp.dir/voip/webrtc/absl/time/internal/cctz/src/time_zone_format.cc.o
build	Build APK	2026-07-23T18:35:25.7114772Z   [373/2057] Building CXX object CMakeFiles/tgcalls_tp.dir/voip/webrtc/absl/status/statusor.cc.o
build	Build APK	2026-07-23T18:35:25.7116005Z   [374/2057] Building CXX object CMakeFiles/tgcalls_tp.dir/voip/webrtc/absl/time/internal/cctz/src/time_zone_impl.cc.o
build	Build APK	2026-07-23T18:35:25.7117345Z   [375/2057] Building CXX object CMakeFiles/tgcalls_tp.dir/voip/webrtc/absl/time/internal/cctz/src/time_zone_if.cc.o
build	Build APK	2026-07-23T18:35:25.7118849Z   [376/2057] Building CXX object CMakeFiles/tgcalls_tp.dir/voip/webrtc/absl/time/internal/cctz/src/time_zone_lookup.cc.o
build	Build APK	2026-07-23T18:35:25.7120234Z   [377/2057] Building CXX object CMakeFiles/tgcalls_tp.dir/voip/webrtc/absl/time/internal/cctz/src/zone_info_source.cc.o
build	Build APK	2026-07-23T18:35:25.7121604Z   [378/2057] Building CXX object CMakeFiles/tgcalls_tp.dir/voip/webrtc/absl/time/internal/cctz/src/time_zone_posix.cc.o
build	Build APK	2026-07-23T18:35:25.7122963Z   [379/2057] Building CXX object CMakeFiles/tgcalls_tp.dir/voip/webrtc/absl/time/internal/cctz/src/time_zone_fixed.cc.o
build	Build APK	2026-07-23T18:35:25.7124493Z   [380/2057] Building CXX object CMakeFiles/tgcalls_tp.dir/voip/webrtc/absl/time/internal/cctz/src/time_zone_libc.cc.o
build	Build APK	2026-07-23T18:35:25.7125875Z   [381/2057] Building CXX object CMakeFiles/tgcalls_tp.dir/voip/webrtc/absl/time/internal/cctz/src/civil_time_detail.cc.o
build	Build APK	2026-07-23T18:35:25.7127238Z   [382/2057] Building CXX object CMakeFiles/tgcalls_tp.dir/voip/webrtc/absl/time/internal/cctz/src/time_zone_info.cc.o
build	Build APK	2026-07-23T18:35:25.7128444Z   [383/2057] Building CXX object CMakeFiles/tgcalls_tp.dir/voip/webrtc/absl/time/clock.cc.o
build	Build APK	2026-07-23T18:35:25.7129486Z   [384/2057] Building CXX object CMakeFiles/tgcalls_tp.dir/voip/webrtc/absl/time/duration.cc.o
build	Build APK	2026-07-23T18:35:25.7130553Z   [385/2057] Building CXX object CMakeFiles/tgcalls_tp.dir/voip/webrtc/absl/time/civil_time.cc.o
build	Build APK	2026-07-23T18:35:25.7131659Z   [386/2057] Building CXX object CMakeFiles/tgcalls.dir/voip/webrtc/pc/media_stream_observer.cc.o
build	Build APK	2026-07-23T18:35:25.7132837Z   [387/2057] Building CXX object CMakeFiles/tgcalls_tp.dir/voip/webrtc/absl/container/internal/raw_hash_set.cc.o
build	Build APK	2026-07-23T18:35:25.7134500Z   [388/2057] Building CXX object CMakeFiles/tgcalls_tp.dir/voip/webrtc/absl/container/internal/hashtablez_sampler_force_weak_definition.cc.o
build	Build APK	2026-07-23T18:35:25.7135864Z   [389/2057] Building CXX object CMakeFiles/tgcalls.dir/voip/webrtc/pc/usage_pattern.cc.o
build	Build APK	2026-07-23T18:35:25.7137072Z   [390/2057] Building CXX object CMakeFiles/tgcalls_tp.dir/voip/webrtc/absl/container/internal/hashtablez_sampler.cc.o
build	Build APK	2026-07-23T18:35:25.7138302Z   [391/2057] Building CXX object CMakeFiles/tgcalls.dir/voip/webrtc/pc/ice_server_parsing.cc.o
build	Build APK	2026-07-23T18:35:25.7139534Z   [392/2057] Building CXX object CMakeFiles/tgcalls_tp.dir/voip/webrtc/absl/profiling/internal/periodic_sampler.cc.o
build	Build APK	2026-07-23T18:35:25.7140760Z   [393/2057] Building CXX object CMakeFiles/tgcalls_tp.dir/voip/webrtc/absl/numeric/int128.cc.o
build	Build APK	2026-07-23T18:35:25.7141996Z   [394/2057] Building CXX object CMakeFiles/tgcalls_tp.dir/voip/webrtc/absl/profiling/internal/exponential_biased.cc.o
build	Build APK	2026-07-23T18:35:25.7143291Z   [395/2057] Building CXX object CMakeFiles/tgcalls_tp.dir/voip/webrtc/absl/log/internal/nullguard.cc.o
build	Build APK	2026-07-23T18:35:25.7144567Z   [396/2057] Building CXX object CMakeFiles/tgcalls_tp.dir/voip/webrtc/absl/log/globals.cc.o
build	Build APK	2026-07-23T18:35:25.7145636Z   [397/2057] Building CXX object CMakeFiles/tgcalls_tp.dir/voip/webrtc/absl/log/die_if_null.cc.o
build	Build APK	2026-07-23T18:35:25.7146795Z   [398/2057] Building CXX object CMakeFiles/tgcalls_tp.dir/voip/webrtc/absl/log/internal/conditions.cc.o
build	Build APK	2026-07-23T18:35:25.7147961Z   [399/2057] Building CXX object CMakeFiles/tgcalls_tp.dir/voip/webrtc/absl/log/internal/proto.cc.o
build	Build APK	2026-07-23T18:35:25.7149172Z   [400/2057] Building CXX object CMakeFiles/tgcalls.dir/voip/webrtc/pc/webrtc_session_description_factory.cc.o
build	Build APK	2026-07-23T18:35:25.7150400Z   [401/2057] Building CXX object CMakeFiles/tgcalls_tp.dir/voip/webrtc/absl/log/internal/fnmatch.cc.o
build	Build APK	2026-07-23T18:35:25.7151580Z   [402/2057] Building CXX object CMakeFiles/tgcalls_tp.dir/voip/webrtc/absl/log/internal/log_message.cc.o
build	Build APK	2026-07-23T18:35:25.7153006Z   [403/2057] Building CXX object CMakeFiles/tgcalls_tp.dir/voip/webrtc/absl/log/internal/structured_proto.cc.o
build	Build APK	2026-07-23T18:35:25.7154378Z   [404/2057] Building CXX object CMakeFiles/tgcalls_tp.dir/voip/webrtc/absl/log/internal/globals.cc.o
build	Build APK	2026-07-23T18:35:25.7155555Z   [405/2057] Building CXX object CMakeFiles/tgcalls_tp.dir/voip/webrtc/absl/log/internal/log_format.cc.o
build	Build APK	2026-07-23T18:35:25.7156890Z   [406/2057] Building CXX object CMakeFiles/tgcalls_tp.dir/voip/webrtc/absl/log/internal/check_op.cc.o
build	Build APK	2026-07-23T18:35:25.7158080Z   [407/2057] Building CXX object CMakeFiles/tgcalls_tp.dir/voip/webrtc/absl/log/internal/log_sink_set.cc.o
build	Build APK	2026-07-23T18:35:25.7159236Z   [408/2057] Building CXX object CMakeFiles/tgcalls_tp.dir/voip/webrtc/absl/log/flags.cc.o
build	Build APK	2026-07-23T18:35:25.7160305Z   [409/2057] Building CXX object CMakeFiles/tgcalls_tp.dir/voip/webrtc/absl/log/log_sink.cc.o
build	Build APK	2026-07-23T18:35:25.7161374Z   [410/2057] Building CXX object CMakeFiles/tgcalls_tp.dir/voip/webrtc/absl/log/log_entry.cc.o
build	Build APK	2026-07-23T18:35:25.7162521Z   [411/2057] Building CXX object CMakeFiles/tgcalls_tp.dir/voip/webrtc/absl/log/internal/vlog_config.cc.o
build	Build APK	2026-07-23T18:35:25.7163886Z   [412/2057] Building CXX object CMakeFiles/tgcalls_tp.dir/voip/webrtc/absl/random/internal/gaussian_distribution_gentables.cc.o
build	Build APK	2026-07-23T18:35:25.7165476Z   [413/2057] Building CXX object CMakeFiles/tgcalls_tp.dir/voip/webrtc/absl/random/gaussian_distribution.cc.o
build	Build APK	2026-07-23T18:35:25.7166659Z   [414/2057] Building CXX object CMakeFiles/tgcalls_tp.dir/voip/webrtc/absl/log/initialize.cc.o
build	Build APK	2026-07-23T18:35:25.7167862Z   [415/2057] Building CXX object CMakeFiles/tgcalls_tp.dir/voip/webrtc/absl/random/internal/randen_round_keys.cc.o
build	Build APK	2026-07-23T18:35:25.7169153Z   [416/2057] Building CXX object CMakeFiles/tgcalls_tp.dir/voip/webrtc/absl/random/discrete_distribution.cc.o
build	Build APK	2026-07-23T18:35:25.7170388Z   [417/2057] Building CXX object CMakeFiles/tgcalls_tp.dir/voip/webrtc/absl/random/seed_gen_exception.cc.o
build	Build APK	2026-07-23T18:35:25.7171621Z   [418/2057] Building CXX object CMakeFiles/tgcalls_tp.dir/voip/webrtc/absl/random/internal/chi_square.cc.o
build	Build APK	2026-07-23T18:35:25.7172934Z   [419/2057] Building CXX object CMakeFiles/tgcalls_tp.dir/voip/webrtc/absl/random/internal/distribution_test_util.cc.o
build	Build APK	2026-07-23T18:35:25.7174451Z   [420/2057] Building CXX object CMakeFiles/tgcalls_tp.dir/voip/webrtc/absl/base/internal/unscaledcycleclock.cc.o
build	Build APK	2026-07-23T18:35:25.7175760Z   [421/2057] Building CXX object CMakeFiles/tgcalls_tp.dir/voip/webrtc/absl/random/internal/seed_material.cc.o
build	Build APK	2026-07-23T18:35:25.7177012Z   [422/2057] Building CXX object CMakeFiles/tgcalls_tp.dir/voip/webrtc/absl/random/internal/randen_slow.cc.o
build	Build APK	2026-07-23T18:35:25.7178229Z   [423/2057] Building CXX object CMakeFiles/tgcalls_tp.dir/voip/webrtc/absl/random/internal/randen.cc.o
build	Build APK	2026-07-23T18:35:25.7179443Z   [424/2057] Building CXX object CMakeFiles/tgcalls_tp.dir/voip/webrtc/absl/base/internal/spinlock_wait.cc.o
build	Build APK	2026-07-23T18:35:25.7180691Z   [425/2057] Building CXX object CMakeFiles/tgcalls_tp.dir/voip/webrtc/absl/random/internal/randen_detect.cc.o
build	Build APK	2026-07-23T18:35:25.7181950Z   [426/2057] Building CXX object CMakeFiles/tgcalls_tp.dir/voip/webrtc/absl/random/internal/randen_hwaes.cc.o
build	Build APK	2026-07-23T18:35:25.7183188Z   [427/2057] Building CXX object CMakeFiles/tgcalls_tp.dir/voip/webrtc/absl/random/internal/pool_urbg.cc.o
build	Build APK	2026-07-23T18:35:25.7184556Z   [428/2057] Building CXX object CMakeFiles/tgcalls_tp.dir/voip/webrtc/absl/random/seed_sequences.cc.o
build	Build APK	2026-07-23T18:35:25.7185673Z   [429/2057] Building CXX object CMakeFiles/tgcalls.dir/voip/webrtc/pc/sdp_offer_answer.cc.o
build	Build APK	2026-07-23T18:35:25.7186820Z   [430/2057] Building CXX object CMakeFiles/tgcalls_tp.dir/voip/webrtc/absl/base/internal/cycleclock.cc.o
build	Build APK	2026-07-23T18:35:25.7188050Z   [431/2057] Building CXX object CMakeFiles/tgcalls_tp.dir/voip/webrtc/absl/base/internal/throw_delegate.cc.o
build	Build APK	2026-07-23T18:35:25.7189296Z   [432/2057] Building CXX object CMakeFiles/tgcalls_tp.dir/voip/webrtc/absl/base/internal/scoped_set_env.cc.o
build	Build APK	2026-07-23T18:35:25.7190698Z   [433/2057] Building CXX object CMakeFiles/tgcalls_tp.dir/voip/webrtc/absl/base/internal/spinlock.cc.o
build	Build APK	2026-07-23T18:35:25.7191873Z   [434/2057] Building CXX object CMakeFiles/tgcalls_tp.dir/voip/webrtc/absl/base/internal/poison.cc.o
build	Build APK	2026-07-23T18:35:25.7193039Z   [435/2057] Building CXX object CMakeFiles/tgcalls_tp.dir/voip/webrtc/absl/base/internal/tracing.cc.o
build	Build APK	2026-07-23T18:35:25.7194634Z   [436/2057] Building CXX object CMakeFiles/tgcalls_tp.dir/voip/webrtc/absl/base/internal/sysinfo.cc.o
build	Build APK	2026-07-23T18:35:25.7195831Z   [437/2057] Building CXX object CMakeFiles/tgcalls_tp.dir/voip/webrtc/absl/base/internal/raw_logging.cc.o
build	Build APK	2026-07-23T18:35:25.7197024Z   [438/2057] Building CXX object CMakeFiles/tgcalls_tp.dir/voip/webrtc/absl/base/internal/strerror.cc.o
build	Build APK	2026-07-23T18:35:25.7198090Z   [439/2057] Building CXX object CMakeFiles/tgcalls.dir/voip/tgcalls/Message.cpp.o
build	Build APK	2026-07-23T18:35:25.7199187Z   [440/2057] Building CXX object CMakeFiles/tgcalls_tp.dir/voip/webrtc/absl/base/internal/thread_identity.cc.o
build	Build APK	2026-07-23T18:35:25.7200318Z   [441/2057] Building CXX object CMakeFiles/tgcalls.dir/voip/tgcalls/CryptoHelper.cpp.o
build	Build APK	2026-07-23T18:35:25.7201378Z   [442/2057] Building CXX object CMakeFiles/tgcalls_tp.dir/voip/webrtc/absl/base/log_severity.cc.o
build	Build APK	2026-07-23T18:35:25.7215413Z   [443/2057] Building CXX object CMakeFiles/tgcalls_tp.dir/voip/webrtc/absl/base/internal/low_level_alloc.cc.o
build	Build APK	2026-07-23T18:35:25.7216678Z   [444/2057] Building CXX object CMakeFiles/tgcalls.dir/voip/tgcalls/LogSinkImpl.cpp.o
build	Build APK	2026-07-23T18:35:25.7217763Z   [445/2057] Building CXX object CMakeFiles/tgcalls.dir/voip/tgcalls/group/AVIOContextImpl.cpp.o
build	Build APK	2026-07-23T18:35:25.7218863Z   [446/2057] Building CXX object CMakeFiles/tgcalls.dir/voip/tgcalls/CodecSelectHelper.cpp.o
build	Build APK	2026-07-23T18:35:25.7219710Z   [447/2057] Linking CXX static library libtgcalls_tp.a
build	Build APK	2026-07-23T18:35:25.7220698Z   [448/2057] Building CXX object CMakeFiles/tgcalls.dir/voip/tgcalls/SctpDataChannelProviderInterfaceImpl.cpp.o
build	Build APK	2026-07-23T18:35:25.7222018Z   [449/2057] Building CXX object CMakeFiles/tgcalls.dir/voip/tgcalls/group/GroupJoinPayloadInternal.cpp.o
build	Build APK	2026-07-23T18:35:25.7223129Z   [450/2057] Building CXX object CMakeFiles/tgcalls.dir/voip/tgcalls/InstanceImpl.cpp.o
build	Build APK	2026-07-23T18:35:25.7224500Z   In file included from /home/runner/work/Yasuagram/Yasuagram/TMessagesProj/jni/voip/tgcalls/InstanceImpl.cpp:1:
build	Build APK	2026-07-23T18:35:25.7226515Z   /home/runner/work/Yasuagram/Yasuagram/TMessagesProj/jni/voip/tgcalls/InstanceImpl.h:43:21: warning: 'getLatencyStats' overrides a member function but is not marked 'override' [-Winconsistent-missing-override]
build	Build APK	2026-07-23T18:35:25.7228141Z      43 |         std::string getLatencyStats();
build	Build APK	2026-07-23T18:35:25.7228647Z         |                     ^
build	Build APK	2026-07-23T18:35:25.7229643Z   /home/runner/work/Yasuagram/Yasuagram/TMessagesProj/jni/voip/tgcalls/Instance.h:207:23: note: overridden virtual function is here
build	Build APK	2026-07-23T18:35:25.7230876Z     207 |   virtual std::string getLatencyStats() { return getDebugInfo(); }
build	Build APK	2026-07-23T18:35:25.7231532Z         |                       ^
build	Build APK	2026-07-23T18:35:25.7231956Z   1 warning generated.
build	Build APK	2026-07-23T18:35:25.7232696Z   [451/2057] Building CXX object CMakeFiles/tgcalls.dir/voip/tgcalls/group/AudioStreamingPart.cpp.o
build	Build APK	2026-07-23T18:35:25.7233876Z   [452/2057] Building CXX object CMakeFiles/tgcalls.dir/voip/tgcalls/group/GroupNetworkManager.cpp.o
build	Build APK	2026-07-23T18:35:25.7235357Z   [453/2057] Building CXX object CMakeFiles/tgcalls.dir/voip/tgcalls/group/AudioStreamingPartPersistentDecoder.cpp.o
build	Build APK	2026-07-23T18:35:25.7236723Z   [454/2057] Building CXX object CMakeFiles/tgcalls.dir/voip/tgcalls/group/AudioStreamingPartInternal.cpp.o
build	Build APK	2026-07-23T18:35:25.7237858Z   [455/2057] Building CXX object CMakeFiles/tgcalls.dir/voip/tgcalls/utils/gzip.cpp.o
build	Build APK	2026-07-23T18:35:25.7238948Z   [456/2057] Building CXX object CMakeFiles/tgcalls.dir/voip/tgcalls/group/VideoStreamingPart.cpp.o
build	Build APK	2026-07-23T18:35:25.7240070Z   [457/2057] Building CXX object CMakeFiles/tgcalls.dir/voip/tgcalls/StaticThreads.cpp.o
build	Build APK	2026-07-23T18:35:25.7241404Z   [458/2057] Building CXX object CMakeFiles/tgcalls.dir/voip/tgcalls/group/StreamingMediaContext.cpp.o
build	Build APK	2026-07-23T18:35:25.7242548Z   [459/2057] Building CXX object CMakeFiles/tgcalls.dir/voip/tgcalls/TurnCustomizerImpl.cpp.o
build	Build APK	2026-07-23T18:35:25.7243680Z   [460/2057] Building CXX object CMakeFiles/tgcalls.dir/voip/tgcalls/VideoCaptureInterfaceImpl.cpp.o
build	Build APK	2026-07-23T18:35:25.7245901Z   /home/runner/work/Yasuagram/Yasuagram/TMessagesProj/jni/voip/tgcalls/VideoCaptureInterfaceImpl.cpp:168:1: warning: field '_platformContext' will be initialized after field '_impl' [-Wreorder-ctor]
build	Build APK	2026-07-23T18:35:25.7247434Z     168 | _platformContext(platformContext),
build	Build APK	2026-07-23T18:35:25.7247934Z         | ^~~~~~~~~~~~~~~~~~~~~~~~~~~~~~~~~
build	Build APK	2026-07-23T18:35:25.7248722Z     169 | _impl(threads->getMediaThread(), [deviceId, isScreenCapture, platformContext, threads]() {
build	Build APK	2026-07-23T18:35:25.7249705Z         | ~~~~~~~~~~~~~~~~~~~~~~~~~~~~~~~~~~~~~~~~~~~~~~~~~~~~~~~~~~~~~~~~~~~~~~~~~~~~~~~~~~~~~~~~~~
build	Build APK	2026-07-23T18:35:25.7250373Z         | _platformContext(platformContext)
build	Build APK	2026-07-23T18:35:25.7251349Z     170 |         return std::make_shared<VideoCaptureInterfaceObject>(deviceId, isScreenCapture, platformContext, *threads);
build	Build APK	2026-07-23T18:35:25.7252534Z         |         ~~~~~~~~~~~~~~~~~~~~~~~~~~~~~~~~~~~~~~~~~~~~~~~~~~~~~~~~~~~~~~~~~~~~~~~~~~~~~~~~~~~~~~~~~~~~~~~~~~~~~~~~~~~
build	Build APK	2026-07-23T18:35:25.7253216Z     171 | }) {
build	Build APK	2026-07-23T18:35:25.7253537Z         | ~~
build	Build APK	2026-07-23T18:35:25.7253871Z   1 warning generated.
build	Build APK	2026-07-23T18:35:25.7254696Z   [461/2057] Building CXX object CMakeFiles/tgcalls.dir/voip/tgcalls/ChannelManager.cpp.o
build	Build APK	2026-07-23T18:35:25.7255844Z   [462/2057] Building CXX object CMakeFiles/tgcalls.dir/voip/tgcalls/v2/ExternalSignalingConnection.cpp.o
build	Build APK	2026-07-23T18:35:25.7257057Z   [463/2057] Building CXX object CMakeFiles/tgcalls.dir/voip/tgcalls/legacy/InstanceImplLegacy.cpp.o
build	Build APK	2026-07-23T18:35:25.7258420Z   In file included from /home/runner/work/Yasuagram/Yasuagram/TMessagesProj/jni/voip/tgcalls/legacy/InstanceImplLegacy.cpp:1:
build	Build APK	2026-07-23T18:35:25.7259957Z   In file included from /home/runner/work/Yasuagram/Yasuagram/TMessagesProj/jni/voip/tgcalls/legacy/InstanceImplLegacy.h:6:
build	Build APK	2026-07-23T18:35:25.7261424Z   In file included from /home/runner/work/Yasuagram/Yasuagram/TMessagesProj/jni/voip/libtgvoip/VoIPController.h:24:
build	Build APK	2026-07-23T18:35:25.7262884Z   In file included from /home/runner/work/Yasuagram/Yasuagram/TMessagesProj/jni/voip/libtgvoip/video/VideoSource.h:12:
build	Build APK	2026-07-23T18:35:25.7264469Z   In file included from /home/runner/work/Yasuagram/Yasuagram/TMessagesProj/jni/voip/libtgvoip/video/../Buffers.h:19:
build	Build APK	2026-07-23T18:35:25.7266257Z   /home/runner/work/Yasuagram/Yasuagram/TMessagesProj/jni/voip/libtgvoip/video/../threading.h:110:8: warning: private field 'maxPriority' is not used [-Wunused-private-field]
build	Build APK	2026-07-23T18:35:25.7267508Z     110 |                 bool maxPriority=false;
build	Build APK	2026-07-23T18:35:25.7268004Z         |                      ^
build	Build APK	2026-07-23T18:35:25.7268457Z   1 warning generated.
build	Build APK	2026-07-23T18:35:25.7269116Z   [464/2057] Building CXX object CMakeFiles/tgcalls.dir/voip/tgcalls/Manager.cpp.o
build	Build APK	2026-07-23T18:35:25.7270243Z   [465/2057] Building CXX object CMakeFiles/tgcalls.dir/voip/tgcalls/v2/SignalingConnection.cpp.o
build	Build APK	2026-07-23T18:35:25.7271486Z   [466/2057] Building CXX object CMakeFiles/tgcalls.dir/voip/tgcalls/v2/SignalingKcpConnection.cpp.o
build	Build APK	2026-07-23T18:35:25.7272747Z   [467/2057] Building CXX object CMakeFiles/tgcalls.dir/voip/tgcalls/v2/ReflectorRelayPortFactory.cpp.o
build	Build APK	2026-07-23T18:35:25.7274040Z   [468/2057] Building CXX object CMakeFiles/tgcalls.dir/voip/tgcalls/group/GroupInstanceCustomImpl.cpp.o
build	Build APK	2026-07-23T18:35:25.7275504Z   [469/2057] Building CXX object CMakeFiles/tgcalls.dir/voip/tgcalls/v2/DirectNetworkingImpl.cpp.o
build	Build APK	2026-07-23T18:35:25.7276719Z   [470/2057] Building CXX object CMakeFiles/tgcalls.dir/voip/tgcalls/v2/SignalingEncryption.cpp.o
build	Build APK	2026-07-23T18:35:25.7277802Z   [471/2057] Building CXX object CMakeFiles/tgcalls.dir/voip/tgcalls/v2/ikcp.cpp.o
build	Build APK	2026-07-23T18:35:25.7279495Z   /home/runner/work/Yasuagram/Yasuagram/TMessagesProj/jni/voip/tgcalls/v2/ikcp.cpp:40:15: warning: unused variable 'IKCP_ACK_FAST' [-Wunused-const-variable]
build	Build APK	2026-07-23T18:35:25.7280775Z      40 | const IUINT32 IKCP_ACK_FAST     = 3;
build	Build APK	2026-07-23T18:35:25.7281291Z         |               ^~~~~~~~~~~~~
build	Build APK	2026-07-23T18:35:25.7281751Z   1 warning generated.
build	Build APK	2026-07-23T18:35:25.7282703Z   [472/2057] Building CXX object CMakeFiles/tgcalls.dir/voip/tgcalls/v2/ContentNegotiation.cpp.o
build	Build APK	2026-07-23T18:35:25.7283833Z   [473/2057] Building CXX object CMakeFiles/tgcalls.dir/voip/tgcalls/v2/RawTcpSocket.cpp.o
build	Build APK	2026-07-23T18:35:25.7285232Z   [474/2057] Building CXX object CMakeFiles/tgcalls.dir/voip/tgcalls/v2/SignalingSctpConnection.cpp.o
build	Build APK	2026-07-23T18:35:25.7286434Z   [475/2057] Building CXX object CMakeFiles/tgcalls.dir/voip/tgcalls/ThreadLocalObject.cpp.o
build	Build APK	2026-07-23T18:35:25.7287477Z   [476/2057] Building CXX object CMakeFiles/tgcalls.dir/voip/tgcalls/v2/ReflectorPort.cpp.o
build	Build APK	2026-07-23T18:35:25.7288085Z   [477/2057] Building CXX object CMakeFiles/tgcalls.dir/voip/tgcalls/NetworkManager.cpp.o
build	Build APK	2026-07-23T18:35:25.7288952Z   [478/2057] Building CXX object CMakeFiles/tgcalls.dir/voip/tgcalls/v2/Signaling.cpp.o
build	Build APK	2026-07-23T18:35:25.7290067Z   [479/2057] Building CXX object CMakeFiles/tgcalls.dir/voip/tgcalls/FakeVideoTrackSource.cpp.o
build	Build APK	2026-07-23T18:35:25.7291219Z   [480/2057] Building CXX object CMakeFiles/tgcalls.dir/voip/tgcalls/AudioDeviceHelper.cpp.o
build	Build APK	2026-07-23T18:35:25.7292450Z   [481/2057] Building CXX object CMakeFiles/tgcalls.dir/voip/tgcalls/v2/NativeNetworkingImpl.cpp.o
build	Build APK	2026-07-23T18:35:25.7293590Z   [482/2057] Building CXX object CMakeFiles/tgcalls.dir/voip/tgcalls/FieldTrialsConfig.cpp.o
build	Build APK	2026-07-23T18:35:25.7294964Z   [483/2057] Building CXX object CMakeFiles/tgcalls.dir/voip/tgcalls/FakeAudioDeviceModule.cpp.o
build	Build APK	2026-07-23T18:35:25.7296064Z   [484/2057] Building CXX object CMakeFiles/tgcalls.dir/voip/tgcalls/third-party/json11.cpp.o
build	Build APK	2026-07-23T18:35:25.7297781Z   /home/runner/work/Yasuagram/Yasuagram/TMessagesProj/jni/voip/tgcalls/third-party/json11.cpp:201:54: warning: unqualified call to 'std::move' [-Wunqualified-std-cast-call]
build	Build APK	2026-07-23T18:35:25.7299290Z     201 |     explicit JsonString(string &&value)      : Value(move(value)) {}
build	Build APK	2026-07-23T18:35:25.7300004Z         |                                                      ^
build	Build APK	2026-07-23T18:35:25.7300599Z         |                                                      std::
build	Build APK	2026-07-23T18:35:25.7301936Z   /home/runner/work/Yasuagram/Yasuagram/TMessagesProj/jni/voip/tgcalls/third-party/json11.cpp:209:58: warning: unqualified call to 'std::move' [-Wunqualified-std-cast-call]
build	Build APK	2026-07-23T18:35:25.7303412Z     209 |     explicit JsonArray(Json::array &&value)      : Value(move(value)) {}
build	Build APK	2026-07-23T18:35:25.7304327Z         |                                                          ^
build	Build APK	2026-07-23T18:35:25.7304898Z         |                                                          std::
build	Build APK	2026-07-23T18:35:25.7306221Z   /home/runner/work/Yasuagram/Yasuagram/TMessagesProj/jni/voip/tgcalls/third-party/json11.cpp:217:60: warning: unqualified call to 'std::move' [-Wunqualified-std-cast-call]
build	Build APK	2026-07-23T18:35:25.7307681Z     217 |     explicit JsonObject(Json::object &&value)      : Value(move(value)) {}
build	Build APK	2026-07-23T18:35:25.7308404Z         |                                                            ^
build	Build APK	2026-07-23T18:35:25.7308971Z         |                                                            std::
build	Build APK	2026-07-23T18:35:25.7310282Z   /home/runner/work/Yasuagram/Yasuagram/TMessagesProj/jni/voip/tgcalls/third-party/json11.cpp:259:72: warning: unqualified call to 'std::move' [-Wunqualified-std-cast-call]
build	Build APK	2026-07-23T18:35:25.7311772Z     259 | Json::Json(string &&value)             : m_ptr(make_shared<JsonString>(move(value))) {}
build	Build APK	2026-07-23T18:35:25.7312536Z         |                                                                        ^
build	Build APK	2026-07-23T18:35:25.7313141Z         |                                                                        std::
build	Build APK	2026-07-23T18:35:25.7314696Z   /home/runner/work/Yasuagram/Yasuagram/TMessagesProj/jni/voip/tgcalls/third-party/json11.cpp:262:71: warning: unqualified call to 'std::move' [-Wunqualified-std-cast-call]
build	Build APK	2026-07-23T18:35:25.7316435Z     262 | Json::Json(Json::array &&values)       : m_ptr(make_shared<JsonArray>(move(values))) {}
build	Build APK	2026-07-23T18:35:25.7317210Z         |                                                                       ^
build	Build APK	2026-07-23T18:35:25.7317963Z         |                                                                       std::
build	Build APK	2026-07-23T18:35:25.7319302Z   /home/runner/work/Yasuagram/Yasuagram/TMessagesProj/jni/voip/tgcalls/third-party/json11.cpp:264:72: warning: unqualified call to 'std::move' [-Wunqualified-std-cast-call]
build	Build APK	2026-07-23T18:35:25.7320809Z     264 | Json::Json(Json::object &&values)      : m_ptr(make_shared<JsonObject>(move(values))) {}
build	Build APK	2026-07-23T18:35:25.7321591Z         |                                                                        ^
build	Build APK	2026-07-23T18:35:25.7322188Z         |                                                                        std::
build	Build APK	2026-07-23T18:35:25.7323564Z   /home/runner/work/Yasuagram/Yasuagram/TMessagesProj/jni/voip/tgcalls/third-party/json11.cpp:362:21: warning: unqualified call to 'std::move' [-Wunqualified-std-cast-call]
build	Build APK	2026-07-23T18:35:25.7325112Z     362 |         return fail(move(msg), Json());
build	Build APK	2026-07-23T18:35:25.7325647Z         |                     ^
build	Build APK	2026-07-23T18:35:25.7326071Z         |                     std::
build	Build APK	2026-07-23T18:35:25.7327334Z   /home/runner/work/Yasuagram/Yasuagram/TMessagesProj/jni/voip/tgcalls/third-party/json11.cpp:154:46: warning: unqualified call to 'std::move' [-Wunqualified-std-cast-call]
build	Build APK	2026-07-23T18:35:25.7328751Z     154 |     explicit Value(T &&value)      : m_value(move(value)) {}
build	Build APK	2026-07-23T18:35:25.7329382Z         |                                              ^
build	Build APK	2026-07-23T18:35:25.7329902Z         |                                              std::
build	Build APK	2026-07-23T18:35:25.7331475Z   /home/runner/work/Yasuagram/Yasuagram/TMessagesProj/jni/voip/tgcalls/third-party/json11.cpp:201:48: note: in instantiation of member function 'json11::Value<json11::Json::STRING, std::string>::Value' requested here
build	Build APK	2026-07-23T18:35:25.7333201Z     201 |     explicit JsonString(string &&value)      : Value(move(value)) {}
build	Build APK	2026-07-23T18:35:25.7333866Z         |                                                ^
build	Build APK	2026-07-23T18:35:25.7335376Z   /home/runner/work/Yasuagram/Yasuagram/TMessagesProj/jni/voip/tgcalls/third-party/json11.cpp:154:46: warning: unqualified call to 'std::move' [-Wunqualified-std-cast-call]
build	Build APK	2026-07-23T18:35:25.7336801Z     154 |     explicit Value(T &&value)      : m_value(move(value)) {}
build	Build APK	2026-07-23T18:35:25.7337409Z         |                                              ^
build	Build APK	2026-07-23T18:35:25.7337924Z         |                                              std::
build	Build APK	2026-07-23T18:35:25.7339558Z   /home/runner/work/Yasuagram/Yasuagram/TMessagesProj/jni/voip/tgcalls/third-party/json11.cpp:209:52: note: in instantiation of member function 'json11::Value<json11::Json::ARRAY, std::vector<json11::Json>>::Value' requested here
build	Build APK	2026-07-23T18:35:25.7341380Z     209 |     explicit JsonArray(Json::array &&value)      : Value(move(value)) {}
build	Build APK	2026-07-23T18:35:25.7342081Z         |                                                    ^
build	Build APK	2026-07-23T18:35:25.7343406Z   /home/runner/work/Yasuagram/Yasuagram/TMessagesProj/jni/voip/tgcalls/third-party/json11.cpp:154:46: warning: unqualified call to 'std::move' [-Wunqualified-std-cast-call]
build	Build APK	2026-07-23T18:35:25.7344992Z     154 |     explicit Value(T &&value)      : m_value(move(value)) {}
build	Build APK	2026-07-23T18:35:25.7345613Z         |                                              ^
build	Build APK	2026-07-23T18:35:25.7346126Z         |                                              std::
build	Build APK	2026-07-23T18:35:25.7347804Z   /home/runner/work/Yasuagram/Yasuagram/TMessagesProj/jni/voip/tgcalls/third-party/json11.cpp:217:54: note: in instantiation of member function 'json11::Value<json11::Json::OBJECT, std::map<std::string, json11::Json>>::Value' requested here
build	Build APK	2026-07-23T18:35:25.7349886Z     217 |     explicit JsonObject(Json::object &&value)      : Value(move(value)) {}
build	Build APK	2026-07-23T18:35:25.7350603Z         |                                                      ^
build	Build APK	2026-07-23T18:35:25.7351938Z   /home/runner/work/Yasuagram/Yasuagram/TMessagesProj/jni/voip/tgcalls/third-party/json11.cpp:154:46: warning: unqualified call to 'std::move' [-Wunqualified-std-cast-call]
build	Build APK	2026-07-23T18:35:25.7353491Z     154 |     explicit Value(T &&value)      : m_value(move(value)) {}
build	Build APK	2026-07-23T18:35:25.7354258Z         |                                              ^
build	Build APK	2026-07-23T18:35:25.7354782Z         |                                              std::
build	Build APK	2026-07-23T18:35:25.7356358Z   /home/runner/work/Yasuagram/Yasuagram/TMessagesProj/jni/voip/tgcalls/third-party/json11.cpp:222:18: note: in instantiation of member function 'json11::Value<json11::Json::NUL, json11::NullStruct>::Value' requested here
build	Build APK	2026-07-23T18:35:25.7357909Z     222 |     JsonNull() : Value({}) {}
build	Build APK	2026-07-23T18:35:25.7358370Z         |                  ^
build	Build APK	2026-07-23T18:35:25.7358766Z   11 warnings generated.
build	Build APK	2026-07-23T18:35:25.7359468Z   [485/2057] Building CXX object CMakeFiles/tgcalls.dir/voip/tgcalls/EncryptedConnection.cpp.o
build	Build APK	2026-07-23T18:35:25.7360579Z   [486/2057] Building CXX object CMakeFiles/tgcalls.dir/voip/tgcalls/VideoCaptureInterface.cpp.o
build	Build APK	2026-07-23T18:35:25.7361643Z   [487/2057] Building CXX object CMakeFiles/tgcalls.dir/voip/tgcalls/MediaManager.cpp.o
build	Build APK	2026-07-23T18:35:25.7362665Z   [488/2057] Building CXX object CMakeFiles/tgcalls.dir/voip/webrtc/rtc_base/ssl_identity.cc.o
build	Build APK	2026-07-23T18:35:25.7363712Z   [489/2057] Building CXX object CMakeFiles/tgcalls.dir/voip/webrtc/rtc_base/bit_buffer.cc.o
build	Build APK	2026-07-23T18:35:25.7365004Z   [490/2057] Building CXX object CMakeFiles/tgcalls.dir/voip/tgcalls/v2/InstanceV2ReferenceImpl.cpp.o
build	Build APK	2026-07-23T18:35:25.7366394Z   In file included from /home/runner/work/Yasuagram/Yasuagram/TMessagesProj/jni/voip/tgcalls/v2/InstanceV2ReferenceImpl.cpp:1:
build	Build APK	2026-07-23T18:35:25.7367959Z   In file included from /home/runner/work/Yasuagram/Yasuagram/TMessagesProj/jni/voip/tgcalls/v2/InstanceV2ReferenceImpl.h:4:
build	Build APK	2026-07-23T18:35:25.7369377Z   In file included from /home/runner/work/Yasuagram/Yasuagram/TMessagesProj/jni/voip/tgcalls/Instance.h:4:
build	Build APK	2026-07-23T18:35:25.7370890Z   In file included from /usr/local/lib/android/sdk/ndk/27.2.12479018/toolchains/llvm/prebuilt/linux-x86_64/sysroot/usr/include/c++/v1/functional:526:
build	Build APK	2026-07-23T18:35:25.7372790Z   In file included from /usr/local/lib/android/sdk/ndk/27.2.12479018/toolchains/llvm/prebuilt/linux-x86_64/sysroot/usr/include/c++/v1/__functional/boyer_moore_searcher.h:22:
build	Build APK	2026-07-23T18:35:25.7374935Z   In file included from /usr/local/lib/android/sdk/ndk/27.2.12479018/toolchains/llvm/prebuilt/linux-x86_64/sysroot/usr/include/c++/v1/__memory/shared_ptr.h:33:
build	Build APK	2026-07-23T18:35:25.7377309Z   /usr/local/lib/android/sdk/ndk/27.2.12479018/toolchains/llvm/prebuilt/linux-x86_64/sysroot/usr/include/c++/v1/__memory/unique_ptr.h:601:30: warning: 'RtcEventLogFactory' is deprecated: Use default constructor [-Wdeprecated-declarations]
build	Build APK	2026-07-23T18:35:25.7379149Z     601 |   return unique_ptr<_Tp>(new _Tp(std::forward<_Args>(__args)...));
build	Build APK	2026-07-23T18:35:25.7379782Z         |                              ^
build	Build APK	2026-07-23T18:35:25.7381633Z   /home/runner/work/Yasuagram/Yasuagram/TMessagesProj/jni/voip/tgcalls/v2/InstanceV2ReferenceImpl.cpp:476:68: note: in instantiation of function template specialization 'std::make_unique<webrtc::RtcEventLogFactory, webrtc::TaskQueueFactory *>' requested here
build	Build APK	2026-07-23T18:35:25.7384536Z     476 |         peerConnectionFactoryDependencies.event_log_factory = std::make_unique<webrtc::RtcEventLogFactory>(peerConnectionFactoryDependencies.task_queue_factory.get());
build	Build APK	2026-07-23T18:35:25.7385941Z         |                                                                    ^
build	Build APK	2026-07-23T18:35:25.7387385Z   /home/runner/work/Yasuagram/Yasuagram/TMessagesProj/jni/voip/webrtc/api/rtc_event_log/rtc_event_log_factory.h:29:5: note: 'RtcEventLogFactory' has been explicitly marked deprecated here
build	Build APK	2026-07-23T18:35:25.7389060Z      29 |   [[deprecated("Use default constructor")]]  //
build	Build APK	2026-07-23T18:35:25.7389574Z         |     ^
build	Build APK	2026-07-23T18:35:25.7389920Z   1 warning generated.
build	Build APK	2026-07-23T18:35:25.7390603Z   [491/2057] Building CXX object CMakeFiles/tgcalls.dir/voip/tgcalls/Instance.cpp.o
build	Build APK	2026-07-23T18:35:25.7391709Z   [492/2057] Building CXX object CMakeFiles/tgcalls.dir/voip/webrtc/rtc_base/socket.cc.o
build	Build APK	2026-07-23T18:35:25.7392771Z   [493/2057] Building CXX object CMakeFiles/tgcalls.dir/voip/tgcalls/v2_4_0_0/Signaling_4_0_0.cpp.o
build	Build APK	2026-07-23T18:35:25.7393865Z   [494/2057] Building CXX object CMakeFiles/tgcalls.dir/voip/webrtc/rtc_base/race_checker.cc.o
build	Build APK	2026-07-23T18:35:25.7395124Z   [495/2057] Building CXX object CMakeFiles/tgcalls.dir/voip/webrtc/rtc_base/bitrate_tracker.cc.o
build	Build APK	2026-07-23T18:35:25.7396248Z   [496/2057] Building CXX object CMakeFiles/tgcalls.dir/voip/webrtc/rtc_base/ifaddrs_converter.cc.o
build	Build APK	2026-07-23T18:35:25.7397339Z   [497/2057] Building CXX object CMakeFiles/tgcalls.dir/voip/tgcalls/v2/InstanceV2Impl.cpp.o
build	Build APK	2026-07-23T18:35:25.7398444Z   [498/2057] Building CXX object CMakeFiles/tgcalls.dir/voip/webrtc/rtc_base/nat_socket_factory.cc.o
build	Build APK	2026-07-23T18:35:25.7399540Z   [499/2057] Building CXX object CMakeFiles/tgcalls.dir/voip/webrtc/rtc_base/ip_address.cc.o
build	Build APK	2026-07-23T18:35:25.7400623Z   [500/2057] Building CXX object CMakeFiles/tgcalls.dir/voip/webrtc/rtc_base/data_rate_limiter.cc.o
build	Build APK	2026-07-23T18:35:25.7401771Z   [501/2057] Building CXX object CMakeFiles/tgcalls.dir/voip/webrtc/rtc_base/virtual_socket_server.cc.o
build	Build APK	2026-07-23T18:35:25.7403002Z   [502/2057] Building CXX object CMakeFiles/tgcalls.dir/voip/webrtc/rtc_base/strings/audio_format_to_string.cc.o
build	Build APK	2026-07-23T18:35:25.7404392Z   [503/2057] Building CXX object CMakeFiles/tgcalls.dir/voip/webrtc/rtc_base/strings/string_format.cc.o
build	Build APK	2026-07-23T18:35:25.7405578Z   [504/2057] Building CXX object CMakeFiles/tgcalls.dir/voip/webrtc/rtc_base/strings/string_builder.cc.o
build	Build APK	2026-07-23T18:35:25.7406706Z   [505/2057] Building CXX object CMakeFiles/tgcalls.dir/voip/webrtc/rtc_base/net_helpers.cc.o
build	Build APK	2026-07-23T18:35:25.7407815Z   [506/2057] Building CXX object CMakeFiles/tgcalls.dir/voip/webrtc/rtc_base/task_queue_libevent.cc.o
build	Build APK	2026-07-23T18:35:25.7408915Z   [507/2057] Building CXX object CMakeFiles/tgcalls.dir/voip/webrtc/rtc_base/http_common.cc.o
build	Build APK	2026-07-23T18:35:25.7410174Z   [508/2057] Building CXX object CMakeFiles/tgcalls.dir/voip/webrtc/rtc_base/synchronization/sequence_checker_internal.cc.o
build	Build APK	2026-07-23T18:35:25.7411658Z   [509/2057] Building C object CMakeFiles/tgcalls.dir/voip/webrtc/modules/audio_coding/codecs/isac/main/source/encode_lpc_swb.c.o
build	Build APK	2026-07-23T18:35:25.7413002Z   [510/2057] Building CXX object CMakeFiles/tgcalls.dir/voip/webrtc/rtc_base/synchronization/yield.cc.o
build	Build APK	2026-07-23T18:35:25.7414339Z   [511/2057] Building CXX object CMakeFiles/tgcalls.dir/voip/webrtc/rtc_base/memory/aligned_malloc.cc.o
build	Build APK	2026-07-23T18:35:25.7415569Z   [512/2057] Building CXX object CMakeFiles/tgcalls.dir/voip/webrtc/rtc_base/synchronization/yield_policy.cc.o
build	Build APK	2026-07-23T18:35:25.7416791Z   [513/2057] Building CXX object CMakeFiles/tgcalls.dir/voip/webrtc/rtc_base/memory/fifo_buffer.cc.o
build	Build APK	2026-07-23T18:35:25.7417868Z   [514/2057] Building CXX object CMakeFiles/tgcalls.dir/voip/webrtc/rtc_base/helpers.cc.o
build	Build APK	2026-07-23T18:35:25.7418921Z   [515/2057] Building CXX object CMakeFiles/tgcalls.dir/voip/webrtc/rtc_base/openssl_utility.cc.o
build	Build APK	2026-07-23T18:35:25.7420025Z   [516/2057] Building CXX object CMakeFiles/tgcalls.dir/voip/webrtc/rtc_base/openssl_adapter.cc.o
build	Build APK	2026-07-23T18:35:25.7421132Z   [517/2057] Building CXX object CMakeFiles/tgcalls.dir/voip/webrtc/rtc_base/async_tcp_socket.cc.o
build	Build APK	2026-07-23T18:35:25.7422227Z   [518/2057] Building CXX object CMakeFiles/tgcalls.dir/voip/webrtc/rtc_base/openssl_digest.cc.o
build	Build APK	2026-07-23T18:35:25.7423320Z   [519/2057] Building CXX object CMakeFiles/tgcalls.dir/voip/webrtc/rtc_base/ifaddrs_android.cc.o
build	Build APK	2026-07-23T18:35:25.7424923Z   [520/2057] Building CXX object CMakeFiles/tgcalls.dir/voip/webrtc/rtc_base/experiments/bandwidth_quality_scaler_settings.cc.o
build	Build APK	2026-07-23T18:35:25.7426648Z   [521/2057] Building CXX object CMakeFiles/tgcalls.dir/voip/webrtc/rtc_base/experiments/quality_rampup_experiment.cc.o
build	Build APK	2026-07-23T18:35:25.7427985Z   [522/2057] Building CXX object CMakeFiles/tgcalls.dir/voip/webrtc/rtc_base/experiments/field_trial_list.cc.o
build	Build APK	2026-07-23T18:35:25.7432344Z   [523/2057] Building CXX object CMakeFiles/tgcalls.dir/voip/webrtc/rtc_base/experiments/quality_scaling_experiment.cc.o
build	Build APK	2026-07-23T18:35:25.7433817Z   [524/2057] Building CXX object CMakeFiles/tgcalls.dir/voip/webrtc/rtc_base/experiments/encoder_info_settings.cc.o
build	Build APK	2026-07-23T18:35:25.7435448Z   [525/2057] Building CXX object CMakeFiles/tgcalls.dir/voip/webrtc/rtc_base/experiments/field_trial_parser.cc.o
build	Build APK	2026-07-23T18:35:25.7436902Z   [526/2057] Building CXX object CMakeFiles/tgcalls.dir/voip/webrtc/rtc_base/experiments/min_video_bitrate_experiment.cc.o
build	Build APK	2026-07-23T18:35:25.7438361Z   [527/2057] Building CXX object CMakeFiles/tgcalls.dir/voip/webrtc/rtc_base/experiments/keyframe_interval_settings.cc.o
build	Build APK	2026-07-23T18:35:25.7439819Z   [528/2057] Building CXX object CMakeFiles/tgcalls.dir/voip/webrtc/rtc_base/experiments/struct_parameters_parser.cc.o
build	Build APK	2026-07-23T18:35:25.7441230Z   [529/2057] Building CXX object CMakeFiles/tgcalls.dir/voip/webrtc/rtc_base/experiments/rtt_mult_experiment.cc.o
build	Build APK	2026-07-23T18:35:25.7442687Z   [530/2057] Building CXX object CMakeFiles/tgcalls.dir/voip/webrtc/rtc_base/experiments/normalize_simulcast_size_experiment.cc.o
build	Build APK	2026-07-23T18:35:25.7444458Z   [531/2057] Building CXX object CMakeFiles/tgcalls.dir/voip/webrtc/rtc_base/experiments/balanced_degradation_settings.cc.o
build	Build APK	2026-07-23T18:35:25.7445840Z   [532/2057] Building CXX object CMakeFiles/tgcalls.dir/voip/webrtc/rtc_base/experiments/alr_experiment.cc.o
build	Build APK	2026-07-23T18:35:25.7447221Z   [533/2057] Building CXX object CMakeFiles/tgcalls.dir/voip/webrtc/rtc_base/experiments/stable_target_rate_experiment.cc.o
build	Build APK	2026-07-23T18:35:25.7448654Z   [534/2057] Building CXX object CMakeFiles/tgcalls.dir/voip/webrtc/rtc_base/experiments/cpu_speed_experiment.cc.o
build	Build APK	2026-07-23T18:35:25.7450043Z   [535/2057] Building CXX object CMakeFiles/tgcalls.dir/voip/webrtc/rtc_base/experiments/quality_scaler_settings.cc.o
build	Build APK	2026-07-23T18:35:25.7451251Z   [536/2057] Building CXX object CMakeFiles/tgcalls.dir/voip/webrtc/rtc_base/string_utils.cc.o
build	Build APK	2026-07-23T18:35:25.7452322Z   [537/2057] Building CXX object CMakeFiles/tgcalls.dir/voip/webrtc/rtc_base/memory_usage.cc.o
build	Build APK	2026-07-23T18:35:25.7453515Z   [538/2057] Building CXX object CMakeFiles/tgcalls.dir/voip/webrtc/rtc_base/experiments/field_trial_units.cc.o
build	Build APK	2026-07-23T18:35:25.7468784Z   [539/2057] Building CXX object CMakeFiles/tgcalls.dir/voip/webrtc/rtc_base/task_queue_stdlib.cc.o
build	Build APK	2026-07-23T18:35:25.7470087Z   [540/2057] Building CXX object CMakeFiles/tgcalls.dir/voip/webrtc/rtc_base/experiments/rate_control_settings.cc.o
build	Build APK	2026-07-23T18:35:25.7471368Z   [541/2057] Building CXX object CMakeFiles/tgcalls.dir/voip/webrtc/rtc_base/network/sent_packet.cc.o
build	Build APK	2026-07-23T18:35:25.7472497Z   [542/2057] Building CXX object CMakeFiles/tgcalls.dir/voip/webrtc/rtc_base/system_time.cc.o
build	Build APK	2026-07-23T18:35:25.7473638Z   [543/2057] Building CXX object CMakeFiles/tgcalls.dir/voip/webrtc/rtc_base/network/received_packet.cc.o
build	Build APK	2026-07-23T18:35:25.7475058Z   [544/2057] Building CXX object CMakeFiles/tgcalls.dir/voip/webrtc/rtc_base/operations_chain.cc.o
build	Build APK	2026-07-23T18:35:25.7476188Z   [545/2057] Building CXX object CMakeFiles/tgcalls.dir/voip/webrtc/rtc_base/string_to_number.cc.o
build	Build APK	2026-07-23T18:35:25.7477285Z   [546/2057] Building CXX object CMakeFiles/tgcalls.dir/voip/webrtc/rtc_base/string_encode.cc.o
build	Build APK	2026-07-23T18:35:25.7478423Z   [547/2057] Building CXX object CMakeFiles/tgcalls.dir/voip/webrtc/rtc_base/internal/default_socket_server.cc.o
build	Build APK	2026-07-23T18:35:25.7479653Z   [548/2057] Building CXX object CMakeFiles/tgcalls.dir/voip/webrtc/rtc_base/network_monitor_factory.cc.o
build	Build APK	2026-07-23T18:35:25.7480887Z   [549/2057] Building CXX object CMakeFiles/tgcalls.dir/voip/webrtc/rtc_base/openssl_session_cache.cc.o
build	Build APK	2026-07-23T18:35:25.7482384Z   [550/2057] Building CXX object CMakeFiles/tgcalls.dir/voip/webrtc/rtc_base/frequency_tracker.cc.o
build	Build APK	2026-07-23T18:35:25.7483525Z   [551/2057] Building CXX object CMakeFiles/tgcalls.dir/voip/webrtc/rtc_base/buffer_queue.cc.o
build	Build APK	2026-07-23T18:35:25.7484871Z   [552/2057] Building CXX object CMakeFiles/tgcalls.dir/voip/webrtc/rtc_base/crc32.cc.o
build	Build APK	2026-07-23T18:35:25.7486258Z   [553/2057] Building CXX object CMakeFiles/tgcalls.dir/voip/webrtc/rtc_base/rtc_certificate_generator.cc.o
build	Build APK	2026-07-23T18:35:25.7487480Z   [554/2057] Building CXX object CMakeFiles/tgcalls.dir/voip/webrtc/rtc_base/socket_adapters.cc.o
build	Build APK	2026-07-23T18:35:25.7487976Z   [555/2057] Building CXX object CMakeFiles/tgcalls.dir/voip/webrtc/rtc_base/openssl_key_pair.cc.o
build	Build APK	2026-07-23T18:35:25.7488405Z   [556/2057] Building CXX object CMakeFiles/tgcalls.dir/voip/webrtc/rtc_base/network.cc.o
build	Build APK	2026-07-23T18:35:25.7488994Z   [557/2057] Building CXX object CMakeFiles/tgcalls.dir/voip/webrtc/rtc_base/numerics/exp_filter.cc.o
build	Build APK	2026-07-23T18:35:25.7489445Z   [558/2057] Building CXX object CMakeFiles/tgcalls.dir/voip/webrtc/rtc_base/checks.cc.o
build	Build APK	2026-07-23T18:35:25.7489956Z   [559/2057] Building CXX object CMakeFiles/tgcalls.dir/voip/webrtc/rtc_base/openssl_identity.cc.o
build	Build APK	2026-07-23T18:35:25.7490658Z   [560/2057] Building CXX object CMakeFiles/tgcalls.dir/voip/webrtc/rtc_base/numerics/event_based_exponential_moving_average.cc.o
build	Build APK	2026-07-23T18:35:25.7491194Z   [561/2057] Building CXX object CMakeFiles/tgcalls.dir/voip/webrtc/rtc_base/boringssl_certificate.cc.o
build	Build APK	2026-07-23T18:35:25.7491819Z   [562/2057] Building CXX object CMakeFiles/tgcalls.dir/voip/webrtc/rtc_base/numerics/histogram_percentile_counter.cc.o
build	Build APK	2026-07-23T18:35:25.7492453Z   [563/2057] Building CXX object CMakeFiles/tgcalls.dir/voip/webrtc/rtc_base/system/warn_current_thread_is_deadlocked.cc.o
build	Build APK	2026-07-23T18:35:25.7492996Z   [564/2057] Building CXX object CMakeFiles/tgcalls.dir/voip/webrtc/rtc_base/numerics/moving_average.cc.o
build	Build APK	2026-07-23T18:35:25.7493528Z   [565/2057] Building CXX object CMakeFiles/tgcalls.dir/voip/webrtc/rtc_base/numerics/sample_stats.cc.o
build	Build APK	2026-07-23T18:35:25.7494298Z   [566/2057] Building CXX object CMakeFiles/tgcalls.dir/voip/webrtc/rtc_base/numerics/event_rate_counter.cc.o
build	Build APK	2026-07-23T18:35:25.7494851Z   [567/2057] Building CXX object CMakeFiles/tgcalls.dir/voip/webrtc/rtc_base/physical_socket_server.cc.o
build	Build APK	2026-07-23T18:35:25.7495326Z   [568/2057] Building CXX object CMakeFiles/tgcalls.dir/voip/webrtc/rtc_base/crypt_string.cc.o
build	Build APK	2026-07-23T18:35:25.7495860Z   [569/2057] Building CXX object CMakeFiles/tgcalls.dir/voip/webrtc/rtc_base/numerics/sample_counter.cc.o
build	Build APK	2026-07-23T18:35:25.7496377Z   [570/2057] Building CXX object CMakeFiles/tgcalls.dir/voip/webrtc/rtc_base/system/file_wrapper.cc.o
build	Build APK	2026-07-23T18:35:25.7496838Z   [571/2057] Building CXX object CMakeFiles/tgcalls.dir/voip/webrtc/rtc_base/net_helper.cc.o
build	Build APK	2026-07-23T18:35:25.7497343Z   [572/2057] Building CXX object CMakeFiles/tgcalls.dir/voip/webrtc/rtc_base/null_socket_server.cc.o
build	Build APK	2026-07-23T18:35:25.7497913Z   [573/2057] Building CXX object CMakeFiles/tgcalls.dir/voip/webrtc/rtc_base/third_party/sigslot/sigslot.cc.o
build	Build APK	2026-07-23T18:35:25.7498463Z   [574/2057] Building CXX object CMakeFiles/tgcalls.dir/voip/webrtc/rtc_base/third_party/base64/base64.cc.o
build	Build APK	2026-07-23T18:35:25.7498907Z   [575/2057] Building CXX object CMakeFiles/tgcalls.dir/voip/webrtc/rtc_base/platform_thread.cc.o
build	Build APK	2026-07-23T18:35:25.7499323Z   [576/2057] Building CXX object CMakeFiles/tgcalls.dir/voip/webrtc/rtc_base/nat_types.cc.o
build	Build APK	2026-07-23T18:35:25.7499743Z   [577/2057] Building CXX object CMakeFiles/tgcalls.dir/voip/webrtc/rtc_base/network_constants.cc.o
build	Build APK	2026-07-23T18:35:25.7500176Z   [578/2057] Building CXX object CMakeFiles/tgcalls.dir/voip/webrtc/rtc_base/proxy_server.cc.o
build	Build APK	2026-07-23T18:35:25.7500607Z   [579/2057] Building CXX object CMakeFiles/tgcalls.dir/voip/webrtc/rtc_base/memory_stream.cc.o
build	Build APK	2026-07-23T18:35:25.7501075Z   [580/2057] Building CXX object CMakeFiles/tgcalls.dir/voip/webrtc/rtc_base/openssl_stream_adapter.cc.o
build	Build APK	2026-07-23T18:35:25.7501747Z   [581/2057] Building CXX object CMakeFiles/tgcalls.dir/voip/webrtc/rtc_base/async_packet_socket.cc.o
build	Build APK	2026-07-23T18:35:25.7502135Z   [582/2057] Building CXX object CMakeFiles/tgcalls.dir/voip/webrtc/rtc_base/stream.cc.o
build	Build APK	2026-07-23T18:35:25.7502589Z   [583/2057] Building CXX object CMakeFiles/tgcalls.dir/voip/webrtc/rtc_base/boringssl_identity.cc.o
build	Build APK	2026-07-23T18:35:25.7503263Z   [584/2057] Building CXX object CMakeFiles/tgcalls.dir/voip/webrtc/rtc_base/rtc_certificate.cc.o
build	Build APK	2026-07-23T18:35:25.7503787Z   [585/2057] Building CXX object CMakeFiles/tgcalls.dir/voip/webrtc/rtc_base/server_socket_adapters.cc.o
build	Build APK	2026-07-23T18:35:25.7504460Z   [586/2057] Building CXX object CMakeFiles/tgcalls.dir/voip/webrtc/rtc_base/random.cc.o
build	Build APK	2026-07-23T18:35:25.7504999Z   [587/2057] Building CXX object CMakeFiles/tgcalls.dir/voip/webrtc/rtc_base/task_utils/repeating_task.cc.o
build	Build APK	2026-07-23T18:35:25.7505465Z   [588/2057] Building CXX object CMakeFiles/tgcalls.dir/voip/webrtc/rtc_base/rate_limiter.cc.o
build	Build APK	2026-07-23T18:35:25.7505926Z   [589/2057] Building CXX object CMakeFiles/tgcalls.dir/voip/webrtc/rtc_base/zero_memory.cc.o
build	Build APK	2026-07-23T18:35:25.7506376Z   [590/2057] Building CXX object CMakeFiles/tgcalls.dir/voip/webrtc/rtc_base/log_sinks.cc.o
build	Build APK	2026-07-23T18:35:25.7506905Z   [591/2057] Building CXX object CMakeFiles/tgcalls.dir/voip/webrtc/rtc_base/unique_id_generator.cc.o
build	Build APK	2026-07-23T18:35:25.7507380Z   [592/2057] Building CXX object CMakeFiles/tgcalls.dir/voip/webrtc/rtc_base/ssl_adapter.cc.o
build	Build APK	2026-07-23T18:35:25.7507844Z   [593/2057] Building CXX object CMakeFiles/tgcalls.dir/voip/webrtc/rtc_base/time_utils.cc.o
build	Build APK	2026-07-23T18:35:25.7508293Z   [594/2057] Building CXX object CMakeFiles/tgcalls.dir/voip/webrtc/rtc_base/weak_ptr.cc.o
build	Build APK	2026-07-23T18:35:25.7508817Z   [595/2057] Building CXX object CMakeFiles/tgcalls.dir/voip/webrtc/rtc_base/platform_thread_types.cc.o
build	Build APK	2026-07-23T18:35:25.7509298Z   [596/2057] Building CXX object CMakeFiles/tgcalls.dir/voip/webrtc/rtc_base/socket_stream.cc.o
build	Build APK	2026-07-23T18:35:25.7509755Z   [597/2057] Building CXX object CMakeFiles/tgcalls.dir/voip/webrtc/rtc_base/nat_server.cc.o
build	Build APK	2026-07-23T18:35:25.7510268Z   [598/2057] Building CXX object CMakeFiles/tgcalls.dir/voip/webrtc/rtc_base/fake_ssl_identity.cc.o
build	Build APK	2026-07-23T18:35:25.7510759Z   [599/2057] Building CXX object CMakeFiles/tgcalls.dir/voip/webrtc/rtc_base/ssl_fingerprint.cc.o
build	Build APK	2026-07-23T18:35:25.7511191Z   [600/2057] Building CXX object CMakeFiles/tgcalls.dir/voip/webrtc/rtc_base/event.cc.o
build	Build APK	2026-07-23T18:35:25.7511709Z   [601/2057] Building CXX object CMakeFiles/tgcalls.dir/voip/webrtc/rtc_base/async_dns_resolver.cc.o
build	Build APK	2026-07-23T18:35:25.7512177Z   [602/2057] Building CXX object CMakeFiles/tgcalls.dir/voip/webrtc/rtc_base/event_tracer.cc.o
build	Build APK	2026-07-23T18:35:25.7512702Z   [603/2057] Building CXX object CMakeFiles/tgcalls.dir/voip/webrtc/rtc_base/containers/flat_tree.cc.o
build	Build APK	2026-07-23T18:35:25.7513190Z   [604/2057] Building CXX object CMakeFiles/tgcalls.dir/voip/webrtc/rtc_base/message_digest.cc.o
build	Build APK	2026-07-23T18:35:25.7513661Z   [605/2057] Building CXX object CMakeFiles/tgcalls.dir/voip/webrtc/rtc_base/callback_list.cc.o
build	Build APK	2026-07-23T18:35:25.7514346Z   [606/2057] Building CXX object CMakeFiles/tgcalls.dir/voip/webrtc/rtc_base/ssl_certificate.cc.o
build	Build APK	2026-07-23T18:35:25.7514875Z   [607/2057] Building CXX object CMakeFiles/tgcalls.dir/voip/webrtc/rtc_base/ssl_stream_adapter.cc.o
build	Build APK	2026-07-23T18:35:25.7515316Z   [608/2057] Building CXX object CMakeFiles/tgcalls.dir/voip/webrtc/rtc_base/logging.cc.o
build	Build APK	2026-07-23T18:35:25.7515799Z   [609/2057] Building CXX object CMakeFiles/tgcalls.dir/voip/webrtc/rtc_base/socket_address.cc.o
build	Build APK	2026-07-23T18:35:25.7516311Z   [610/2057] Building CXX object CMakeFiles/tgcalls.dir/voip/webrtc/rtc_base/socket_address_pair.cc.o
build	Build APK	2026-07-23T18:35:25.7516824Z   [611/2057] Building CXX object CMakeFiles/tgcalls.dir/voip/webrtc/rtc_base/copy_on_write_buffer.cc.o
build	Build APK	2026-07-23T18:35:25.7517269Z   [612/2057] Building CXX object CMakeFiles/tgcalls.dir/voip/webrtc/rtc_base/cpu_time.cc.o
build	Build APK	2026-07-23T18:35:25.7517791Z   [613/2057] Building CXX object CMakeFiles/tgcalls.dir/voip/webrtc/rtc_base/file_rotating_stream.cc.o
build	Build APK	2026-07-23T18:35:25.7518475Z   [614/2057] Building CXX object CMakeFiles/tgcalls.dir/voip/webrtc/rtc_base/fake_clock.cc.o
build	Build APK	2026-07-23T18:35:25.7518934Z   [615/2057] Building CXX object CMakeFiles/tgcalls.dir/voip/webrtc/rtc_base/network_route.cc.o
build	Build APK	2026-07-23T18:35:25.7519496Z   [616/2057] Building CXX object CMakeFiles/tgcalls.dir/voip/webrtc/rtc_base/firewall_socket_server.cc.o
build	Build APK	2026-07-23T18:35:25.7520194Z   [617/2057] Building CXX object CMakeFiles/tgcalls.dir/voip/webrtc/rtc_base/rate_tracker.cc.o
build	Build APK	2026-07-23T18:35:25.7520684Z   [618/2057] Building CXX object CMakeFiles/tgcalls.dir/voip/webrtc/rtc_base/openssl_certificate.cc.o
build	Build APK	2026-07-23T18:35:25.7521129Z   [619/2057] Building CXX object CMakeFiles/tgcalls.dir/voip/webrtc/rtc_base/task_queue.cc.o
build	Build APK	2026-07-23T18:35:25.7521535Z   [620/2057] Building CXX object CMakeFiles/tgcalls.dir/voip/webrtc/rtc_base/thread.cc.o
build	Build APK	2026-07-23T18:35:25.7521930Z   [621/2057] Building CXX object CMakeFiles/tgcalls.dir/voip/webrtc/rtc_base/proxy_info.cc.o
build	Build APK	2026-07-23T18:35:25.7522408Z   [622/2057] Building CXX object CMakeFiles/tgcalls.dir/voip/webrtc/rtc_base/async_udp_socket.cc.o
build	Build APK	2026-07-23T18:35:25.7522881Z   [623/2057] Building CXX object CMakeFiles/tgcalls.dir/voip/webrtc/rtc_base/async_socket.cc.o
build	Build APK	2026-07-23T18:35:25.7523526Z   [624/2057] Building CXX object CMakeFiles/tgcalls.dir/voip/webrtc/rtc_base/deprecated/recursive_critical_section.cc.o
build	Build APK	2026-07-23T18:35:25.7524046Z   [625/2057] Building CXX object CMakeFiles/tgcalls.dir/voip/webrtc/rtc_base/rate_statistics.cc.o
build	Build APK	2026-07-23T18:35:25.7524758Z   [626/2057] Building CXX object CMakeFiles/tgcalls.dir/voip/webrtc/rtc_base/timestamp_aligner.cc.o
build	Build APK	2026-07-23T18:35:25.7525226Z   [627/2057] Building CXX object CMakeFiles/tgcalls.dir/voip/webrtc/rtc_base/byte_buffer.cc.o
build	Build APK	2026-07-23T18:35:25.7525688Z   [628/2057] Building CXX object CMakeFiles/tgcalls.dir/voip/webrtc/api/video/i210_buffer.cc.o
build	Build APK	2026-07-23T18:35:25.7526156Z   [629/2057] Building CXX object CMakeFiles/tgcalls.dir/voip/webrtc/api/video/i422_buffer.cc.o
build	Build APK	2026-07-23T18:35:25.7526748Z   [630/2057] Building CXX object CMakeFiles/tgcalls.dir/voip/webrtc/api/video/video_adaptation_counters.cc.o
build	Build APK	2026-07-23T18:35:25.7527253Z   [631/2057] Building CXX object CMakeFiles/tgcalls.dir/voip/webrtc/api/crypto/crypto_options.cc.o
build	Build APK	2026-07-23T18:35:25.7527714Z   [632/2057] Building CXX object CMakeFiles/tgcalls.dir/voip/webrtc/api/video/color_space.cc.o
build	Build APK	2026-07-23T18:35:25.7528181Z   [633/2057] Building CXX object CMakeFiles/tgcalls.dir/voip/webrtc/api/video/i410_buffer.cc.o
build	Build APK	2026-07-23T18:35:25.7528647Z   [634/2057] Building CXX object CMakeFiles/tgcalls.dir/voip/webrtc/api/video/hdr_metadata.cc.o
build	Build APK	2026-07-23T18:35:25.7529175Z   [635/2057] Building CXX object CMakeFiles/tgcalls.dir/voip/webrtc/api/video/video_frame_metadata.cc.o
build	Build APK	2026-07-23T18:35:25.7529730Z   [636/2057] Building CXX object CMakeFiles/tgcalls.dir/voip/webrtc/api/video/video_bitrate_allocation.cc.o
build	Build APK	2026-07-23T18:35:25.7530216Z   [637/2057] Building CXX object CMakeFiles/tgcalls.dir/voip/webrtc/api/video/encoded_frame.cc.o
build	Build APK	2026-07-23T18:35:25.7530910Z   [638/2057] Building CXX object CMakeFiles/tgcalls.dir/voip/webrtc/api/video/builtin_video_bitrate_allocator_factory.cc.o
build	Build APK	2026-07-23T18:35:25.7531444Z   [639/2057] Building CXX object CMakeFiles/tgcalls.dir/voip/webrtc/api/video/video_content_type.cc.o
build	Build APK	2026-07-23T18:35:25.7531914Z   [640/2057] Building CXX object CMakeFiles/tgcalls.dir/voip/webrtc/api/video/video_frame.cc.o
build	Build APK	2026-07-23T18:35:25.7532375Z   [641/2057] Building CXX object CMakeFiles/tgcalls.dir/voip/webrtc/api/video/i420_buffer.cc.o
build	Build APK	2026-07-23T18:35:25.7532845Z   [642/2057] Building CXX object CMakeFiles/tgcalls.dir/voip/webrtc/api/video/frame_buffer.cc.o
build	Build APK	2026-07-23T18:35:25.7533338Z   [643/2057] Building CXX object CMakeFiles/tgcalls.dir/voip/webrtc/api/video/encoded_image.cc.o
build	Build APK	2026-07-23T18:35:25.7533848Z   [644/2057] Building CXX object CMakeFiles/tgcalls.dir/voip/webrtc/api/video/video_bitrate_allocator.cc.o
build	Build APK	2026-07-23T18:35:25.7534459Z   [645/2057] Building CXX object CMakeFiles/tgcalls.dir/voip/webrtc/api/video/i010_buffer.cc.o
build	Build APK	2026-07-23T18:35:25.7535156Z   [646/2057] Building CXX object CMakeFiles/tgcalls.dir/voip/webrtc/api/video/i444_buffer.cc.o
build	Build APK	2026-07-23T18:35:25.7535623Z   [647/2057] Building CXX object CMakeFiles/tgcalls.dir/voip/webrtc/api/video/video_timing.cc.o
build	Build APK	2026-07-23T18:35:25.7536119Z   [648/2057] Building CXX object CMakeFiles/tgcalls.dir/voip/webrtc/api/video/video_frame_buffer.cc.o
build	Build APK	2026-07-23T18:35:25.7536768Z   [649/2057] Building CXX object CMakeFiles/tgcalls.dir/voip/webrtc/api/video/nv12_buffer.cc.o
build	Build APK	2026-07-23T18:35:25.7537296Z   [650/2057] Building CXX object CMakeFiles/tgcalls.dir/voip/webrtc/api/video/video_source_interface.cc.o
build	Build APK	2026-07-23T18:35:25.7537695Z   [651/2057] Building CXX object CMakeFiles/tgcalls.dir/voip/webrtc/api/candidate.cc.o
build	Build APK	2026-07-23T18:35:25.7538211Z   [652/2057] Building CXX object CMakeFiles/tgcalls.dir/voip/webrtc/api/transport/bitrate_settings.cc.o
build	Build APK	2026-07-23T18:35:25.7538759Z   [653/2057] Building CXX object CMakeFiles/tgcalls.dir/voip/webrtc/api/video/rtp_video_frame_assembler.cc.o
build	Build APK	2026-07-23T18:35:25.7539333Z   [654/2057] Building CXX object CMakeFiles/tgcalls.dir/voip/webrtc/api/transport/rtp/dependency_descriptor.cc.o
build	Build APK	2026-07-23T18:35:25.7539765Z   [655/2057] Building CXX object CMakeFiles/tgcalls.dir/voip/webrtc/api/transport/stun.cc.o
build	Build APK	2026-07-23T18:35:25.7540334Z   [656/2057] Building CXX object CMakeFiles/tgcalls.dir/voip/webrtc/api/transport/field_trial_based_config.cc.o
build	Build APK	2026-07-23T18:35:25.7540837Z   [657/2057] Building CXX object CMakeFiles/tgcalls.dir/voip/webrtc/api/frame_transformer_factory.cc.o
build	Build APK	2026-07-23T18:35:25.7541226Z   [658/2057] Building CXX object CMakeFiles/tgcalls.dir/voip/webrtc/api/rtc_error.cc.o
build	Build APK	2026-07-23T18:35:25.7541716Z   [659/2057] Building CXX object CMakeFiles/tgcalls.dir/voip/webrtc/api/transport/network_types.cc.o
build	Build APK	2026-07-23T18:35:25.7542088Z   [660/2057] Building CXX object CMakeFiles/tgcalls.dir/voip/webrtc/api/jsep.cc.o
build	Build APK	2026-07-23T18:35:25.7542670Z   [661/2057] Building CXX object CMakeFiles/tgcalls.dir/voip/webrtc/api/neteq/default_neteq_controller_factory.cc.o
build	Build APK	2026-07-23T18:35:25.7543188Z   [662/2057] Building CXX object CMakeFiles/tgcalls.dir/voip/webrtc/api/transport/goog_cc_factory.cc.o
build	Build APK	2026-07-23T18:35:25.7543691Z   [663/2057] Building CXX object CMakeFiles/tgcalls.dir/voip/webrtc/api/neteq/custom_neteq_factory.cc.o
build	Build APK	2026-07-23T18:35:25.7544356Z   [664/2057] Building CXX object CMakeFiles/tgcalls.dir/voip/webrtc/api/neteq/tick_timer.cc.o
build	Build APK	2026-07-23T18:35:25.7544872Z   [665/2057] Building CXX object CMakeFiles/tgcalls.dir/voip/webrtc/api/rtp_transceiver_interface.cc.o
build	Build APK	2026-07-23T18:35:25.7545374Z   [666/2057] Building CXX object CMakeFiles/tgcalls.dir/voip/webrtc/api/enable_media_with_defaults.cc.o
build	Build APK	2026-07-23T18:35:25.7545829Z   [667/2057] Building CXX object CMakeFiles/tgcalls.dir/voip/webrtc/api/legacy_stats_types.cc.o
build	Build APK	2026-07-23T18:35:25.7546239Z   [668/2057] Building CXX object CMakeFiles/tgcalls.dir/voip/webrtc/api/neteq/neteq.cc.o
build	Build APK	2026-07-23T18:35:25.7546806Z   [669/2057] Building CXX object CMakeFiles/tgcalls.dir/voip/webrtc/api/audio_codecs/g711/audio_decoder_g711.cc.o
build	Build APK	2026-07-23T18:35:25.7547246Z   [670/2057] Building CXX object CMakeFiles/tgcalls.dir/voip/webrtc/api/rtp_packet_info.cc.o
build	Build APK	2026-07-23T18:35:25.7547835Z   [671/2057] Building CXX object CMakeFiles/tgcalls.dir/voip/webrtc/api/audio_codecs/opus_audio_encoder_factory.cc.o
build	Build APK	2026-07-23T18:35:25.7548390Z   [672/2057] Building CXX object CMakeFiles/tgcalls.dir/voip/webrtc/api/audio_codecs/L16/audio_encoder_L16.cc.o
build	Build APK	2026-07-23T18:35:25.7548935Z   [673/2057] Building CXX object CMakeFiles/tgcalls.dir/voip/webrtc/api/audio_codecs/L16/audio_decoder_L16.cc.o
build	Build APK	2026-07-23T18:35:25.7549625Z   [674/2057] Building CXX object CMakeFiles/tgcalls.dir/voip/webrtc/api/audio_codecs/opus/audio_encoder_multi_channel_opus_config.cc.o
build	Build APK	2026-07-23T18:35:25.7550159Z   [675/2057] Building CXX object CMakeFiles/tgcalls.dir/voip/webrtc/api/audio_codecs/g711/audio_encoder_g711.cc.o
build	Build APK	2026-07-23T18:35:25.7550664Z   [676/2057] Building CXX object CMakeFiles/tgcalls.dir/voip/webrtc/api/audio_codecs/audio_encoder.cc.o
build	Build APK	2026-07-23T18:35:25.7551473Z   [677/2057] Building CXX object CMakeFiles/tgcalls.dir/voip/webrtc/api/audio_codecs/opus/audio_encoder_opus_config.cc.o
build	Build APK	2026-07-23T18:35:25.7552053Z   [678/2057] Building CXX object CMakeFiles/tgcalls.dir/voip/webrtc/api/audio_codecs/opus/audio_encoder_opus.cc.o
build	Build APK	2026-07-23T18:35:25.7552921Z   [679/2057] Building CXX object CMakeFiles/tgcalls.dir/voip/webrtc/api/audio_codecs/opus/audio_encoder_multi_channel_opus.cc.o
build	Build APK	2026-07-23T18:35:25.7553485Z   [680/2057] Building CXX object CMakeFiles/tgcalls.dir/voip/webrtc/api/audio_codecs/opus/audio_decoder_opus.cc.o
build	Build APK	2026-07-23T18:35:25.7554373Z   [681/2057] Building CXX object CMakeFiles/tgcalls.dir/voip/webrtc/api/audio_codecs/builtin_audio_decoder_factory.cc.o
build	Build APK	2026-07-23T18:35:25.7555064Z   [682/2057] Building CXX object CMakeFiles/tgcalls.dir/voip/webrtc/api/audio_codecs/opus/audio_decoder_multi_channel_opus.cc.o
build	Build APK	2026-07-23T18:35:25.7555646Z   [683/2057] Building CXX object CMakeFiles/tgcalls.dir/voip/webrtc/api/audio_codecs/g722/audio_encoder_g722.cc.o
build	Build APK	2026-07-23T18:35:25.7556191Z   [684/2057] Building CXX object CMakeFiles/tgcalls.dir/voip/webrtc/api/audio_codecs/audio_decoder.cc.o
build	Build APK	2026-07-23T18:35:25.7556713Z   [685/2057] Building CXX object CMakeFiles/tgcalls.dir/voip/webrtc/api/audio_codecs/audio_format.cc.o
build	Build APK	2026-07-23T18:35:25.7557345Z   [686/2057] Building CXX object CMakeFiles/tgcalls.dir/voip/webrtc/api/audio_codecs/opus_audio_decoder_factory.cc.o
build	Build APK	2026-07-23T18:35:25.7557920Z   [687/2057] Building CXX object CMakeFiles/tgcalls.dir/voip/webrtc/api/audio_codecs/g722/audio_decoder_g722.cc.o
build	Build APK	2026-07-23T18:35:25.7558551Z   [688/2057] Building CXX object CMakeFiles/tgcalls.dir/voip/webrtc/api/audio_codecs/builtin_audio_encoder_factory.cc.o
build	Build APK	2026-07-23T18:35:25.7559112Z   [689/2057] Building CXX object CMakeFiles/tgcalls.dir/voip/webrtc/api/audio_codecs/audio_codec_pair_id.cc.o
build	Build APK	2026-07-23T18:35:25.7559554Z   [690/2057] Building CXX object CMakeFiles/tgcalls.dir/voip/webrtc/api/audio_options.cc.o
build	Build APK	2026-07-23T18:35:25.7560174Z   [691/2057] Building CXX object CMakeFiles/tgcalls.dir/voip/webrtc/api/audio_codecs/ilbc/audio_decoder_ilbc.cc.o
build	Build APK	2026-07-23T18:35:25.7560764Z   [692/2057] Building CXX object CMakeFiles/tgcalls.dir/voip/webrtc/api/audio_codecs/ilbc/audio_encoder_ilbc.cc.o
build	Build APK	2026-07-23T18:35:25.7561446Z   [693/2057] Building CXX object CMakeFiles/tgcalls.dir/voip/webrtc/api/task_queue/default_task_queue_factory_libevent.cc.o
build	Build APK	2026-07-23T18:35:25.7561990Z   [694/2057] Building CXX object CMakeFiles/tgcalls.dir/voip/webrtc/api/sctp_transport_interface.cc.o
build	Build APK	2026-07-23T18:35:25.7562466Z   [695/2057] Building CXX object CMakeFiles/tgcalls.dir/voip/webrtc/api/rtc_event_log/rtc_event.cc.o
build	Build APK	2026-07-23T18:35:25.7562972Z   [696/2057] Building CXX object CMakeFiles/tgcalls.dir/voip/webrtc/api/rtp_receiver_interface.cc.o
build	Build APK	2026-07-23T18:35:25.7563601Z   [697/2057] Building CXX object CMakeFiles/tgcalls.dir/voip/webrtc/modules/audio_device/android/aaudio_wrapper.cc.o
build	Build APK	2026-07-23T18:35:25.7564375Z   [698/2057] Building CXX object CMakeFiles/tgcalls.dir/voip/webrtc/api/rtc_event_log/rtc_event_log.cc.o
build	Build APK	2026-07-23T18:35:25.7564970Z   [699/2057] Building CXX object CMakeFiles/tgcalls.dir/voip/webrtc/api/rtc_event_log/rtc_event_log_factory.cc.o
build	Build APK	2026-07-23T18:35:25.7565455Z   [700/2057] Building CXX object CMakeFiles/tgcalls.dir/voip/yasuaudio/yasu_audio_report.cc.o
build	Build APK	2026-07-23T18:35:25.7565899Z   [701/2057] Building CXX object CMakeFiles/tgcalls.dir/voip/webrtc/api/media_types.cc.o
build	Build APK	2026-07-23T18:35:25.7566486Z   [702/2057] Building CXX object CMakeFiles/tgcalls.dir/voip/webrtc/api/task_queue/pending_task_safety_flag.cc.o
build	Build APK	2026-07-23T18:35:25.7567013Z   [703/2057] Building CXX object CMakeFiles/tgcalls.dir/voip/webrtc/api/task_queue/task_queue_base.cc.o
build	Build APK	2026-07-23T18:35:25.7567482Z   [704/2057] Building CXX object CMakeFiles/tgcalls.dir/voip/webrtc/api/units/timestamp.cc.o
build	Build APK	2026-07-23T18:35:25.7567939Z   [705/2057] Building CXX object CMakeFiles/tgcalls.dir/voip/webrtc/api/units/data_size.cc.o
build	Build APK	2026-07-23T18:35:25.7568702Z   [706/2057] Building CXX object CMakeFiles/tgcalls.dir/voip/webrtc/api/units/frequency.cc.o
build	Build APK	2026-07-23T18:35:25.7569207Z   [707/2057] Building CXX object CMakeFiles/tgcalls.dir/voip/webrtc/api/media_stream_interface.cc.o
build	Build APK	2026-07-23T18:35:25.7569668Z   [708/2057] Building CXX object CMakeFiles/tgcalls.dir/voip/webrtc/api/units/data_rate.cc.o
build	Build APK	2026-07-23T18:35:25.7570402Z   [709/2057] Building CXX object CMakeFiles/tgcalls.dir/voip/webrtc/api/units/time_delta.cc.o
build	Build APK	2026-07-23T18:35:25.7570956Z   [710/2057] Building CXX object CMakeFiles/tgcalls.dir/voip/webrtc/api/create_peerconnection_factory.cc.o
build	Build APK	2026-07-23T18:35:25.7571413Z   [711/2057] Building CXX object CMakeFiles/tgcalls.dir/voip/webrtc/api/rtp_parameters.cc.o
build	Build APK	2026-07-23T18:35:25.7571937Z   [712/2057] Building CXX object CMakeFiles/tgcalls.dir/voip/webrtc/api/video_codecs/spatial_layer.cc.o
build	Build APK	2026-07-23T18:35:25.7572447Z   [713/2057] Building CXX object CMakeFiles/tgcalls.dir/voip/webrtc/api/video_codecs/av1_profile.cc.o
build	Build APK	2026-07-23T18:35:25.7573005Z   [714/2057] Building CXX object CMakeFiles/tgcalls.dir/voip/webrtc/api/video_codecs/simulcast_stream.cc.o
build	Build APK	2026-07-23T18:35:25.7573577Z   [715/2057] Building CXX object CMakeFiles/tgcalls.dir/voip/webrtc/api/video_codecs/h264_profile_level_id.cc.o
build	Build APK	2026-07-23T18:35:25.7574504Z   [716/2057] Building CXX object CMakeFiles/tgcalls.dir/voip/webrtc/api/video_codecs/vp8_temporal_layers_factory.cc.o
build	Build APK	2026-07-23T18:35:25.7575140Z   [717/2057] Building CXX object CMakeFiles/tgcalls.dir/voip/webrtc/api/video_codecs/h265_profile_tier_level.cc.o
build	Build APK	2026-07-23T18:35:25.7575707Z   [718/2057] Building CXX object CMakeFiles/tgcalls.dir/voip/webrtc/api/video_codecs/vp8_temporal_layers.cc.o
build	Build APK	2026-07-23T18:35:25.7576339Z   [719/2057] Building CXX object CMakeFiles/tgcalls.dir/voip/webrtc/api/video_codecs/builtin_video_decoder_factory.cc.o
build	Build APK	2026-07-23T18:35:25.7576871Z   [720/2057] Building CXX object CMakeFiles/tgcalls.dir/voip/webrtc/api/video_codecs/video_decoder.cc.o
build	Build APK	2026-07-23T18:35:25.7577463Z   [721/2057] Building CXX object CMakeFiles/tgcalls.dir/voip/webrtc/api/video_codecs/video_decoder_factory.cc.o
build	Build APK	2026-07-23T18:35:25.7578110Z   [722/2057] Building CXX object CMakeFiles/tgcalls.dir/voip/webrtc/api/video_codecs/scalability_mode_helper.cc.o
build	Build APK	2026-07-23T18:35:25.7578630Z   [723/2057] Building CXX object CMakeFiles/tgcalls.dir/voip/webrtc/api/video_codecs/video_codec.cc.o
build	Build APK	2026-07-23T18:35:25.7579328Z   [724/2057] Building CXX object CMakeFiles/tgcalls.dir/voip/webrtc/api/video_codecs/video_decoder_software_fallback_wrapper.cc.o
build	Build APK	2026-07-23T18:35:25.7579875Z   [725/2057] Building CXX object CMakeFiles/tgcalls.dir/voip/webrtc/api/video_codecs/scalability_mode.cc.o
build	Build APK	2026-07-23T18:35:25.7580411Z   [726/2057] Building CXX object CMakeFiles/tgcalls.dir/voip/webrtc/api/video_codecs/sdp_video_format.cc.o
build	Build APK	2026-07-23T18:35:25.7581037Z   [727/2057] Building CXX object CMakeFiles/tgcalls.dir/voip/webrtc/api/video_codecs/builtin_video_encoder_factory.cc.o
build	Build APK	2026-07-23T18:35:25.7581572Z   [728/2057] Building CXX object CMakeFiles/tgcalls.dir/voip/webrtc/api/video_codecs/vp8_frame_config.cc.o
build	Build APK	2026-07-23T18:35:25.7581996Z   [729/2057] Building CXX object CMakeFiles/tgcalls.dir/voip/webrtc/api/audio/audio_frame.cc.o
build	Build APK	2026-07-23T18:35:25.7582515Z   [730/2057] Building CXX object CMakeFiles/tgcalls.dir/voip/webrtc/api/video_codecs/video_encoder.cc.o
build	Build APK	2026-07-23T18:35:25.7583180Z   [731/2057] Building CXX object CMakeFiles/tgcalls.dir/voip/webrtc/api/video_codecs/video_encoder_software_fallback_wrapper.cc.o
build	Build APK	2026-07-23T18:35:25.7583626Z   [732/2057] Building CXX object CMakeFiles/tgcalls.dir/voip/webrtc/api/call/transport.cc.o
build	Build APK	2026-07-23T18:35:25.7584343Z   [733/2057] Building CXX object CMakeFiles/tgcalls.dir/voip/webrtc/api/audio/echo_detector_creator.cc.o
build	Build APK	2026-07-23T18:35:25.7584840Z   [734/2057] Building CXX object CMakeFiles/tgcalls.dir/voip/webrtc/api/video_codecs/vp9_profile.cc.o
build	Build APK	2026-07-23T18:35:25.7585384Z   [735/2057] Building CXX object CMakeFiles/tgcalls.dir/voip/webrtc/api/numerics/samples_stats_counter.cc.o
build	Build APK	2026-07-23T18:35:25.7585902Z   [736/2057] Building CXX object CMakeFiles/tgcalls.dir/voip/webrtc/api/audio/echo_canceller3_config.cc.o
build	Build APK	2026-07-23T18:35:25.7586569Z   [737/2057] Building CXX object CMakeFiles/tgcalls.dir/voip/webrtc/api/audio/channel_layout.cc.o
build	Build APK	2026-07-23T18:35:25.7587061Z   [738/2057] Building CXX object CMakeFiles/tgcalls.dir/voip/webrtc/api/dtls_transport_interface.cc.o
build	Build APK	2026-07-23T18:35:25.7587736Z   [739/2057] Building CXX object CMakeFiles/tgcalls.dir/voip/webrtc/api/rtp_sender_interface.cc.o
build	Build APK	2026-07-23T18:35:25.7588149Z   [740/2057] Building CXX object CMakeFiles/tgcalls.dir/voip/webrtc/api/field_trials.cc.o
build	Build APK	2026-07-23T18:35:25.7588654Z   [741/2057] Building CXX object CMakeFiles/tgcalls.dir/voip/webrtc/api/audio/echo_canceller3_factory.cc.o
build	Build APK	2026-07-23T18:35:25.7589049Z   [742/2057] Building CXX object CMakeFiles/tgcalls.dir/voip/webrtc/api/rtp_headers.cc.o
build	Build APK	2026-07-23T18:35:25.7589512Z   [743/2057] Building CXX object CMakeFiles/tgcalls.dir/voip/webrtc/api/field_trials_registry.cc.o
build	Build APK	2026-07-23T18:35:25.7589961Z   [744/2057] Building CXX object CMakeFiles/tgcalls.dir/voip/webrtc/api/adaptation/resource.cc.o
build	Build APK	2026-07-23T18:35:25.7590504Z   [745/2057] Building CXX object CMakeFiles/tgcalls.dir/voip/webrtc/api/environment/environment_factory.cc.o
build	Build APK	2026-07-23T18:35:25.7590968Z   [746/2057] Building CXX object CMakeFiles/tgcalls.dir/voip/webrtc/api/data_channel_interface.cc.o
build	Build APK	2026-07-23T18:35:25.7591454Z   [747/2057] Building CXX object CMakeFiles/tgcalls.dir/voip/webrtc/api/rtc_event_log_output_file.cc.o
build	Build APK	2026-07-23T18:35:25.7591914Z   [748/2057] Building CXX object CMakeFiles/tgcalls.dir/voip/webrtc/api/ice_transport_factory.cc.o
build	Build APK	2026-07-23T18:35:25.7592355Z   [749/2057] Building CXX object CMakeFiles/tgcalls.dir/voip/webrtc/api/jsep_ice_candidate.cc.o
build	Build APK	2026-07-23T18:35:25.7592829Z   [750/2057] Building CXX object CMakeFiles/tgcalls.dir/voip/webrtc/api/voip/voip_engine_factory.cc.o
build	Build APK	2026-07-23T18:35:25.7593314Z   [751/2057] Building CXX object CMakeFiles/tgcalls.dir/voip/webrtc/api/peer_connection_interface.cc.o
build	Build APK	2026-07-23T18:35:25.7593716Z   [752/2057] Building CXX object CMakeFiles/tgcalls.dir/voip/webrtc/pc/rtp_receiver.cc.o
build	Build APK	2026-07-23T18:35:25.7594293Z   [753/2057] Building CXX object CMakeFiles/tgcalls.dir/voip/webrtc/api/enable_media.cc.o
build	Build APK	2026-07-23T18:35:25.7594745Z   [754/2057] Building CXX object CMakeFiles/tgcalls.dir/voip/webrtc/pc/media_protocol_names.cc.o
build	Build APK	2026-07-23T18:35:25.7595190Z   [755/2057] Building CXX object CMakeFiles/tgcalls.dir/voip/webrtc/pc/connection_context.cc.o
build	Build APK	2026-07-23T18:35:25.7595577Z   [756/2057] Building CXX object CMakeFiles/tgcalls.dir/voip/webrtc/pc/video_track.cc.o
build	Build APK	2026-07-23T18:35:25.7595990Z   [757/2057] Building CXX object CMakeFiles/tgcalls.dir/voip/webrtc/pc/rtcp_mux_filter.cc.o
build	Build APK	2026-07-23T18:35:25.7596405Z   [758/2057] Building CXX object CMakeFiles/tgcalls.dir/voip/webrtc/pc/rtp_media_utils.cc.o
build	Build APK	2026-07-23T18:35:25.7596817Z   [759/2057] Building CXX object CMakeFiles/tgcalls.dir/voip/webrtc/pc/srtp_transport.cc.o
build	Build APK	2026-07-23T18:35:25.7597209Z   [760/2057] Building CXX object CMakeFiles/tgcalls.dir/voip/webrtc/pc/rtp_transport.cc.o
build	Build APK	2026-07-23T18:35:25.7597615Z   [761/2057] Building CXX object CMakeFiles/tgcalls.dir/voip/webrtc/pc/srtp_session.cc.o
build	Build APK	2026-07-23T18:35:25.7598099Z   [762/2057] Building CXX object CMakeFiles/tgcalls.dir/voip/webrtc/pc/rtp_parameters_conversion.cc.o
build	Build APK	2026-07-23T18:35:25.7598570Z   [763/2057] Building CXX object CMakeFiles/tgcalls.dir/voip/webrtc/pc/jsep_session_description.cc.o
build	Build APK	2026-07-23T18:35:25.7598983Z   [764/2057] Building CXX object CMakeFiles/tgcalls.dir/voip/webrtc/pc/dtls_transport.cc.o
build	Build APK	2026-07-23T18:35:25.7599382Z   [765/2057] Building CXX object CMakeFiles/tgcalls.dir/voip/webrtc/pc/ice_transport.cc.o
build	Build APK	2026-07-23T18:35:25.7599763Z   [766/2057] Building CXX object CMakeFiles/tgcalls.dir/voip/webrtc/pc/dtmf_sender.cc.o
build	Build APK	2026-07-23T18:35:25.7600199Z   [767/2057] Building CXX object CMakeFiles/tgcalls.dir/voip/webrtc/pc/video_rtp_receiver.cc.o
build	Build APK	2026-07-23T18:35:25.7600665Z   [768/2057] Building CXX object CMakeFiles/tgcalls.dir/voip/webrtc/pc/data_channel_controller.cc.o
build	Build APK	2026-07-23T18:35:25.7601278Z   [769/2057] Building CXX object CMakeFiles/tgcalls.dir/voip/webrtc/pc/sctp_utils.cc.o
build	Build APK	2026-07-23T18:35:25.7601662Z   [770/2057] Building CXX object CMakeFiles/tgcalls.dir/voip/webrtc/pc/media_stream.cc.o
build	Build APK	2026-07-23T18:35:25.7602113Z   [771/2057] Building CXX object CMakeFiles/tgcalls.dir/voip/webrtc/pc/track_media_info_map.cc.o
build	Build APK	2026-07-23T18:35:25.7602866Z   [772/2057] Building CXX object CMakeFiles/tgcalls.dir/voip/webrtc/logging/rtc_event_log/encoder/delta_encoding.cc.o
build	Build APK	2026-07-23T18:35:25.7603569Z   [773/2057] Building CXX object CMakeFiles/tgcalls.dir/voip/webrtc/logging/rtc_event_log/encoder/rtc_event_log_encoder_common.cc.o
build	Build APK	2026-07-23T18:35:25.7604299Z   [774/2057] Building CXX object CMakeFiles/tgcalls.dir/voip/webrtc/pc/jsep_transport_controller.cc.o
build	Build APK	2026-07-23T18:35:25.7604831Z   [775/2057] Building CXX object CMakeFiles/tgcalls.dir/voip/webrtc/pc/simulcast_sdp_serializer.cc.o
build	Build APK	2026-07-23T18:35:25.7605396Z   [776/2057] Building CXX object CMakeFiles/tgcalls.dir/voip/webrtc/logging/rtc_event_log/encoder/var_int.cc.o
build	Build APK	2026-07-23T18:35:25.7605885Z   [777/2057] Building CXX object CMakeFiles/tgcalls.dir/voip/webrtc/pc/remote_audio_source.cc.o
build	Build APK	2026-07-23T18:35:25.7606602Z   [778/2057] Building CXX object CMakeFiles/tgcalls.dir/voip/webrtc/logging/rtc_event_log/events/rtc_event_probe_result_failure.cc.o
build	Build APK	2026-07-23T18:35:25.7607041Z   [779/2057] Building CXX object CMakeFiles/tgcalls.dir/voip/webrtc/pc/media_session.cc.o
build	Build APK	2026-07-23T18:35:25.7607744Z   [780/2057] Building CXX object CMakeFiles/tgcalls.dir/voip/webrtc/logging/rtc_event_log/events/rtc_event_probe_result_success.cc.o
build	Build APK	2026-07-23T18:35:25.7608160Z   [781/2057] Building CXX object CMakeFiles/tgcalls.dir/voip/webrtc/pc/audio_track.cc.o
build	Build APK	2026-07-23T18:35:25.7608630Z   [782/2057] Building CXX object CMakeFiles/tgcalls.dir/voip/webrtc/pc/jitter_buffer_delay.cc.o
build	Build APK	2026-07-23T18:35:25.7609315Z   [783/2057] Building CXX object CMakeFiles/tgcalls.dir/voip/webrtc/logging/rtc_event_log/events/rtc_event_rtp_packet_outgoing.cc.o
build	Build APK	2026-07-23T18:35:25.7609770Z   [784/2057] Building CXX object CMakeFiles/tgcalls.dir/voip/webrtc/pc/rtc_stats_traversal.cc.o
build	Build APK	2026-07-23T18:35:25.7610161Z   [785/2057] Building CXX object CMakeFiles/tgcalls.dir/voip/webrtc/pc/sdp_utils.cc.o
build	Build APK	2026-07-23T18:35:25.7610623Z   [786/2057] Building CXX object CMakeFiles/tgcalls.dir/voip/webrtc/pc/video_rtp_track_source.cc.o
build	Build APK	2026-07-23T18:35:25.7611009Z   [787/2057] Building CXX object CMakeFiles/tgcalls.dir/voip/webrtc/pc/channel.cc.o
build	Build APK	2026-07-23T18:35:25.7611375Z   [788/2057] Building CXX object CMakeFiles/tgcalls.dir/voip/webrtc/pc/proxy.cc.o
build	Build APK	2026-07-23T18:35:25.7611820Z   [789/2057] Building CXX object CMakeFiles/tgcalls.dir/voip/webrtc/pc/session_description.cc.o
build	Build APK	2026-07-23T18:35:25.7612268Z   [790/2057] Building CXX object CMakeFiles/tgcalls.dir/voip/webrtc/pc/dtls_srtp_transport.cc.o
build	Build APK	2026-07-23T18:35:25.7612703Z   [791/2057] Building CXX object CMakeFiles/tgcalls.dir/voip/webrtc/pc/video_track_source.cc.o
build	Build APK	2026-07-23T18:35:25.7613083Z   [792/2057] Building CXX object CMakeFiles/tgcalls.dir/voip/webrtc/pc/webrtc_sdp.cc.o
build	Build APK	2026-07-23T18:35:25.7613471Z   [793/2057] Building CXX object CMakeFiles/tgcalls.dir/voip/webrtc/pc/rtp_sender.cc.o
build	Build APK	2026-07-23T18:35:25.7613900Z   [794/2057] Building CXX object CMakeFiles/tgcalls.dir/voip/webrtc/pc/rtp_transceiver.cc.o
build	Build APK	2026-07-23T18:35:25.7614515Z   [795/2057] Building CXX object CMakeFiles/tgcalls.dir/voip/webrtc/pc/local_audio_source.cc.o
build	Build APK	2026-07-23T18:35:25.7615050Z   [796/2057] Building CXX object CMakeFiles/tgcalls.dir/voip/webrtc/pc/peer_connection_message_handler.cc.o
build	Build APK	2026-07-23T18:35:25.7615466Z   [797/2057] Building CXX object CMakeFiles/tgcalls.dir/voip/webrtc/pc/jsep_transport.cc.o
build	Build APK	2026-07-23T18:35:25.7615875Z   [798/2057] Building CXX object CMakeFiles/tgcalls.dir/voip/webrtc/pc/sctp_transport.cc.o
build	Build APK	2026-07-23T18:35:25.7616299Z   [799/2057] Building CXX object CMakeFiles/tgcalls.dir/voip/webrtc/pc/sctp_data_channel.cc.o
build	Build APK	2026-07-23T18:35:25.7616723Z   [800/2057] Building CXX object CMakeFiles/tgcalls.dir/voip/webrtc/pc/transceiver_list.cc.o
build	Build APK	2026-07-23T18:35:25.7617356Z   [801/2057] Building CXX object CMakeFiles/tgcalls.dir/voip/webrtc/pc/rtc_stats_collector.cc.o
build	Build APK	2026-07-23T18:35:25.7617838Z   [802/2057] Building CXX object CMakeFiles/tgcalls.dir/voip/webrtc/pc/jsep_transport_collection.cc.o
build	Build APK	2026-07-23T18:35:25.7618257Z   [803/2057] Building CXX object CMakeFiles/tgcalls.dir/voip/webrtc/pc/transport_stats.cc.o
build	Build APK	2026-07-23T18:35:25.7618830Z   [804/2057] Building CXX object CMakeFiles/tgcalls.dir/voip/webrtc/pc/data_channel_utils.cc.o
build	Build APK	2026-07-23T18:35:25.7619293Z   [805/2057] Building CXX object CMakeFiles/tgcalls.dir/voip/webrtc/pc/peer_connection_factory.cc.o
build	Build APK	2026-07-23T18:35:25.7619770Z   [806/2057] Building CXX object CMakeFiles/tgcalls.dir/voip/webrtc/pc/rtp_transmission_manager.cc.o
build	Build APK	2026-07-23T18:35:25.7620172Z   [807/2057] Building CXX object CMakeFiles/tgcalls.dir/voip/webrtc/pc/external_hmac.cc.o
build	Build APK	2026-07-23T18:35:25.7620597Z   [808/2057] Building CXX object CMakeFiles/tgcalls.dir/voip/webrtc/pc/jsep_ice_candidate.cc.o
build	Build APK	2026-07-23T18:35:25.7621065Z   [809/2057] Building CXX object CMakeFiles/tgcalls.dir/voip/webrtc/pc/legacy_stats_collector.cc.o
build	Build APK	2026-07-23T18:35:25.7621496Z   [810/2057] Building CXX object CMakeFiles/tgcalls.dir/voip/webrtc/pc/audio_rtp_receiver.cc.o
build	Build APK	2026-07-23T18:35:25.7621951Z   [811/2057] Building CXX object CMakeFiles/tgcalls.dir/voip/webrtc/pc/simulcast_description.cc.o
build	Build APK	2026-07-23T18:35:25.7622429Z   [812/2057] Building CXX object CMakeFiles/tgcalls.dir/voip/webrtc/pc/video_track_source_proxy.cc.o
build	Build APK	2026-07-23T18:35:25.7623049Z   [813/2057] Building CXX object CMakeFiles/tgcalls.dir/voip/webrtc/sdk/android/src/jni/pc/add_ice_candidate_observer.cc.o
build	Build APK	2026-07-23T18:35:25.7623516Z   [814/2057] Building CXX object CMakeFiles/tgcalls.dir/voip/webrtc/media/base/media_constants.cc.o
build	Build APK	2026-07-23T18:35:25.7624020Z   [815/2057] Building CXX object CMakeFiles/tgcalls.dir/voip/webrtc/media/base/sdp_video_format_utils.cc.o
build	Build APK	2026-07-23T18:35:25.7624605Z   [816/2057] Building CXX object CMakeFiles/tgcalls.dir/voip/webrtc/media/base/codec.cc.o
build	Build APK	2026-07-23T18:35:25.7625080Z   [817/2057] Building CXX object CMakeFiles/tgcalls.dir/voip/webrtc/media/base/rid_description.cc.o
build	Build APK	2026-07-23T18:35:25.7625502Z   [818/2057] Building CXX object CMakeFiles/tgcalls.dir/voip/webrtc/media/base/turn_utils.cc.o
build	Build APK	2026-07-23T18:35:25.7625949Z   [819/2057] Building CXX object CMakeFiles/tgcalls.dir/voip/webrtc/media/base/media_engine.cc.o
build	Build APK	2026-07-23T18:35:25.7626380Z   [820/2057] Building CXX object CMakeFiles/tgcalls.dir/voip/webrtc/media/base/rtp_utils.cc.o
build	Build APK	2026-07-23T18:35:25.7626828Z   [821/2057] Building CXX object CMakeFiles/tgcalls.dir/voip/webrtc/media/base/stream_params.cc.o
build	Build APK	2026-07-23T18:35:25.7627271Z   [822/2057] Building CXX object CMakeFiles/tgcalls.dir/voip/webrtc/media/base/video_common.cc.o
build	Build APK	2026-07-23T18:35:25.7627812Z   [823/2057] Building CXX object CMakeFiles/tgcalls.dir/voip/webrtc/media/base/adapted_video_track_source.cc.o
build	Build APK	2026-07-23T18:35:25.7628344Z   [824/2057] Building CXX object CMakeFiles/tgcalls.dir/voip/webrtc/media/base/media_channel_impl.cc.o
build	Build APK	2026-07-23T18:35:25.7628878Z   [825/2057] Building CXX object CMakeFiles/tgcalls.dir/voip/webrtc/media/base/video_broadcaster.cc.o
build	Build APK	2026-07-23T18:35:25.7629516Z   [826/2057] Building CXX object CMakeFiles/tgcalls.dir/voip/webrtc/system_wrappers/source/rtp_to_ntp_estimator.cc.o
build	Build APK	2026-07-23T18:35:25.7629985Z   [827/2057] Building CXX object CMakeFiles/tgcalls.dir/voip/webrtc/media/base/video_adapter.cc.o
build	Build APK	2026-07-23T18:35:25.7630411Z   [828/2057] Building CXX object CMakeFiles/tgcalls.dir/voip/webrtc/pc/peer_connection.cc.o
build	Build APK	2026-07-23T18:35:25.7630899Z   [829/2057] Building CXX object CMakeFiles/tgcalls.dir/voip/webrtc/media/base/video_source_base.cc.o
build	Build APK	2026-07-23T18:35:25.7631360Z   [830/2057] Building CXX object CMakeFiles/tgcalls.dir/voip/webrtc/media/engine/adm_helpers.cc.o
build	Build APK	2026-07-23T18:35:25.7631902Z   [831/2057] Building CXX object CMakeFiles/tgcalls.dir/voip/webrtc/media/engine/internal_encoder_factory.cc.o
build	Build APK	2026-07-23T18:35:25.7632440Z   [832/2057] Building CXX object CMakeFiles/tgcalls.dir/voip/webrtc/media/engine/payload_type_mapper.cc.o
build	Build APK	2026-07-23T18:35:25.7633151Z   [833/2057] Building CXX object CMakeFiles/tgcalls.dir/voip/webrtc/media/engine/webrtc_media_engine.cc.o
build	Build APK	2026-07-23T18:35:25.7633697Z   [834/2057] Building CXX object CMakeFiles/tgcalls.dir/voip/webrtc/media/engine/internal_decoder_factory.cc.o
build	Build APK	2026-07-23T18:35:25.7634568Z   [835/2057] Building CXX object CMakeFiles/tgcalls.dir/voip/webrtc/media/engine/multiplex_codec_factory.cc.o
build	Build APK	2026-07-23T18:35:25.7635132Z   [836/2057] Building CXX object CMakeFiles/tgcalls.dir/voip/webrtc/media/engine/simulcast_encoder_adapter.cc.o
build	Build APK	2026-07-23T18:35:25.7635624Z   [837/2057] Building CXX object CMakeFiles/tgcalls.dir/voip/webrtc/system_wrappers/source/clock.cc.o
build	Build APK	2026-07-23T18:35:25.7636149Z   [838/2057] Building CXX object CMakeFiles/tgcalls.dir/voip/webrtc/system_wrappers/source/cpu_features.cc.o
build	Build APK	2026-07-23T18:35:25.7636650Z   [839/2057] Building CXX object CMakeFiles/tgcalls.dir/voip/webrtc/system_wrappers/source/cpu_info.cc.o
build	Build APK	2026-07-23T18:35:25.7637169Z   [840/2057] Building CXX object CMakeFiles/tgcalls.dir/voip/webrtc/media/sctp/sctp_transport_factory.cc.o
build	Build APK	2026-07-23T18:35:25.7637722Z   [841/2057] Building CXX object CMakeFiles/tgcalls.dir/voip/webrtc/system_wrappers/source/denormal_disabler.cc.o
build	Build APK	2026-07-23T18:35:25.7638202Z   [842/2057] Building CXX object CMakeFiles/tgcalls.dir/voip/webrtc/system_wrappers/source/sleep.cc.o
build	Build APK	2026-07-23T18:35:25.7638702Z   [843/2057] Building CXX object CMakeFiles/tgcalls.dir/voip/webrtc/system_wrappers/source/metrics.cc.o
build	Build APK	2026-07-23T18:35:25.7639214Z   [844/2057] Building CXX object CMakeFiles/tgcalls.dir/voip/webrtc/system_wrappers/source/field_trial.cc.o
build	Build APK	2026-07-23T18:35:25.7639793Z   [845/2057] Building CXX object CMakeFiles/tgcalls.dir/voip/webrtc/modules/audio_mixer/audio_frame_manipulator.cc.o
build	Build APK	2026-07-23T18:35:25.7640271Z   [846/2057] Building CXX object CMakeFiles/tgcalls.dir/voip/webrtc/media/sctp/dcsctp_transport.cc.o
build	Build APK	2026-07-23T18:35:25.7640815Z   [847/2057] Building CXX object CMakeFiles/tgcalls.dir/voip/webrtc/modules/audio_mixer/sine_wave_generator.cc.o
build	Build APK	2026-07-23T18:35:25.7641323Z   [848/2057] Building CXX object CMakeFiles/tgcalls.dir/voip/webrtc/media/engine/webrtc_voice_engine.cc.o
build	Build APK	2026-07-23T18:35:25.7641950Z   [849/2057] Building CXX object CMakeFiles/tgcalls.dir/voip/webrtc/modules/audio_mixer/default_output_rate_calculator.cc.o
build	Build APK	2026-07-23T18:35:25.7642525Z   [850/2057] Building CXX object CMakeFiles/tgcalls.dir/voip/webrtc/modules/audio_mixer/gain_change_calculator.cc.o
build	Build APK	2026-07-23T18:35:25.7643161Z   [851/2057] Building CXX object CMakeFiles/tgcalls.dir/voip/webrtc/modules/async_audio_processing/async_audio_processing.cc.o
build	Build APK	2026-07-23T18:35:25.7643691Z   [852/2057] Building CXX object CMakeFiles/tgcalls.dir/voip/webrtc/modules/audio_mixer/audio_mixer_impl.cc.o
build	Build APK	2026-07-23T18:35:25.7644427Z   [853/2057] Building CXX object CMakeFiles/tgcalls.dir/voip/webrtc/modules/video_coding/chain_diff_calculator.cc.o
build	Build APK	2026-07-23T18:35:25.7644942Z   [854/2057] Building CXX object CMakeFiles/tgcalls.dir/voip/webrtc/modules/audio_mixer/frame_combiner.cc.o
build	Build APK	2026-07-23T18:35:25.7645493Z   [855/2057] Building CXX object CMakeFiles/tgcalls.dir/voip/webrtc/modules/video_coding/rtp_vp9_ref_finder.cc.o
build	Build APK	2026-07-23T18:35:25.7646084Z   [856/2057] Building CXX object CMakeFiles/tgcalls.dir/voip/webrtc/modules/video_coding/h264_sprop_parameter_sets.cc.o
build	Build APK	2026-07-23T18:35:25.7646591Z   [857/2057] Building CXX object CMakeFiles/tgcalls.dir/voip/webrtc/media/engine/webrtc_video_engine.cc.o
build	Build APK	2026-07-23T18:35:25.7647241Z   [858/2057] Building CXX object CMakeFiles/tgcalls.dir/voip/webrtc/modules/video_coding/codecs/interface/libvpx_interface.cc.o
build	Build APK	2026-07-23T18:35:25.7647876Z   [859/2057] Building CXX object CMakeFiles/tgcalls.dir/voip/webrtc/modules/video_coding/codecs/vp9/vp9_frame_buffer_pool.cc.o
build	Build APK	2026-07-23T18:35:25.7648461Z   [860/2057] Building CXX object CMakeFiles/tgcalls.dir/voip/webrtc/modules/video_coding/codecs/av1/av1_svc_config.cc.o
build	Build APK	2026-07-23T18:35:25.7649016Z   [861/2057] Building CXX object CMakeFiles/tgcalls.dir/voip/webrtc/modules/video_coding/codecs/vp9/svc_config.cc.o
build	Build APK	2026-07-23T18:35:25.7649786Z   [862/2057] Building CXX object CMakeFiles/tgcalls.dir/voip/webrtc/modules/video_coding/rtp_frame_reference_finder.cc.o
build	Build APK	2026-07-23T18:35:25.7650404Z   [863/2057] Building CXX object CMakeFiles/tgcalls.dir/voip/webrtc/modules/video_coding/codecs/vp9/libvpx_vp9_decoder.cc.o
build	Build APK	2026-07-23T18:35:25.7651180Z   [864/2057] Building CXX object CMakeFiles/tgcalls.dir/voip/webrtc/modules/video_coding/codecs/vp8/libvpx_vp8_decoder.cc.o
build	Build APK	2026-07-23T18:35:25.7651883Z   [865/2057] Building CXX object CMakeFiles/tgcalls.dir/voip/webrtc/modules/video_coding/codecs/vp8/temporal_layers_checker.cc.o
build	Build APK	2026-07-23T18:35:25.7652452Z   [866/2057] Building CXX object CMakeFiles/tgcalls.dir/voip/webrtc/modules/video_coding/codecs/vp9/vp9.cc.o
build	Build APK	2026-07-23T18:35:25.7653075Z   [867/2057] Building CXX object CMakeFiles/tgcalls.dir/voip/webrtc/modules/video_coding/codecs/vp8/vp8_scalability.cc.o
build	Build APK	2026-07-23T18:35:25.7653722Z   [868/2057] Building CXX object CMakeFiles/tgcalls.dir/voip/webrtc/modules/video_coding/codecs/vp9/libvpx_vp9_encoder.cc.o
build	Build APK	2026-07-23T18:35:25.7654566Z   [869/2057] Building CXX object CMakeFiles/tgcalls.dir/voip/webrtc/modules/video_coding/codecs/vp8/screenshare_layers.cc.o
build	Build APK	2026-07-23T18:35:25.7655221Z   [870/2057] Building CXX object CMakeFiles/tgcalls.dir/voip/webrtc/modules/video_coding/codecs/vp8/libvpx_vp8_encoder.cc.o
build	Build APK	2026-07-23T18:35:25.7655891Z   [871/2057] Building CXX object CMakeFiles/tgcalls.dir/voip/webrtc/modules/video_coding/codecs/vp8/default_temporal_layers.cc.o
build	Build APK	2026-07-23T18:35:25.7656511Z   [872/2057] Building CXX object CMakeFiles/tgcalls.dir/voip/webrtc/modules/video_coding/codecs/h264/h264_color_space.cc.o
build	Build APK	2026-07-23T18:35:25.7657131Z   [873/2057] Building CXX object CMakeFiles/tgcalls.dir/voip/webrtc/modules/video_coding/codecs/h264/h264_encoder_impl.cc.o
build	Build APK	2026-07-23T18:35:25.7657738Z   [874/2057] Building CXX object CMakeFiles/tgcalls.dir/voip/webrtc/modules/video_coding/codecs/h264/h264_decoder_impl.cc.o
build	Build APK	2026-07-23T18:35:25.7658385Z   [875/2057] Building CXX object CMakeFiles/tgcalls.dir/voip/webrtc/modules/video_coding/include/video_error_codes_utils.cc.o
build	Build APK	2026-07-23T18:35:25.7659133Z   [876/2057] Building CXX object CMakeFiles/tgcalls.dir/voip/webrtc/modules/video_coding/codecs/multiplex/multiplex_encoded_image_packer.cc.o
build	Build APK	2026-07-23T18:35:25.7659663Z   [877/2057] Building CXX object CMakeFiles/tgcalls.dir/voip/webrtc/modules/video_coding/codecs/h264/h264.cc.o
build	Build APK	2026-07-23T18:35:25.7660392Z   [878/2057] Building CXX object CMakeFiles/tgcalls.dir/voip/webrtc/modules/video_coding/codecs/multiplex/augmented_video_frame_buffer.cc.o
build	Build APK	2026-07-23T18:35:25.7661092Z   [879/2057] Building CXX object CMakeFiles/tgcalls.dir/voip/webrtc/modules/video_coding/codecs/multiplex/multiplex_decoder_adapter.cc.o
build	Build APK	2026-07-23T18:35:25.7661790Z   [880/2057] Building CXX object CMakeFiles/tgcalls.dir/voip/webrtc/modules/video_coding/codecs/multiplex/multiplex_encoder_adapter.cc.o
build	Build APK	2026-07-23T18:35:25.7662301Z   [881/2057] Building CXX object CMakeFiles/tgcalls.dir/voip/webrtc/modules/video_coding/encoded_frame.cc.o
build	Build APK	2026-07-23T18:35:25.7662821Z   [882/2057] Building CXX object CMakeFiles/tgcalls.dir/voip/webrtc/modules/video_coding/packet_buffer.cc.o
build	Build APK	2026-07-23T18:35:25.7663444Z   [883/2057] Building CXX object CMakeFiles/tgcalls.dir/voip/webrtc/modules/video_coding/include/video_codec_interface.cc.o
build	Build APK	2026-07-23T18:35:25.7663975Z   [884/2057] Building CXX object CMakeFiles/tgcalls.dir/voip/webrtc/modules/video_coding/generic_decoder.cc.o
build	Build APK	2026-07-23T18:35:25.7664691Z   [885/2057] Building CXX object CMakeFiles/tgcalls.dir/voip/webrtc/modules/video_coding/video_receiver.cc.o
build	Build APK	2026-07-23T18:35:25.7665261Z   [886/2057] Building CXX object CMakeFiles/tgcalls.dir/voip/webrtc/modules/video_coding/h264_sps_pps_tracker.cc.o
build	Build APK	2026-07-23T18:35:25.7665955Z   [887/2057] Building CXX object CMakeFiles/tgcalls.dir/voip/webrtc/modules/video_coding/timing/frame_delay_variation_kalman_filter.cc.o
build	Build APK	2026-07-23T18:35:25.7666495Z   [888/2057] Building CXX object CMakeFiles/tgcalls.dir/voip/webrtc/modules/video_coding/video_coding_impl.cc.o
build	Build APK	2026-07-23T18:35:25.7667313Z   [889/2057] Building CXX object CMakeFiles/tgcalls.dir/voip/webrtc/modules/video_coding/frame_dependencies_calculator.cc.o
build	Build APK	2026-07-23T18:35:25.7668035Z   [890/2057] Building CXX object CMakeFiles/tgcalls.dir/voip/webrtc/modules/video_coding/timing/inter_frame_delay_variation_calculator.cc.o
build	Build APK	2026-07-23T18:35:25.7668752Z   [891/2057] Building CXX object CMakeFiles/tgcalls.dir/voip/webrtc/modules/video_coding/timing/jitter_estimator.cc.o
build	Build APK	2026-07-23T18:35:25.7669421Z   [892/2057] Building CXX object CMakeFiles/tgcalls.dir/voip/webrtc/modules/video_coding/timing/decode_time_percentile_filter.cc.o
build	Build APK	2026-07-23T18:35:25.7670040Z   [893/2057] Building CXX object CMakeFiles/tgcalls.dir/voip/webrtc/modules/video_coding/timing/timestamp_extrapolator.cc.o
build	Build APK	2026-07-23T18:35:25.7670548Z   [894/2057] Building CXX object CMakeFiles/tgcalls.dir/voip/webrtc/modules/video_coding/timing/timing.cc.o
build	Build APK	2026-07-23T18:35:25.7671084Z   [895/2057] Building CXX object CMakeFiles/tgcalls.dir/voip/webrtc/modules/video_coding/timing/rtt_filter.cc.o
build	Build APK	2026-07-23T18:35:25.7671673Z   [896/2057] Building CXX object CMakeFiles/tgcalls.dir/voip/webrtc/modules/video_coding/h265_vps_sps_pps_tracker.cc.o
build	Build APK	2026-07-23T18:35:25.7672238Z   [897/2057] Building CXX object CMakeFiles/tgcalls.dir/voip/webrtc/modules/video_coding/svc/svc_rate_allocator.cc.o
build	Build APK	2026-07-23T18:35:25.7672832Z   [898/2057] Building CXX object CMakeFiles/tgcalls.dir/voip/webrtc/modules/video_coding/svc/scalability_mode_util.cc.o
build	Build APK	2026-07-23T18:35:25.7673468Z   [899/2057] Building CXX object CMakeFiles/tgcalls.dir/voip/webrtc/modules/video_coding/svc/create_scalability_structure.cc.o
build	Build APK	2026-07-23T18:35:25.7674296Z   [900/2057] Building CXX object CMakeFiles/tgcalls.dir/voip/webrtc/modules/video_coding/svc/scalability_structure_simulcast.cc.o
build	Build APK	2026-07-23T18:35:25.7674971Z   [901/2057] Building CXX object CMakeFiles/tgcalls.dir/voip/webrtc/modules/video_coding/svc/scalability_structure_key_svc.cc.o
build	Build APK	2026-07-23T18:35:25.7675668Z   [902/2057] Building CXX object CMakeFiles/tgcalls.dir/voip/webrtc/modules/video_coding/svc/scalability_structure_l2t2_key_shift.cc.o
build	Build APK	2026-07-23T18:35:25.7676250Z   [903/2057] Building CXX object CMakeFiles/tgcalls.dir/voip/webrtc/modules/video_coding/rtp_generic_ref_finder.cc.o
build	Build APK	2026-07-23T18:35:25.7676876Z   [904/2057] Building CXX object CMakeFiles/tgcalls.dir/voip/webrtc/modules/video_coding/rtp_frame_id_only_ref_finder.cc.o
build	Build APK	2026-07-23T18:35:25.7677610Z   [905/2057] Building CXX object CMakeFiles/tgcalls.dir/voip/webrtc/modules/video_coding/svc/scalable_video_controller_no_layering.cc.o
build	Build APK	2026-07-23T18:35:25.7678292Z   [906/2057] Building CXX object CMakeFiles/tgcalls.dir/voip/webrtc/modules/video_coding/svc/scalability_structure_full_svc.cc.o
build	Build APK	2026-07-23T18:35:25.7678891Z   [907/2057] Building CXX object CMakeFiles/tgcalls.dir/voip/webrtc/modules/video_coding/fec_controller_default.cc.o
build	Build APK	2026-07-23T18:35:25.7679527Z   [908/2057] Building CXX object CMakeFiles/tgcalls.dir/voip/webrtc/modules/video_coding/loss_notification_controller.cc.o
build	Build APK	2026-07-23T18:35:25.7680054Z   [909/2057] Building CXX object CMakeFiles/tgcalls.dir/voip/webrtc/modules/video_coding/histogram.cc.o
build	Build APK	2026-07-23T18:35:25.7680659Z   [910/2057] Building CXX object CMakeFiles/tgcalls.dir/voip/webrtc/modules/video_coding/video_codec_initializer.cc.o
build	Build APK	2026-07-23T18:35:25.7681288Z   [911/2057] Building CXX object CMakeFiles/tgcalls.dir/voip/webrtc/modules/video_coding/rtp_seq_num_only_ref_finder.cc.o
build	Build APK	2026-07-23T18:35:25.7681788Z   [912/2057] Building CXX object CMakeFiles/tgcalls.dir/voip/webrtc/modules/video_coding/frame_helpers.cc.o
build	Build APK	2026-07-23T18:35:25.7682283Z   [913/2057] Building CXX object CMakeFiles/tgcalls.dir/voip/webrtc/modules/video_coding/decoder_database.cc.o
build	Build APK	2026-07-23T18:35:25.7682781Z   [914/2057] Building CXX object CMakeFiles/tgcalls.dir/voip/webrtc/modules/video_coding/video_coding_defines.cc.o
build	Build APK	2026-07-23T18:35:25.7683284Z   [915/2057] Building CXX object CMakeFiles/tgcalls.dir/voip/webrtc/modules/video_coding/video_receiver2.cc.o
build	Build APK	2026-07-23T18:35:25.7683988Z   [916/2057] Building CXX object CMakeFiles/tgcalls.dir/voip/webrtc/modules/video_coding/nack_requester.cc.o
build	Build APK	2026-07-23T18:35:25.7684714Z   [917/2057] Building CXX object CMakeFiles/tgcalls.dir/voip/webrtc/modules/video_coding/media_opt_util.cc.o
build	Build APK	2026-07-23T18:35:25.7685272Z   [918/2057] Building CXX object CMakeFiles/tgcalls.dir/voip/webrtc/modules/video_coding/utility/frame_dropper.cc.o
build	Build APK	2026-07-23T18:35:25.7686114Z   [919/2057] Building CXX object CMakeFiles/tgcalls.dir/voip/webrtc/modules/video_coding/rtp_vp8_ref_finder.cc.o
build	Build APK	2026-07-23T18:35:25.7686797Z   [920/2057] Building CXX object CMakeFiles/tgcalls.dir/voip/webrtc/modules/video_coding/utility/vp9_uncompressed_header_parser.cc.o
build	Build APK	2026-07-23T18:35:25.7687452Z   [921/2057] Building CXX object CMakeFiles/tgcalls.dir/voip/webrtc/modules/video_coding/utility/simulcast_rate_allocator.cc.o
build	Build APK	2026-07-23T18:35:25.7688032Z   [922/2057] Building CXX object CMakeFiles/tgcalls.dir/voip/webrtc/modules/video_coding/utility/ivf_file_reader.cc.o
build	Build APK	2026-07-23T18:35:25.7688557Z   [923/2057] Building CXX object CMakeFiles/tgcalls.dir/voip/webrtc/modules/video_coding/h26x_packet_buffer.cc.o
build	Build APK	2026-07-23T18:35:25.7689141Z   [924/2057] Building CXX object CMakeFiles/tgcalls.dir/voip/webrtc/modules/video_coding/utility/decoded_frames_history.cc.o
build	Build APK	2026-07-23T18:35:25.7689732Z   [925/2057] Building CXX object CMakeFiles/tgcalls.dir/voip/webrtc/modules/video_coding/utility/bandwidth_quality_scaler.cc.o
build	Build APK	2026-07-23T18:35:25.7690273Z   [926/2057] Building CXX object CMakeFiles/tgcalls.dir/voip/webrtc/modules/video_coding/utility/qp_parser.cc.o
build	Build APK	2026-07-23T18:35:25.7690860Z   [927/2057] Building CXX object CMakeFiles/tgcalls.dir/voip/webrtc/modules/video_coding/utility/ivf_file_writer.cc.o
build	Build APK	2026-07-23T18:35:25.7691434Z   [928/2057] Building CXX object CMakeFiles/tgcalls.dir/voip/webrtc/modules/video_coding/utility/vp8_header_parser.cc.o
build	Build APK	2026-07-23T18:35:25.7691984Z   [929/2057] Building CXX object CMakeFiles/tgcalls.dir/voip/webrtc/modules/video_coding/utility/quality_scaler.cc.o
build	Build APK	2026-07-23T18:35:25.7692575Z   [930/2057] Building CXX object CMakeFiles/tgcalls.dir/voip/webrtc/modules/video_coding/utility/simulcast_utility.cc.o
build	Build APK	2026-07-23T18:35:25.7693227Z   [931/2057] Building CXX object CMakeFiles/tgcalls.dir/voip/webrtc/modules/video_coding/utility/framerate_controller_deprecated.cc.o
build	Build APK	2026-07-23T18:35:25.7693834Z   [932/2057] Building CXX object CMakeFiles/tgcalls.dir/voip/webrtc/modules/video_coding/deprecated/stream_generator.cc.o
build	Build APK	2026-07-23T18:35:25.7694610Z   [933/2057] Building CXX object CMakeFiles/tgcalls.dir/voip/webrtc/modules/video_coding/deprecated/packet.cc.o
build	Build APK	2026-07-23T18:35:25.7695185Z   [934/2057] Building CXX object CMakeFiles/tgcalls.dir/voip/webrtc/modules/video_coding/deprecated/frame_buffer.cc.o
build	Build APK	2026-07-23T18:35:25.7695755Z   [935/2057] Building CXX object CMakeFiles/tgcalls.dir/voip/webrtc/modules/video_coding/deprecated/event_wrapper.cc.o
build	Build APK	2026-07-23T18:35:25.7696323Z   [936/2057] Building CXX object CMakeFiles/tgcalls.dir/voip/webrtc/modules/video_coding/deprecated/session_info.cc.o
build	Build APK	2026-07-23T18:35:25.7696894Z   [937/2057] Building CXX object CMakeFiles/tgcalls.dir/voip/webrtc/modules/video_coding/deprecated/decoding_state.cc.o
build	Build APK	2026-07-23T18:35:25.7697435Z   [938/2057] Building CXX object CMakeFiles/tgcalls.dir/voip/webrtc/modules/video_coding/deprecated/receiver.cc.o
build	Build APK	2026-07-23T18:35:25.7697988Z   [939/2057] Building CXX object CMakeFiles/tgcalls.dir/voip/webrtc/modules/video_capture/device_info_impl.cc.o
build	Build APK	2026-07-23T18:35:25.7698557Z   [940/2057] Building CXX object CMakeFiles/tgcalls.dir/voip/webrtc/modules/video_capture/linux/device_info_linux.cc.o
build	Build APK	2026-07-23T18:35:25.7699179Z   [941/2057] Building CXX object CMakeFiles/tgcalls.dir/voip/webrtc/modules/video_capture/linux/video_capture_linux.cc.o
build	Build APK	2026-07-23T18:35:25.7699773Z   [942/2057] Building CXX object CMakeFiles/tgcalls.dir/voip/webrtc/modules/video_capture/video_capture_factory.cc.o
build	Build APK	2026-07-23T18:35:25.7700406Z   [943/2057] Building CXX object CMakeFiles/tgcalls.dir/voip/webrtc/modules/video_capture/video_capture_factory_null.cc.o
build	Build APK	2026-07-23T18:35:25.7701306Z   [944/2057] Building CXX object CMakeFiles/tgcalls.dir/voip/webrtc/modules/video_coding/deprecated/jitter_buffer.cc.o
build	Build APK	2026-07-23T18:35:25.7701634Z   [945/2057] Building CXX object CMakeFiles/tgcalls.dir/voip/webrtc/modules/pacing/interval_budget.cc.o
build	Build APK	2026-07-23T18:35:25.7702102Z   [946/2057] Building CXX object CMakeFiles/tgcalls.dir/voip/webrtc/modules/audio_device/audio_device_buffer.cc.o
build	Build APK	2026-07-23T18:35:25.7702434Z   [947/2057] Building CXX object CMakeFiles/tgcalls.dir/voip/webrtc/modules/video_capture/video_capture_impl.cc.o
build	Build APK	2026-07-23T18:35:25.7702753Z   [948/2057] Building CXX object CMakeFiles/tgcalls.dir/voip/webrtc/modules/pacing/task_queue_paced_sender.cc.o
build	Build APK	2026-07-23T18:35:25.7703040Z   [949/2057] Building CXX object CMakeFiles/tgcalls.dir/voip/webrtc/modules/pacing/bitrate_prober.cc.o
build	Build APK	2026-07-23T18:35:25.7703371Z   [950/2057] Building CXX object CMakeFiles/tgcalls.dir/voip/webrtc/modules/audio_device/android/aaudio_player.cc.o
build	Build APK	2026-07-23T18:35:25.7703715Z   [951/2057] Building CXX object CMakeFiles/tgcalls.dir/voip/webrtc/modules/audio_device/audio_device_data_observer.cc.o
build	Build APK	2026-07-23T18:35:25.7704054Z   [952/2057] Building CXX object CMakeFiles/tgcalls.dir/voip/webrtc/modules/audio_device/android/aaudio_recorder.cc.o
build	Build APK	2026-07-23T18:35:25.7704902Z   [953/2057] Building C object CMakeFiles/tgcalls.dir/voip/webrtc/common_audio/signal_processing/resample_48khz.c.o
build	Build APK	2026-07-23T18:35:25.7705388Z   [954/2057] Building C object CMakeFiles/tgcalls.dir/voip/webrtc/common_audio/signal_processing/resample.c.o
build	Build APK	2026-07-23T18:35:25.7705687Z   [955/2057] Building CXX object CMakeFiles/tgcalls.dir/voip/webrtc/modules/pacing/packet_router.cc.o
build	Build APK	2026-07-23T18:35:25.7706017Z   [956/2057] Building CXX object CMakeFiles/tgcalls.dir/voip/webrtc/modules/audio_device/audio_device_generic.cc.o
build	Build APK	2026-07-23T18:35:25.7706313Z   [957/2057] Building CXX object CMakeFiles/tgcalls.dir/voip/webrtc/modules/pacing/pacing_controller.cc.o
build	Build APK	2026-07-23T18:35:25.7706635Z   [958/2057] Building CXX object CMakeFiles/tgcalls.dir/voip/webrtc/modules/pacing/prioritized_packet_queue.cc.o
build	Build APK	2026-07-23T18:35:25.7706889Z   [959/2057] Building CXX object CMakeFiles/tgcalls.dir/voip/yasuaudio/yasu_audio_jni.cpp.o
build	Build APK	2026-07-23T18:35:25.7707217Z   [960/2057] Building C object CMakeFiles/tgcalls.dir/voip/webrtc/modules/audio_coding/codecs/g711/g711_interface.c.o
build	Build APK	2026-07-23T18:35:25.7707549Z   [961/2057] Building CXX object CMakeFiles/tgcalls.dir/voip/webrtc/modules/audio_device/dummy/audio_device_dummy.cc.o
build	Build APK	2026-07-23T18:35:25.7707857Z   [962/2057] Building CXX object CMakeFiles/tgcalls.dir/voip/webrtc/modules/audio_device/audio_device_name.cc.o
build	Build APK	2026-07-23T18:35:25.7708185Z   [963/2057] Building CXX object CMakeFiles/tgcalls.dir/voip/webrtc/modules/audio_device/dummy/file_audio_device.cc.o
build	Build APK	2026-07-23T18:35:25.7708548Z   [964/2057] Building CXX object CMakeFiles/tgcalls.dir/voip/webrtc/modules/audio_device/dummy/file_audio_device_factory.cc.o
build	Build APK	2026-07-23T18:35:25.7708857Z   [965/2057] Building CXX object CMakeFiles/tgcalls.dir/voip/webrtc/modules/audio_device/audio_device_impl.cc.o
build	Build APK	2026-07-23T18:35:25.7709216Z   [966/2057] Building CXX object CMakeFiles/tgcalls.dir/voip/webrtc/modules/audio_coding/codecs/g711/audio_decoder_pcm.cc.o
build	Build APK	2026-07-23T18:35:25.7709516Z   [967/2057] Building CXX object CMakeFiles/tgcalls.dir/voip/webrtc/modules/audio_device/fine_audio_buffer.cc.o
build	Build APK	2026-07-23T18:35:25.7709952Z   [968/2057] Building CXX object CMakeFiles/tgcalls.dir/voip/webrtc/modules/audio_coding/codecs/opus/audio_decoder_multi_channel_opus_impl.cc.o
build	Build APK	2026-07-23T18:35:25.7710302Z   [969/2057] Building CXX object CMakeFiles/tgcalls.dir/voip/webrtc/modules/audio_coding/codecs/g711/audio_encoder_pcm.cc.o
build	Build APK	2026-07-23T18:35:25.7710651Z   [970/2057] Building CXX object CMakeFiles/tgcalls.dir/voip/webrtc/modules/audio_coding/codecs/opus/opus_interface.cc.o
build	Build APK	2026-07-23T18:35:25.7711020Z   [971/2057] Building CXX object CMakeFiles/tgcalls.dir/voip/webrtc/modules/audio_coding/codecs/opus/audio_coder_opus_common.cc.o
build	Build APK	2026-07-23T18:35:25.7711459Z   [972/2057] Building C object CMakeFiles/tgcalls.dir/voip/webrtc/modules/audio_coding/codecs/g722/g722_interface.c.o
build	Build APK	2026-07-23T18:35:25.7711767Z   [973/2057] Building C object CMakeFiles/tgcalls.dir/voip/webrtc/modules/audio_coding/codecs/pcm16b/pcm16b.c.o
build	Build APK	2026-07-23T18:35:25.7712190Z   [974/2057] Building CXX object CMakeFiles/tgcalls.dir/voip/webrtc/modules/audio_coding/codecs/opus/audio_encoder_multi_channel_opus_impl.cc.o
build	Build APK	2026-07-23T18:35:25.7712539Z   [975/2057] Building C object CMakeFiles/tgcalls.dir/voip/webrtc/modules/third_party/g711/g711.c.o
build	Build APK	2026-07-23T18:35:25.7712833Z   [976/2057] Building C object CMakeFiles/tgcalls.dir/voip/webrtc/modules/third_party/g722/g722_decode.c.o
build	Build APK	2026-07-23T18:35:25.7713114Z   [977/2057] Building C object CMakeFiles/tgcalls.dir/voip/webrtc/modules/third_party/g722/g722_encode.c.o
build	Build APK	2026-07-23T18:35:25.7713377Z   [978/2057] Building C object CMakeFiles/tgcalls.dir/voip/webrtc/modules/third_party/fft/fft.c.o
build	Build APK	2026-07-23T18:35:25.7713742Z   [979/2057] Building CXX object CMakeFiles/tgcalls.dir/voip/webrtc/modules/audio_coding/codecs/g722/audio_decoder_g722.cc.o
build	Build APK	2026-07-23T18:35:25.7714311Z   [980/2057] Building CXX object CMakeFiles/tgcalls.dir/voip/webrtc/modules/audio_coding/codecs/opus/audio_decoder_opus.cc.o
build	Build APK	2026-07-23T18:35:25.7714669Z   [981/2057] Building CXX object CMakeFiles/tgcalls.dir/voip/webrtc/modules/audio_coding/codecs/isac/empty.cc.o
build	Build APK	2026-07-23T18:35:25.7715031Z   [982/2057] Building CXX object CMakeFiles/tgcalls.dir/voip/webrtc/modules/audio_coding/codecs/g722/audio_encoder_g722.cc.o
build	Build APK	2026-07-23T18:35:25.7715378Z   [983/2057] Building C object CMakeFiles/tgcalls.dir/voip/webrtc/modules/audio_coding/codecs/isac/fix/source/isacfix.c.o
build	Build APK	2026-07-23T18:35:25.7715744Z   [984/2057] Building C object CMakeFiles/tgcalls.dir/voip/webrtc/modules/audio_coding/codecs/isac/fix/source/arith_routines.c.o
build	Build APK	2026-07-23T18:35:25.7716138Z   [985/2057] Building C object CMakeFiles/tgcalls.dir/voip/webrtc/modules/audio_coding/codecs/isac/fix/source/arith_routines_hist.c.o
build	Build APK	2026-07-23T18:35:25.7716537Z   [986/2057] Building C object CMakeFiles/tgcalls.dir/voip/webrtc/modules/audio_coding/codecs/isac/fix/source/arith_routines_logist.c.o
build	Build APK	2026-07-23T18:35:25.7716918Z   [987/2057] Building C object CMakeFiles/tgcalls.dir/voip/webrtc/modules/audio_coding/codecs/isac/fix/source/bandwidth_estimator.c.o
build	Build APK	2026-07-23T18:35:25.7717263Z   [988/2057] Building C object CMakeFiles/tgcalls.dir/voip/webrtc/modules/audio_coding/codecs/isac/fix/source/decode.c.o
build	Build APK	2026-07-23T18:35:25.7717617Z   [989/2057] Building C object CMakeFiles/tgcalls.dir/voip/webrtc/modules/audio_coding/codecs/isac/fix/source/decode_bwe.c.o
build	Build APK	2026-07-23T18:35:25.7717967Z   [990/2057] Building C object CMakeFiles/tgcalls.dir/voip/webrtc/modules/audio_coding/codecs/isac/fix/source/decode_plc.c.o
build	Build APK	2026-07-23T18:35:25.7718297Z   [991/2057] Building C object CMakeFiles/tgcalls.dir/voip/webrtc/modules/audio_coding/codecs/isac/fix/source/encode.c.o
build	Build APK	2026-07-23T18:35:25.7718651Z   [992/2057] Building CXX object CMakeFiles/tgcalls.dir/voip/webrtc/modules/audio_coding/codecs/opus/audio_encoder_opus.cc.o
build	Build APK	2026-07-23T18:35:25.7718983Z   [993/2057] Building C object CMakeFiles/tgcalls.dir/voip/webrtc/modules/audio_coding/codecs/isac/fix/source/fft.c.o
build	Build APK	2026-07-23T18:35:25.7719360Z   [994/2057] Building C object CMakeFiles/tgcalls.dir/voip/webrtc/modules/audio_coding/codecs/isac/fix/source/filterbank_tables.c.o
build	Build APK	2026-07-23T18:35:25.7719728Z   [995/2057] Building C object CMakeFiles/tgcalls.dir/voip/webrtc/modules/audio_coding/codecs/isac/fix/source/entropy_coding.c.o
build	Build APK	2026-07-23T18:35:25.7720087Z   [996/2057] Building C object CMakeFiles/tgcalls.dir/voip/webrtc/modules/audio_coding/codecs/isac/fix/source/filterbanks.c.o
build	Build APK	2026-07-23T18:35:25.7720428Z   [997/2057] Building C object CMakeFiles/tgcalls.dir/voip/webrtc/modules/audio_coding/codecs/isac/fix/source/filters.c.o
build	Build APK	2026-07-23T18:35:25.7720771Z   [998/2057] Building CXX object CMakeFiles/tgcalls.dir/voip/webrtc/modules/audio_coding/codecs/ilbc/audio_decoder_ilbc.cc.o
build	Build APK	2026-07-23T18:35:25.7721256Z   [999/2057] Building C object CMakeFiles/tgcalls.dir/voip/webrtc/modules/audio_coding/codecs/isac/fix/source/initialize.c.o
build	Build APK	2026-07-23T18:35:25.7721605Z   [1000/2057] Building C object CMakeFiles/tgcalls.dir/voip/webrtc/modules/audio_coding/codecs/isac/fix/source/lattice.c.o
build	Build APK	2026-07-23T18:35:25.7721952Z   [1001/2057] Building C object CMakeFiles/tgcalls.dir/voip/webrtc/modules/audio_coding/codecs/isac/fix/source/lattice_c.c.o
build	Build APK	2026-07-23T18:35:25.7722411Z   [1002/2057] Building C object CMakeFiles/tgcalls.dir/voip/webrtc/modules/audio_coding/codecs/isac/fix/source/lpc_tables.c.o
build	Build APK	2026-07-23T18:35:25.7722790Z   [1003/2057] Building C object CMakeFiles/tgcalls.dir/voip/webrtc/modules/audio_coding/codecs/isac/fix/source/lpc_masking_model.c.o
build	Build APK	2026-07-23T18:35:25.7723162Z   [1004/2057] Building C object CMakeFiles/tgcalls.dir/voip/webrtc/modules/audio_coding/codecs/isac/fix/source/pitch_estimator.c.o
build	Build APK	2026-07-23T18:35:25.7723531Z   [1005/2057] Building C object CMakeFiles/tgcalls.dir/voip/webrtc/modules/audio_coding/codecs/isac/fix/source/pitch_filter.c.o
build	Build APK	2026-07-23T18:35:25.7723924Z   [1006/2057] Building C object CMakeFiles/tgcalls.dir/voip/webrtc/modules/audio_coding/codecs/isac/fix/source/pitch_gain_tables.c.o
build	Build APK	2026-07-23T18:35:25.7724530Z   [1007/2057] Building C object CMakeFiles/tgcalls.dir/voip/webrtc/modules/audio_coding/codecs/isac/fix/source/pitch_lag_tables.c.o
build	Build APK	2026-07-23T18:35:25.7724920Z   [1008/2057] Building C object CMakeFiles/tgcalls.dir/voip/webrtc/modules/audio_coding/codecs/isac/fix/source/pitch_filter_c.c.o
build	Build APK	2026-07-23T18:35:25.7725649Z   [1009/2057] Building CXX object CMakeFiles/tgcalls.dir/voip/webrtc/modules/audio_coding/codecs/isac/fix/source/audio_decoder_isacfix.cc.o
build	Build APK	2026-07-23T18:35:25.7726342Z   [1010/2057] Building C object CMakeFiles/tgcalls.dir/voip/webrtc/modules/audio_coding/codecs/isac/fix/source/transform.c.o
build	Build APK	2026-07-23T18:35:25.7727084Z   [1011/2057] Building C object CMakeFiles/tgcalls.dir/voip/webrtc/modules/audio_coding/codecs/isac/fix/source/spectrum_ar_model_tables.c.o
build	Build APK	2026-07-23T18:35:25.7727791Z   [1012/2057] Building C object CMakeFiles/tgcalls.dir/voip/webrtc/modules/audio_coding/codecs/isac/fix/source/transform_tables.c.o
build	Build APK	2026-07-23T18:35:25.7728459Z   [1013/2057] Building C object CMakeFiles/tgcalls.dir/voip/webrtc/modules/audio_coding/codecs/isac/main/source/arith_routines.c.o
build	Build APK	2026-07-23T18:35:25.7729164Z   [1014/2057] Building C object CMakeFiles/tgcalls.dir/voip/webrtc/modules/audio_coding/codecs/isac/fix/source/pitch_estimator_c.c.o
build	Build APK	2026-07-23T18:35:25.7729812Z   [1015/2057] Building C object CMakeFiles/tgcalls.dir/voip/webrtc/modules/audio_coding/codecs/isac/main/source/arith_routines_hist.c.o
build	Build APK	2026-07-23T18:35:25.7730442Z   [1016/2057] Building C object CMakeFiles/tgcalls.dir/voip/webrtc/modules/audio_coding/codecs/isac/main/source/bandwidth_estimator.c.o
build	Build APK	2026-07-23T18:35:25.7731079Z   [1017/2057] Building C object CMakeFiles/tgcalls.dir/voip/webrtc/modules/audio_coding/codecs/isac/main/source/arith_routines_logist.c.o
build	Build APK	2026-07-23T18:35:25.7731601Z   [1018/2057] Building C object CMakeFiles/tgcalls.dir/voip/webrtc/modules/audio_coding/codecs/isac/main/source/crc.c.o
build	Build APK	2026-07-23T18:35:25.7732254Z   [1019/2057] Building C object CMakeFiles/tgcalls.dir/voip/webrtc/modules/audio_coding/codecs/isac/main/source/decode_bwe.c.o
build	Build APK	2026-07-23T18:35:25.7732885Z   [1020/2057] Building C object CMakeFiles/tgcalls.dir/voip/webrtc/modules/audio_coding/codecs/isac/main/source/decode.c.o
build	Build APK	2026-07-23T18:35:25.7733523Z   [1021/2057] Building C object CMakeFiles/tgcalls.dir/voip/webrtc/modules/audio_coding/codecs/isac/main/source/encode.c.o
build	Build APK	2026-07-23T18:35:25.7734405Z   [1022/2057] Building CXX object CMakeFiles/tgcalls.dir/voip/webrtc/modules/audio_coding/codecs/ilbc/audio_encoder_ilbc.cc.o
build	Build APK	2026-07-23T18:35:25.7734944Z   [1023/2057] Building CXX object CMakeFiles/tmessages.49.dir/third_party/libyuv/source/row_win.cc.o
build	Build APK	2026-07-23T18:35:25.7735425Z   [1024/2057] Building CXX object CMakeFiles/tmessages.49.dir/third_party/libyuv/source/scale_argb.cc.o
build	Build APK	2026-07-23T18:35:25.7735896Z   [1025/2057] Building CXX object CMakeFiles/tmessages.49.dir/third_party/libyuv/source/scale_any.cc.o
build	Build APK	2026-07-23T18:35:25.7736779Z   [1026/2057] Building C object CMakeFiles/tgcalls.dir/voip/webrtc/modules/audio_coding/codecs/isac/main/source/entropy_coding.c.o
build	Build APK	2026-07-23T18:35:25.7737461Z   [1027/2057] Building C object CMakeFiles/tgcalls.dir/voip/webrtc/modules/audio_coding/codecs/isac/main/source/filter_functions.c.o
build	Build APK	2026-07-23T18:35:25.7738322Z   [1028/2057] Building C object CMakeFiles/tgcalls.dir/voip/webrtc/modules/audio_coding/codecs/isac/main/source/filterbanks.c.o
build	Build APK	2026-07-23T18:35:25.7738922Z   [1029/2057] Building C object CMakeFiles/tgcalls.dir/voip/webrtc/modules/audio_coding/codecs/isac/main/source/isac_vad.c.o
build	Build APK	2026-07-23T18:35:25.7739483Z   [1030/2057] Building C object CMakeFiles/tgcalls.dir/voip/webrtc/modules/audio_coding/codecs/isac/main/source/intialize.c.o
build	Build APK	2026-07-23T18:35:25.7740066Z   [1031/2057] Building C object CMakeFiles/tgcalls.dir/voip/webrtc/modules/audio_coding/codecs/isac/main/source/isac.c.o
build	Build APK	2026-07-23T18:35:25.7740706Z   [1032/2057] Building C object CMakeFiles/tgcalls.dir/voip/webrtc/modules/audio_coding/codecs/isac/main/source/lattice.c.o
build	Build APK	2026-07-23T18:35:25.7741365Z   [1033/2057] Building C object CMakeFiles/tgcalls.dir/voip/webrtc/modules/audio_coding/codecs/isac/main/source/lpc_analysis.c.o
build	Build APK	2026-07-23T18:35:25.7742042Z   [1034/2057] Building C object CMakeFiles/tgcalls.dir/voip/webrtc/modules/audio_coding/codecs/isac/main/source/lpc_gain_swb_tables.c.o
build	Build APK	2026-07-23T18:35:25.7742762Z   [1035/2057] Building C object CMakeFiles/tgcalls.dir/voip/webrtc/modules/audio_coding/codecs/isac/main/source/lpc_shape_swb12_tables.c.o
build	Build APK	2026-07-23T18:35:25.7743425Z   [1036/2057] Building C object CMakeFiles/tgcalls.dir/voip/webrtc/modules/audio_coding/codecs/isac/main/source/lpc_shape_swb16_tables.c.o
build	Build APK	2026-07-23T18:35:25.7744076Z   [1037/2057] Building C object CMakeFiles/tgcalls.dir/voip/webrtc/modules/audio_coding/codecs/isac/main/source/lpc_tables.c.o
build	Build APK	2026-07-23T18:35:25.7745039Z   [1038/2057] Building C object CMakeFiles/tgcalls.dir/voip/webrtc/modules/audio_coding/codecs/isac/main/source/pitch_estimator.c.o
build	Build APK	2026-07-23T18:35:25.7745752Z   [1039/2057] Building C object CMakeFiles/tgcalls.dir/voip/webrtc/modules/audio_coding/codecs/isac/main/source/pitch_gain_tables.c.o
build	Build APK	2026-07-23T18:35:25.7746425Z   [1040/2057] Building C object CMakeFiles/tgcalls.dir/voip/webrtc/modules/audio_coding/codecs/isac/main/source/pitch_filter.c.o
build	Build APK	2026-07-23T18:35:25.7747136Z   [1041/2057] Building C object CMakeFiles/tgcalls.dir/voip/webrtc/modules/audio_coding/codecs/isac/main/source/pitch_lag_tables.c.o
build	Build APK	2026-07-23T18:35:25.7747859Z   [1042/2057] Building C object CMakeFiles/tgcalls.dir/voip/webrtc/modules/audio_coding/codecs/isac/main/source/spectrum_ar_model_tables.c.o
build	Build APK	2026-07-23T18:35:25.7748502Z   [1043/2057] Building C object CMakeFiles/tgcalls.dir/voip/webrtc/modules/audio_coding/codecs/isac/main/source/transform.c.o
build	Build APK	2026-07-23T18:35:25.7749090Z   [1044/2057] Building C object CMakeFiles/tgcalls.dir/voip/webrtc/modules/audio_coding/codecs/isac/main/util/utility.c.o
build	Build APK	2026-07-23T18:35:25.7749832Z   [1045/2057] Building CXX object CMakeFiles/tgcalls.dir/voip/webrtc/modules/audio_coding/codecs/isac/fix/source/audio_encoder_isacfix.cc.o
build	Build APK	2026-07-23T18:35:25.7750561Z   [1046/2057] Building CXX object CMakeFiles/tgcalls.dir/voip/webrtc/modules/audio_coding/codecs/isac/main/source/audio_decoder_isac.cc.o
build	Build APK	2026-07-23T18:35:25.7751221Z   [1047/2057] Building CXX object CMakeFiles/tgcalls.dir/voip/webrtc/modules/audio_coding/codecs/isac/main/source/audio_encoder_isac.cc.o
build	Build APK	2026-07-23T18:35:25.7751823Z   [1048/2057] Building CXX object CMakeFiles/tgcalls.dir/voip/webrtc/modules/audio_coding/codecs/legacy_encoded_audio_frame.cc.o
build	Build APK	2026-07-23T18:35:25.7752421Z   [1049/2057] Building CXX object CMakeFiles/tgcalls.dir/voip/webrtc/modules/audio_coding/codecs/pcm16b/audio_decoder_pcm16b.cc.o
build	Build APK	2026-07-23T18:35:25.7752945Z   [1050/2057] Building CXX object CMakeFiles/tgcalls.dir/voip/webrtc/modules/audio_coding/codecs/ilbc/test/empty.cc.o
build	Build APK	2026-07-23T18:35:25.7753804Z   [1051/2057] Building CXX object CMakeFiles/tgcalls.dir/voip/webrtc/modules/audio_coding/codecs/cng/webrtc_cng.cc.o
build	Build APK	2026-07-23T18:35:25.7754743Z   [1052/2057] Building CXX object CMakeFiles/tgcalls.dir/voip/webrtc/modules/audio_coding/codecs/pcm16b/audio_encoder_pcm16b.cc.o
build	Build APK	2026-07-23T18:35:25.7755425Z   [1053/2057] Building CXX object CMakeFiles/tgcalls.dir/voip/webrtc/modules/audio_coding/codecs/red/audio_encoder_copy_red.cc.o
build	Build APK	2026-07-23T18:35:25.7756256Z   [1054/2057] Building CXX object CMakeFiles/tgcalls.dir/voip/webrtc/modules/audio_coding/codecs/cng/audio_encoder_cng.cc.o
build	Build APK	2026-07-23T18:35:25.7756864Z   [1055/2057] Building CXX object CMakeFiles/tgcalls.dir/voip/webrtc/modules/audio_coding/acm2/audio_coding_module.cc.o
build	Build APK	2026-07-23T18:35:25.7757451Z   [1056/2057] Building CXX object CMakeFiles/tgcalls.dir/voip/webrtc/modules/audio_coding/acm2/call_statistics.cc.o
build	Build APK	2026-07-23T18:35:25.7758056Z   [1057/2057] Building CXX object CMakeFiles/tgcalls.dir/voip/webrtc/modules/audio_coding/neteq/underrun_optimizer.cc.o
build	Build APK	2026-07-23T18:35:25.7758629Z   [1058/2057] Building CXX object CMakeFiles/tgcalls.dir/voip/webrtc/modules/audio_coding/acm2/acm_resampler.cc.o
build	Build APK	2026-07-23T18:35:25.7759259Z   [1059/2057] Building CXX object CMakeFiles/tgcalls.dir/voip/webrtc/modules/audio_coding/codecs/pcm16b/pcm16b_common.cc.o
build	Build APK	2026-07-23T18:35:25.7759855Z   [1060/2057] Building CXX object CMakeFiles/tgcalls.dir/voip/webrtc/modules/audio_coding/acm2/acm_receiver.cc.o
build	Build APK	2026-07-23T18:35:25.7760430Z   [1061/2057] Building CXX object CMakeFiles/tgcalls.dir/voip/webrtc/modules/audio_coding/acm2/acm_remixing.cc.o
build	Build APK	2026-07-23T18:35:25.7761015Z   [1062/2057] Building CXX object CMakeFiles/tgcalls.dir/voip/webrtc/modules/audio_coding/neteq/packet_buffer.cc.o
build	Build APK	2026-07-23T18:35:25.7761610Z   [1063/2057] Building CXX object CMakeFiles/tgcalls.dir/voip/webrtc/modules/audio_coding/neteq/decision_logic.cc.o
build	Build APK	2026-07-23T18:35:25.7762165Z   [1064/2057] Building CXX object CMakeFiles/tgcalls.dir/voip/webrtc/modules/audio_coding/neteq/delay_manager.cc.o
build	Build APK	2026-07-23T18:35:25.7762723Z   [1065/2057] Building CXX object CMakeFiles/tgcalls.dir/voip/webrtc/modules/audio_coding/neteq/accelerate.cc.o
build	Build APK	2026-07-23T18:35:25.7763374Z   [1066/2057] Building CXX object CMakeFiles/tgcalls.dir/voip/webrtc/modules/audio_coding/neteq/red_payload_splitter.cc.o
build	Build APK	2026-07-23T18:35:25.7764000Z   [1067/2057] Building CXX object CMakeFiles/tgcalls.dir/voip/webrtc/modules/audio_coding/neteq/buffer_level_filter.cc.o
build	Build APK	2026-07-23T18:35:25.7764891Z   [1068/2057] Building CXX object CMakeFiles/tgcalls.dir/voip/webrtc/modules/audio_coding/neteq/preemptive_expand.cc.o
build	Build APK	2026-07-23T18:35:25.7765440Z   [1069/2057] Building CXX object CMakeFiles/tgcalls.dir/voip/webrtc/modules/audio_coding/neteq/reorder_optimizer.cc.o
build	Build APK	2026-07-23T18:35:25.7765974Z   [1070/2057] Building CXX object CMakeFiles/tgcalls.dir/voip/webrtc/modules/audio_coding/neteq/packet.cc.o
build	Build APK	2026-07-23T18:35:25.7766612Z   [1071/2057] Building CXX object CMakeFiles/tgcalls.dir/voip/webrtc/modules/audio_coding/neteq/dtmf_tone_generator.cc.o
build	Build APK	2026-07-23T18:35:25.7767167Z   [1072/2057] Building CXX object CMakeFiles/tgcalls.dir/voip/webrtc/modules/audio_coding/neteq/expand.cc.o
build	Build APK	2026-07-23T18:35:25.7767776Z   [1073/2057] Building CXX object CMakeFiles/tgcalls.dir/voip/webrtc/modules/audio_coding/neteq/random_vector.cc.o
build	Build APK	2026-07-23T18:35:25.7768374Z   [1074/2057] Building CXX object CMakeFiles/tgcalls.dir/voip/webrtc/modules/audio_coding/neteq/background_noise.cc.o
build	Build APK	2026-07-23T18:35:25.7768904Z   [1075/2057] Building CXX object CMakeFiles/tgcalls.dir/voip/webrtc/modules/audio_coding/neteq/time_stretch.cc.o
build	Build APK	2026-07-23T18:35:25.7769466Z   [1076/2057] Building CXX object CMakeFiles/tgcalls.dir/voip/webrtc/modules/audio_coding/neteq/dsp_helper.cc.o
build	Build APK	2026-07-23T18:35:25.7770103Z   [1077/2057] Building CXX object CMakeFiles/tgcalls.dir/voip/webrtc/modules/audio_coding/neteq/cross_correlation.cc.o
build	Build APK	2026-07-23T18:35:25.7770765Z   [1078/2057] Building CXX object CMakeFiles/tgcalls.dir/voip/webrtc/modules/audio_coding/neteq/default_neteq_factory.cc.o
build	Build APK	2026-07-23T18:35:25.7771542Z   [1079/2057] Building CXX object CMakeFiles/tgcalls.dir/voip/webrtc/modules/audio_coding/neteq/normal.cc.o
build	Build APK	2026-07-23T18:35:25.7772163Z   [1080/2057] Building CXX object CMakeFiles/tgcalls.dir/voip/webrtc/modules/audio_coding/neteq/decoder_database.cc.o
build	Build APK	2026-07-23T18:35:25.7772715Z   [1081/2057] Building CXX object CMakeFiles/tgcalls.dir/voip/webrtc/modules/audio_coding/neteq/histogram.cc.o
build	Build APK	2026-07-23T18:35:25.7773538Z   [1082/2057] Building CXX object CMakeFiles/tgcalls.dir/voip/webrtc/modules/audio_coding/neteq/expand_uma_logger.cc.o
build	Build APK	2026-07-23T18:35:25.7774394Z   [1083/2057] Building CXX object CMakeFiles/tgcalls.dir/voip/webrtc/modules/audio_coding/neteq/comfort_noise.cc.o
build	Build APK	2026-07-23T18:35:25.7774994Z   [1084/2057] Building CXX object CMakeFiles/tgcalls.dir/voip/webrtc/modules/audio_coding/neteq/audio_vector.cc.o
build	Build APK	2026-07-23T18:35:25.7775553Z   [1085/2057] Building CXX object CMakeFiles/tgcalls.dir/voip/webrtc/modules/audio_coding/neteq/timestamp_scaler.cc.o
build	Build APK	2026-07-23T18:35:25.7776129Z   [1086/2057] Building CXX object CMakeFiles/tgcalls.dir/voip/webrtc/modules/audio_coding/neteq/merge.cc.o
build	Build APK	2026-07-23T18:35:25.7776710Z   [1087/2057] Building CXX object CMakeFiles/tgcalls.dir/voip/webrtc/modules/audio_coding/neteq/neteq_impl.cc.o
build	Build APK	2026-07-23T18:35:25.7777222Z   [1088/2057] Building CXX object CMakeFiles/tgcalls.dir/voip/webrtc/modules/audio_coding/neteq/sync_buffer.cc.o
build	Build APK	2026-07-23T18:35:25.7777804Z   [1089/2057] Building CXX object CMakeFiles/tgcalls.dir/voip/webrtc/modules/audio_coding/neteq/audio_multi_vector.cc.o
build	Build APK	2026-07-23T18:35:25.7778413Z   [1090/2057] Building CXX object CMakeFiles/tgcalls.dir/voip/webrtc/modules/audio_coding/neteq/packet_arrival_history.cc.o
build	Build APK	2026-07-23T18:35:25.7779039Z   [1091/2057] Building CXX object CMakeFiles/tgcalls.dir/voip/webrtc/modules/audio_coding/neteq/statistics_calculator.cc.o
build	Build APK	2026-07-23T18:35:25.7779566Z   [1092/2057] Building CXX object CMakeFiles/tgcalls.dir/voip/webrtc/modules/audio_coding/neteq/dtmf_buffer.cc.o
build	Build APK	2026-07-23T18:35:25.7780275Z   [1093/2057] Building CXX object CMakeFiles/tgcalls.dir/voip/webrtc/modules/audio_coding/audio_network_adaptor/dtx_controller.cc.o
build	Build APK	2026-07-23T18:35:25.7780960Z   [1094/2057] Building CXX object CMakeFiles/tgcalls.dir/voip/webrtc/modules/audio_coding/audio_network_adaptor/event_log_writer.cc.o
build	Build APK	2026-07-23T18:35:25.7781656Z   [1095/2057] Building CXX object CMakeFiles/tgcalls.dir/voip/webrtc/modules/audio_coding/audio_network_adaptor/debug_dump_writer.cc.o
build	Build APK	2026-07-23T18:35:25.7782267Z   [1096/2057] Building CXX object CMakeFiles/tgcalls.dir/voip/webrtc/modules/audio_coding/neteq/nack_tracker.cc.o
build	Build APK	2026-07-23T18:35:25.7783004Z   [1097/2057] Building CXX object CMakeFiles/tgcalls.dir/voip/webrtc/modules/audio_coding/audio_network_adaptor/fec_controller_plr_based.cc.o
build	Build APK	2026-07-23T18:35:25.7783708Z   [1098/2057] Building CXX object CMakeFiles/tgcalls.dir/voip/webrtc/modules/audio_coding/audio_network_adaptor/controller_manager.cc.o
build	Build APK	2026-07-23T18:35:25.7784889Z   [1099/2057] Building CXX object CMakeFiles/tgcalls.dir/voip/webrtc/modules/audio_coding/audio_network_adaptor/audio_network_adaptor_config.cc.o
build	Build APK	2026-07-23T18:35:25.7785646Z   [1100/2057] Building CXX object CMakeFiles/tgcalls.dir/voip/webrtc/modules/audio_coding/audio_network_adaptor/bitrate_controller.cc.o
build	Build APK	2026-07-23T18:35:25.7786385Z   [1101/2057] Building CXX object CMakeFiles/tgcalls.dir/voip/webrtc/modules/audio_coding/audio_network_adaptor/frame_length_controller.cc.o
build	Build APK	2026-07-23T18:35:25.7787146Z   [1102/2057] Building CXX object CMakeFiles/tgcalls.dir/voip/webrtc/modules/audio_coding/audio_network_adaptor/audio_network_adaptor_impl.cc.o
build	Build APK	2026-07-23T18:35:25.7787865Z   [1103/2057] Building CXX object CMakeFiles/tgcalls.dir/voip/webrtc/modules/audio_coding/audio_network_adaptor/channel_controller.cc.o
build	Build APK	2026-07-23T18:35:25.7788509Z   [1104/2057] Building CXX object CMakeFiles/tgcalls.dir/voip/webrtc/modules/audio_coding/audio_network_adaptor/controller.cc.o
build	Build APK	2026-07-23T18:35:25.7789254Z   [1105/2057] Building CXX object CMakeFiles/tgcalls.dir/voip/webrtc/modules/audio_coding/audio_network_adaptor/frame_length_controller_v2.cc.o
build	Build APK	2026-07-23T18:35:25.7790292Z   [1106/2057] Building CXX object CMakeFiles/tgcalls.dir/voip/webrtc/modules/audio_processing/echo_detector/normalized_covariance_estimator.cc.o
build	Build APK	2026-07-23T18:35:25.7790846Z   [1107/2057] Building CXX object CMakeFiles/tgcalls.dir/voip/webrtc/modules/audio_processing/rms_level.cc.o
build	Build APK	2026-07-23T18:35:25.7791677Z   [1108/2057] Building CXX object CMakeFiles/tgcalls.dir/voip/webrtc/modules/audio_processing/ns/prior_signal_model.cc.o
build	Build APK	2026-07-23T18:35:25.7792321Z   [1109/2057] Building CXX object CMakeFiles/tgcalls.dir/voip/webrtc/modules/audio_processing/echo_detector/circular_buffer.cc.o
build	Build APK	2026-07-23T18:35:25.7793065Z   [1110/2057] Building CXX object CMakeFiles/tgcalls.dir/voip/webrtc/modules/audio_processing/echo_detector/mean_variance_estimator.cc.o
build	Build APK	2026-07-23T18:35:25.7793701Z   [1111/2057] Building CXX object CMakeFiles/tgcalls.dir/voip/webrtc/modules/audio_processing/echo_detector/moving_max.cc.o
build	Build APK	2026-07-23T18:35:25.7794568Z   [1112/2057] Building CXX object CMakeFiles/tgcalls.dir/voip/webrtc/modules/audio_processing/splitting_filter.cc.o
build	Build APK	2026-07-23T18:35:25.7795140Z   [1113/2057] Building CXX object CMakeFiles/tgcalls.dir/voip/webrtc/modules/audio_processing/ns/signal_model.cc.o
build	Build APK	2026-07-23T18:35:25.7795773Z   [1114/2057] Building CXX object CMakeFiles/tgcalls.dir/voip/webrtc/modules/audio_processing/ns/quantile_noise_estimator.cc.o
build	Build APK	2026-07-23T18:35:25.7796311Z   [1115/2057] Building CXX object CMakeFiles/tgcalls.dir/voip/webrtc/modules/audio_processing/ns/ns_fft.cc.o
build	Build APK	2026-07-23T18:35:25.7796923Z   [1116/2057] Building CXX object CMakeFiles/tgcalls.dir/voip/webrtc/modules/audio_processing/ns/signal_model_estimator.cc.o
build	Build APK	2026-07-23T18:35:25.7797612Z   [1117/2057] Building CXX object CMakeFiles/tgcalls.dir/voip/webrtc/modules/audio_processing/ns/prior_signal_model_estimator.cc.o
build	Build APK	2026-07-23T18:35:25.7800992Z   [1118/2057] Building CXX object CMakeFiles/tgcalls.dir/voip/webrtc/modules/audio_processing/ns/noise_suppressor.cc.o
build	Build APK	2026-07-23T18:35:25.7801603Z   [1119/2057] Building CXX object CMakeFiles/tgcalls.dir/voip/webrtc/modules/audio_processing/gain_control_impl.cc.o
build	Build APK	2026-07-23T18:35:25.7802351Z   [1120/2057] Building CXX object CMakeFiles/tgcalls.dir/voip/webrtc/modules/audio_processing/ns/speech_probability_estimator.cc.o
build	Build APK	2026-07-23T18:35:25.7802992Z   [1121/2057] Building CXX object CMakeFiles/tgcalls.dir/voip/webrtc/modules/audio_processing/ns/suppression_params.cc.o
build	Build APK	2026-07-23T18:35:25.7803607Z   [1122/2057] Building CXX object CMakeFiles/tgcalls.dir/voip/webrtc/modules/audio_processing/ns/fast_math.cc.o
build	Build APK	2026-07-23T18:35:25.7804508Z   [1123/2057] Building CXX object CMakeFiles/tgcalls.dir/voip/webrtc/modules/audio_processing/ns/wiener_filter.cc.o
build	Build APK	2026-07-23T18:35:25.7805317Z   [1124/2057] Building CXX object CMakeFiles/tgcalls.dir/voip/webrtc/modules/audio_processing/capture_levels_adjuster/capture_levels_adjuster.cc.o
build	Build APK	2026-07-23T18:35:25.7805970Z   [1125/2057] Building CXX object CMakeFiles/tgcalls.dir/voip/webrtc/modules/audio_processing/ns/histograms.cc.o
build	Build APK	2026-07-23T18:35:25.7806930Z   [1126/2057] Building CXX object CMakeFiles/tgcalls.dir/voip/webrtc/modules/audio_processing/ns/noise_estimator.cc.o
build	Build APK	2026-07-23T18:35:25.7807423Z   [1127/2057] Building CXX object CMakeFiles/tgcalls.dir/voip/webrtc/modules/audio_processing/capture_levels_adjuster/audio_samples_scaler.cc.o
build	Build APK	2026-07-23T18:35:25.7807844Z   [1128/2057] Building CXX object CMakeFiles/tgcalls.dir/voip/webrtc/modules/audio_processing/include/audio_processing_statistics.cc.o
build	Build APK	2026-07-23T18:35:25.7808217Z   [1129/2057] Building CXX object CMakeFiles/tgcalls.dir/voip/webrtc/modules/audio_processing/include/audio_frame_proxies.cc.o
build	Build APK	2026-07-23T18:35:25.7808599Z   [1130/2057] Building CXX object CMakeFiles/tgcalls.dir/voip/webrtc/modules/audio_processing/aec_dump/null_aec_dump_factory.cc.o
build	Build APK	2026-07-23T18:35:25.7808996Z   [1131/2057] Building CXX object CMakeFiles/tgcalls.dir/voip/webrtc/modules/audio_processing/agc2/gain_applier.cc.o
build	Build APK	2026-07-23T18:35:25.7809564Z   [1132/2057] Building CXX object CMakeFiles/tgcalls.dir/voip/webrtc/modules/audio_processing/agc2/interpolated_gain_curve.cc.o
build	Build APK	2026-07-23T18:35:25.7810118Z   [1133/2057] Building CXX object CMakeFiles/tgcalls.dir/voip/webrtc/modules/audio_processing/include/aec_dump.cc.o
build	Build APK	2026-07-23T18:35:25.7810482Z   [1134/2057] Building CXX object CMakeFiles/tgcalls.dir/voip/webrtc/modules/audio_processing/include/audio_processing.cc.o
build	Build APK	2026-07-23T18:35:25.7810964Z   [1135/2057] Building CXX object CMakeFiles/tgcalls.dir/voip/webrtc/modules/audio_processing/agc2/speech_level_estimator.cc.o
build	Build APK	2026-07-23T18:35:25.7811329Z   [1136/2057] Building CXX object CMakeFiles/tgcalls.dir/voip/webrtc/modules/audio_processing/agc2/input_volume_controller.cc.o
build	Build APK	2026-07-23T18:35:25.7811688Z   [1137/2057] Building CXX object CMakeFiles/tgcalls.dir/voip/webrtc/modules/audio_processing/agc2/saturation_protector.cc.o
build	Build APK	2026-07-23T18:35:25.7812059Z   [1138/2057] Building CXX object CMakeFiles/tgcalls.dir/voip/webrtc/modules/audio_processing/agc2/rnn_vad/auto_correlation.cc.o
build	Build APK	2026-07-23T18:35:25.7812372Z   [1139/2057] Building CXX object CMakeFiles/tgcalls.dir/voip/webrtc/modules/audio_processing/agc2/limiter.cc.o
build	Build APK	2026-07-23T18:35:25.7812758Z   [1140/2057] Building CXX object CMakeFiles/tgcalls.dir/voip/webrtc/modules/audio_processing/agc2/rnn_vad/features_extraction.cc.o
build	Build APK	2026-07-23T18:35:25.7813119Z   [1141/2057] Building CXX object CMakeFiles/tgcalls.dir/voip/webrtc/modules/audio_processing/agc2/clipping_predictor.cc.o
build	Build APK	2026-07-23T18:35:25.7813466Z   [1142/2057] Building CXX object CMakeFiles/tgcalls.dir/voip/webrtc/modules/audio_processing/agc2/rnn_vad/lp_residual.cc.o
build	Build APK	2026-07-23T18:35:25.7813820Z   [1143/2057] Building CXX object CMakeFiles/tgcalls.dir/voip/webrtc/modules/audio_processing/agc2/rnn_vad/pitch_search.cc.o
build	Build APK	2026-07-23T18:35:25.7814455Z   [1144/2057] Building CXX object CMakeFiles/tgcalls.dir/voip/webrtc/modules/audio_processing/agc2/rnn_vad/rnn.cc.o
build	Build APK	2026-07-23T18:35:25.7815252Z   [1145/2057] Building CXX object CMakeFiles/tgcalls.dir/voip/webrtc/modules/audio_processing/agc2/rnn_vad/spectral_features_internal.cc.o
build	Build APK	2026-07-23T18:35:25.7815939Z   [1146/2057] Building CXX object CMakeFiles/tgcalls.dir/voip/webrtc/modules/audio_processing/agc2/rnn_vad/spectral_features.cc.o
build	Build APK	2026-07-23T18:35:25.7816670Z   [1147/2057] Building CXX object CMakeFiles/tgcalls.dir/voip/webrtc/modules/audio_processing/agc2/rnn_vad/pitch_search_internal.cc.o
build	Build APK	2026-07-23T18:35:25.7817404Z   [1148/2057] Building CXX object CMakeFiles/tgcalls.dir/voip/webrtc/modules/audio_processing/agc2/clipping_predictor_level_buffer.cc.o
build	Build APK	2026-07-23T18:35:25.7818028Z   [1149/2057] Building CXX object CMakeFiles/tgcalls.dir/voip/webrtc/modules/audio_processing/agc2/rnn_vad/rnn_fc.cc.o
build	Build APK	2026-07-23T18:35:25.7818657Z   [1150/2057] Building CXX object CMakeFiles/tgcalls.dir/voip/webrtc/modules/audio_processing/agc2/noise_level_estimator.cc.o
build	Build APK	2026-07-23T18:35:25.7819269Z   [1151/2057] Building CXX object CMakeFiles/tgcalls.dir/voip/webrtc/modules/audio_processing/agc2/vector_float_frame.cc.o
build	Build APK	2026-07-23T18:35:25.7819942Z   [1152/2057] Building CXX object CMakeFiles/tgcalls.dir/voip/webrtc/modules/audio_processing/agc2/fixed_digital_level_estimator.cc.o
build	Build APK	2026-07-23T18:35:25.7820504Z   [1153/2057] Building CXX object CMakeFiles/tgcalls.dir/voip/webrtc/modules/audio_processing/agc2/rnn_vad/rnn_gru.cc.o
build	Build APK	2026-07-23T18:35:25.7821140Z   [1154/2057] Building CXX object CMakeFiles/tgcalls.dir/voip/webrtc/modules/audio_processing/agc2/agc2_testing_common.cc.o
build	Build APK	2026-07-23T18:35:25.7821794Z   [1155/2057] Building CXX object CMakeFiles/tgcalls.dir/voip/webrtc/modules/audio_processing/agc2/limiter_db_gain_curve.cc.o
build	Build APK	2026-07-23T18:35:25.7822546Z   [1156/2057] Building CXX object CMakeFiles/tgcalls.dir/voip/webrtc/modules/audio_processing/agc2/speech_probability_buffer.cc.o
build	Build APK	2026-07-23T18:35:25.7823362Z   [1157/2057] Building CXX object CMakeFiles/tgcalls.dir/voip/webrtc/modules/audio_processing/agc2/saturation_protector_buffer.cc.o
build	Build APK	2026-07-23T18:35:25.7824080Z   [1158/2057] Building CXX object CMakeFiles/tgcalls.dir/voip/webrtc/modules/audio_processing/agc2/adaptive_digital_gain_controller.cc.o
build	Build APK	2026-07-23T18:35:25.7824989Z   [1159/2057] Building CXX object CMakeFiles/tgcalls.dir/voip/webrtc/modules/audio_processing/agc2/compute_interpolated_gain_curve.cc.o
build	Build APK	2026-07-23T18:35:25.7825340Z   [1160/2057] Building CXX object CMakeFiles/tgcalls.dir/voip/webrtc/modules/audio_processing/agc2/biquad_filter.cc.o
build	Build APK	2026-07-23T18:35:25.7825791Z   [1161/2057] Building CXX object CMakeFiles/tgcalls.dir/voip/webrtc/modules/audio_processing/agc2/vad_wrapper.cc.o
build	Build APK	2026-07-23T18:35:25.7826127Z   [1162/2057] Building CXX object CMakeFiles/tgcalls.dir/voip/webrtc/modules/audio_processing/agc2/cpu_features.cc.o
build	Build APK	2026-07-23T18:35:25.7826513Z   [1163/2057] Building CXX object CMakeFiles/tgcalls.dir/voip/webrtc/modules/audio_processing/agc2/input_volume_stats_reporter.cc.o
build	Build APK	2026-07-23T18:35:25.7826874Z   [1164/2057] Building CXX object CMakeFiles/tgcalls.dir/voip/webrtc/modules/audio_processing/transient/moving_moments.cc.o
build	Build APK	2026-07-23T18:35:25.7827285Z   [1165/2057] Building CXX object CMakeFiles/tgcalls.dir/voip/webrtc/modules/audio_processing/transient/voice_probability_delay_unit.cc.o
build	Build APK	2026-07-23T18:35:25.7827671Z   [1166/2057] Building CXX object CMakeFiles/tgcalls.dir/voip/webrtc/modules/audio_processing/transient/file_utils.cc.o
build	Build APK	2026-07-23T18:35:25.7828103Z   [1167/2057] Building CXX object CMakeFiles/tgcalls.dir/voip/webrtc/modules/audio_processing/transient/transient_suppressor_impl.cc.o
build	Build APK	2026-07-23T18:35:25.7828445Z   [1168/2057] Building CXX object CMakeFiles/tgcalls.dir/voip/webrtc/modules/audio_processing/transient/wpd_tree.cc.o
build	Build APK	2026-07-23T18:35:25.7828769Z   [1169/2057] Building CXX object CMakeFiles/tgcalls.dir/voip/webrtc/modules/audio_processing/transient/wpd_node.cc.o
build	Build APK	2026-07-23T18:35:25.7829162Z   [1170/2057] Building CXX object CMakeFiles/tgcalls.dir/voip/webrtc/modules/audio_processing/optionally_built_submodule_creators.cc.o
build	Build APK	2026-07-23T18:35:25.7829512Z   [1171/2057] Building CXX object CMakeFiles/tgcalls.dir/voip/webrtc/modules/audio_processing/three_band_filter_bank.cc.o
build	Build APK	2026-07-23T18:35:25.7829879Z   [1172/2057] Building CXX object CMakeFiles/tgcalls.dir/voip/webrtc/modules/audio_processing/transient/click_annotate.cc.o
build	Build APK	2026-07-23T18:35:25.7830175Z   [1173/2057] Building CXX object CMakeFiles/tgcalls.dir/voip/webrtc/modules/audio_processing/agc/agc.cc.o
build	Build APK	2026-07-23T18:35:25.7830551Z   [1174/2057] Building CXX object CMakeFiles/tgcalls.dir/voip/webrtc/modules/audio_processing/transient/transient_detector.cc.o
build	Build APK	2026-07-23T18:35:25.7830902Z   [1175/2057] Building CXX object CMakeFiles/tgcalls.dir/voip/webrtc/modules/audio_processing/agc/loudness_histogram.cc.o
build	Build APK	2026-07-23T18:35:25.7831210Z   [1176/2057] Building CXX object CMakeFiles/tgcalls.dir/voip/webrtc/modules/audio_processing/agc/utility.cc.o
build	Build APK	2026-07-23T18:35:25.7831553Z   [1177/2057] Building CXX object CMakeFiles/tgcalls.dir/voip/webrtc/modules/audio_processing/agc/legacy/digital_agc.cc.o
build	Build APK	2026-07-23T18:35:25.7831894Z   [1178/2057] Building CXX object CMakeFiles/tgcalls.dir/voip/webrtc/modules/audio_processing/agc/legacy/analog_agc.cc.o
build	Build APK	2026-07-23T18:35:25.7832234Z   [1179/2057] Building CXX object CMakeFiles/tgcalls.dir/voip/webrtc/modules/audio_processing/agc/agc_manager_direct.cc.o
build	Build APK	2026-07-23T18:35:25.7832644Z   [1180/2057] Building CXX object CMakeFiles/tgcalls.dir/voip/webrtc/modules/audio_processing/audio_buffer.cc.o
build	Build APK	2026-07-23T18:35:25.7833239Z   [1181/2057] Building CXX object CMakeFiles/tgcalls.dir/voip/webrtc/modules/audio_processing/high_pass_filter.cc.o
build	Build APK	2026-07-23T18:35:25.7834011Z   [1182/2057] Building CXX object CMakeFiles/tgcalls.dir/voip/webrtc/modules/audio_processing/audio_processing_builder_impl.cc.o
build	Build APK	2026-07-23T18:35:25.7836635Z   [1183/2057] Building CXX object CMakeFiles/tgcalls.dir/voip/webrtc/modules/audio_processing/aecm/aecm_core_c.cc.o
build	Build APK	2026-07-23T18:35:25.7837247Z   [1184/2057] Building CXX object CMakeFiles/tgcalls.dir/voip/webrtc/modules/audio_processing/residual_echo_detector.cc.o
build	Build APK	2026-07-23T18:35:25.7837875Z   [1185/2057] Building CXX object CMakeFiles/tgcalls.dir/voip/webrtc/modules/audio_processing/aecm/echo_control_mobile.cc.o
build	Build APK	2026-07-23T18:35:25.7838720Z   [1186/2057] Building CXX object CMakeFiles/tgcalls.dir/voip/webrtc/modules/audio_processing/gain_controller2.cc.o
build	Build APK	2026-07-23T18:35:25.7839325Z   [1187/2057] Building CXX object CMakeFiles/tgcalls.dir/voip/webrtc/modules/audio_processing/audio_processing_impl.cc.o
build	Build APK	2026-07-23T18:35:25.7840159Z   [1188/2057] Building CXX object CMakeFiles/tgcalls.dir/voip/webrtc/modules/audio_processing/aec3/echo_path_variability.cc.o
build	Build APK	2026-07-23T18:35:25.7840729Z   [1189/2057] Building CXX object CMakeFiles/tgcalls.dir/voip/webrtc/modules/audio_processing/aecm/aecm_core.cc.o
build	Build APK	2026-07-23T18:35:25.7841381Z   [1190/2057] Building CXX object CMakeFiles/tgcalls.dir/voip/webrtc/modules/audio_processing/aec3/dominant_nearend_detector.cc.o
build	Build APK	2026-07-23T18:35:25.7841981Z   [1191/2057] Building CXX object CMakeFiles/tgcalls.dir/voip/webrtc/modules/audio_processing/aec3/echo_remover_metrics.cc.o
build	Build APK	2026-07-23T18:35:25.7842360Z   [1192/2057] Building CXX object CMakeFiles/tgcalls.dir/voip/webrtc/modules/audio_processing/aec3/transparent_mode.cc.o
build	Build APK	2026-07-23T18:35:25.7842778Z   [1193/2057] Building CXX object CMakeFiles/tgcalls.dir/voip/webrtc/modules/audio_processing/aec3/matched_filter_lag_aggregator.cc.o
build	Build APK	2026-07-23T18:35:25.7843118Z   [1194/2057] Building CXX object CMakeFiles/tgcalls.dir/voip/webrtc/modules/audio_processing/aec3/frame_blocker.cc.o
build	Build APK	2026-07-23T18:35:25.7843439Z   [1195/2057] Building CXX object CMakeFiles/tgcalls.dir/voip/webrtc/modules/audio_processing/aec3/aec3_fft.cc.o
build	Build APK	2026-07-23T18:35:25.7843807Z   [1196/2057] Building CXX object CMakeFiles/tgcalls.dir/voip/webrtc/modules/audio_processing/aec3/adaptive_fir_filter_erl.cc.o
build	Build APK	2026-07-23T18:35:25.7844488Z   [1197/2057] Building CXX object CMakeFiles/tgcalls.dir/voip/webrtc/modules/audio_processing/aec3/suppression_filter.cc.o
build	Build APK	2026-07-23T18:35:25.7844969Z   [1198/2057] Building CXX object CMakeFiles/tgcalls.dir/voip/webrtc/modules/audio_processing/aec3/fullband_erle_estimator.cc.o
build	Build APK	2026-07-23T18:35:25.7845317Z   [1199/2057] Building CXX object CMakeFiles/tgcalls.dir/voip/webrtc/modules/audio_processing/aec3/subtractor.cc.o
build	Build APK	2026-07-23T18:35:25.7845660Z   [1200/2057] Building CXX object CMakeFiles/tgcalls.dir/voip/webrtc/modules/audio_processing/aec3/block_processor.cc.o
build	Build APK	2026-07-23T18:35:25.7846031Z   [1201/2057] Building CXX object CMakeFiles/tgcalls.dir/voip/webrtc/modules/audio_processing/aec3/api_call_jitter_metrics.cc.o
build	Build APK	2026-07-23T18:35:25.7846436Z   [1202/2057] Building CXX object CMakeFiles/tgcalls.dir/voip/webrtc/modules/audio_processing/aec3/render_delay_controller_metrics.cc.o
build	Build APK	2026-07-23T18:35:25.7846766Z   [1203/2057] Building CXX object CMakeFiles/tgcalls.dir/voip/webrtc/modules/audio_processing/aec3/erl_estimator.cc.o
build	Build APK	2026-07-23T18:35:25.7847136Z   [1204/2057] Building CXX object CMakeFiles/tgcalls.dir/voip/webrtc/modules/audio_processing/aec3/subband_nearend_detector.cc.o
build	Build APK	2026-07-23T18:35:25.7847501Z   [1205/2057] Building CXX object CMakeFiles/tgcalls.dir/voip/webrtc/modules/audio_processing/aec3/subband_erle_estimator.cc.o
build	Build APK	2026-07-23T18:35:25.7847865Z   [1206/2057] Building CXX object CMakeFiles/tgcalls.dir/voip/webrtc/modules/audio_processing/aec3/render_delay_controller.cc.o
build	Build APK	2026-07-23T18:35:25.7848222Z   [1207/2057] Building CXX object CMakeFiles/tgcalls.dir/voip/webrtc/modules/audio_processing/aec3/render_delay_buffer.cc.o
build	Build APK	2026-07-23T18:35:25.7848544Z   [1208/2057] Building CXX object CMakeFiles/tgcalls.dir/voip/webrtc/modules/audio_processing/aec3/aec_state.cc.o
build	Build APK	2026-07-23T18:35:25.7848896Z   [1209/2057] Building CXX object CMakeFiles/tgcalls.dir/voip/webrtc/modules/audio_processing/aec3/adaptive_fir_filter.cc.o
build	Build APK	2026-07-23T18:35:25.7849271Z   [1210/2057] Building CXX object CMakeFiles/tgcalls.dir/voip/webrtc/modules/audio_processing/aec3/refined_filter_update_gain.cc.o
build	Build APK	2026-07-23T18:35:25.7849643Z   [1211/2057] Building CXX object CMakeFiles/tgcalls.dir/voip/webrtc/modules/audio_processing/aec3/echo_path_delay_estimator.cc.o
build	Build APK	2026-07-23T18:35:25.7849972Z   [1212/2057] Building CXX object CMakeFiles/tgcalls.dir/voip/webrtc/modules/audio_processing/aec3/block_buffer.cc.o
build	Build APK	2026-07-23T18:35:25.7850465Z   [1213/2057] Building CXX object CMakeFiles/tgcalls.dir/voip/webrtc/modules/audio_processing/aec3/render_buffer.cc.o
build	Build APK	2026-07-23T18:35:25.7850816Z   [1214/2057] Building CXX object CMakeFiles/tgcalls.dir/voip/webrtc/modules/audio_processing/aec3/subtractor_output.cc.o
build	Build APK	2026-07-23T18:35:25.7851246Z   [1215/2057] Building CXX object CMakeFiles/tgcalls.dir/voip/webrtc/modules/audio_processing/aec3/block_framer.cc.o
build	Build APK	2026-07-23T18:35:25.7851574Z   [1216/2057] Building CXX object CMakeFiles/tgcalls.dir/voip/webrtc/modules/audio_processing/aec3/erle_estimator.cc.o
build	Build APK	2026-07-23T18:35:25.7851895Z   [1217/2057] Building CXX object CMakeFiles/tgcalls.dir/voip/webrtc/modules/audio_processing/aec3/reverb_model.cc.o
build	Build APK	2026-07-23T18:35:25.7852270Z   [1218/2057] Building CXX object CMakeFiles/tgcalls.dir/voip/webrtc/modules/audio_processing/aec3/subtractor_output_analyzer.cc.o
build	Build APK	2026-07-23T18:35:25.7852632Z   [1219/2057] Building CXX object CMakeFiles/tgcalls.dir/voip/webrtc/modules/audio_processing/aec3/stationarity_estimator.cc.o
build	Build APK	2026-07-23T18:35:25.7852973Z   [1220/2057] Building CXX object CMakeFiles/tgcalls.dir/voip/webrtc/modules/audio_processing/aec3/suppression_gain.cc.o
build	Build APK	2026-07-23T18:35:25.7853336Z   [1221/2057] Building CXX object CMakeFiles/tgcalls.dir/voip/webrtc/modules/audio_processing/aec3/render_signal_analyzer.cc.o
build	Build APK	2026-07-23T18:35:25.7853668Z   [1222/2057] Building CXX object CMakeFiles/tgcalls.dir/voip/webrtc/modules/audio_processing/aec3/moving_average.cc.o
build	Build APK	2026-07-23T18:35:25.7854004Z   [1223/2057] Building CXX object CMakeFiles/tgcalls.dir/voip/webrtc/modules/audio_processing/aec3/echo_audibility.cc.o
build	Build APK	2026-07-23T18:35:25.7854609Z   [1224/2057] Building CXX object CMakeFiles/tgcalls.dir/voip/webrtc/modules/audio_processing/aec3/block_processor_metrics.cc.o
build	Build APK	2026-07-23T18:35:25.7854945Z   [1225/2057] Building CXX object CMakeFiles/tgcalls.dir/voip/webrtc/modules/audio_processing/aec3/aec3_common.cc.o
build	Build APK	2026-07-23T18:35:25.7855341Z   [1226/2057] Building CXX object CMakeFiles/tgcalls.dir/voip/webrtc/modules/audio_processing/aec3/multi_channel_content_detector.cc.o
build	Build APK	2026-07-23T18:35:25.7855701Z   [1227/2057] Building CXX object CMakeFiles/tgcalls.dir/voip/webrtc/modules/audio_processing/aec3/reverb_model_estimator.cc.o
build	Build APK	2026-07-23T18:35:25.7856058Z   [1228/2057] Building CXX object CMakeFiles/tgcalls.dir/voip/webrtc/modules/audio_processing/aec3/clockdrift_detector.cc.o
build	Build APK	2026-07-23T18:35:25.7856423Z   [1229/2057] Building CXX object CMakeFiles/tgcalls.dir/voip/webrtc/modules/audio_processing/aec3/residual_echo_estimator.cc.o
build	Build APK	2026-07-23T18:35:25.7856792Z   [1230/2057] Building CXX object CMakeFiles/tgcalls.dir/voip/webrtc/modules/audio_processing/aec3/downsampled_render_buffer.cc.o
build	Build APK	2026-07-23T18:35:25.7857127Z   [1231/2057] Building CXX object CMakeFiles/tgcalls.dir/voip/webrtc/modules/audio_processing/aec3/config_selector.cc.o
build	Build APK	2026-07-23T18:35:25.7857485Z   [1232/2057] Building CXX object CMakeFiles/tgcalls.dir/voip/webrtc/modules/audio_processing/aec3/reverb_decay_estimator.cc.o
build	Build APK	2026-07-23T18:35:25.7857880Z   [1233/2057] Building CXX object CMakeFiles/tgcalls.dir/voip/webrtc/modules/audio_processing/aec3/signal_dependent_erle_estimator.cc.o
build	Build APK	2026-07-23T18:35:25.7858211Z   [1234/2057] Building CXX object CMakeFiles/tgcalls.dir/voip/webrtc/modules/audio_processing/aec3/matched_filter.cc.o
build	Build APK	2026-07-23T18:35:25.7858550Z   [1235/2057] Building CXX object CMakeFiles/tgcalls.dir/voip/webrtc/modules/audio_processing/aec3/spectrum_buffer.cc.o
build	Build APK	2026-07-23T18:35:25.7858900Z   [1236/2057] Building CXX object CMakeFiles/tgcalls.dir/voip/webrtc/modules/audio_processing/aec3/block_delay_buffer.cc.o
build	Build APK	2026-07-23T18:35:25.7859384Z   [1237/2057] Building CXX object CMakeFiles/tgcalls.dir/voip/webrtc/modules/audio_processing/aec3/echo_remover.cc.o
build	Build APK	2026-07-23T18:35:25.7860108Z   [1238/2057] Building CXX object CMakeFiles/tgcalls.dir/voip/webrtc/modules/audio_processing/aec3/coarse_filter_update_gain.cc.o
build	Build APK	2026-07-23T18:35:25.7860687Z   [1239/2057] Building CXX object CMakeFiles/tgcalls.dir/voip/webrtc/modules/audio_processing/aec3/fft_buffer.cc.o
build	Build APK	2026-07-23T18:35:25.7861474Z   [1240/2057] Building CXX object CMakeFiles/tgcalls.dir/voip/webrtc/modules/audio_processing/aec3/echo_canceller3.cc.o
build	Build APK	2026-07-23T18:35:25.7862159Z   [1241/2057] Building CXX object CMakeFiles/tgcalls.dir/voip/webrtc/modules/audio_processing/aec3/comfort_noise_generator.cc.o
build	Build APK	2026-07-23T18:35:25.7863049Z   [1242/2057] Building CXX object CMakeFiles/tgcalls.dir/voip/webrtc/modules/audio_processing/aec3/reverb_frequency_response.cc.o
build	Build APK	2026-07-23T18:35:25.7863694Z   [1243/2057] Building CXX object CMakeFiles/tgcalls.dir/voip/webrtc/modules/audio_processing/aec3/filter_analyzer.cc.o
build	Build APK	2026-07-23T18:35:25.7864608Z   [1244/2057] Building CXX object CMakeFiles/tgcalls.dir/voip/webrtc/modules/audio_processing/aec3/alignment_mixer.cc.o
build	Build APK	2026-07-23T18:35:25.7865221Z   [1245/2057] Building CXX object CMakeFiles/tgcalls.dir/voip/webrtc/modules/audio_processing/aec3/decimator.cc.o
build	Build APK	2026-07-23T18:35:25.7865852Z   [1246/2057] Building CXX object CMakeFiles/tgcalls.dir/voip/webrtc/modules/audio_processing/vad/pitch_internal.cc.o
build	Build APK	2026-07-23T18:35:25.7866529Z   [1247/2057] Building CXX object CMakeFiles/tgcalls.dir/voip/webrtc/modules/audio_processing/logging/apm_data_dumper.cc.o
build	Build APK	2026-07-23T18:35:25.7867198Z   [1248/2057] Building CXX object CMakeFiles/tgcalls.dir/voip/webrtc/modules/audio_processing/vad/vad_circular_buffer.cc.o
build	Build APK	2026-07-23T18:35:25.7867890Z   [1249/2057] Building CXX object CMakeFiles/tgcalls.dir/voip/webrtc/modules/audio_processing/echo_control_mobile_impl.cc.o
build	Build APK	2026-07-23T18:35:25.7868528Z   [1250/2057] Building CXX object CMakeFiles/tgcalls.dir/voip/webrtc/modules/audio_processing/vad/pole_zero_filter.cc.o
build	Build APK	2026-07-23T18:35:25.7869158Z   [1251/2057] Building CXX object CMakeFiles/tgcalls.dir/voip/webrtc/modules/audio_processing/vad/pitch_based_vad.cc.o
build	Build APK	2026-07-23T18:35:25.7869781Z   [1252/2057] Building CXX object CMakeFiles/tgcalls.dir/voip/webrtc/modules/audio_processing/vad/standalone_vad.cc.o
build	Build APK	2026-07-23T18:35:25.7870331Z   [1253/2057] Building CXX object CMakeFiles/tgcalls.dir/voip/webrtc/modules/audio_processing/vad/gmm.cc.o
build	Build APK	2026-07-23T18:35:25.7870914Z   [1254/2057] Building CXX object CMakeFiles/tgcalls.dir/voip/webrtc/modules/audio_processing/vad/vad_audio_proc.cc.o
build	Build APK	2026-07-23T18:35:25.7871602Z   [1255/2057] Building CXX object CMakeFiles/tgcalls.dir/voip/webrtc/modules/audio_processing/vad/voice_activity_detector.cc.o
build	Build APK	2026-07-23T18:35:25.7872248Z   [1256/2057] Building CXX object CMakeFiles/tgcalls.dir/voip/webrtc/modules/audio_processing/utility/cascaded_biquad_filter.cc.o
build	Build APK	2026-07-23T18:35:25.7872648Z   [1257/2057] Building CXX object CMakeFiles/tgcalls.dir/voip/webrtc/modules/audio_processing/utility/delay_estimator_wrapper.cc.o
build	Build APK	2026-07-23T18:35:25.7873006Z   [1258/2057] Building CXX object CMakeFiles/tgcalls.dir/voip/webrtc/modules/audio_processing/utility/delay_estimator.cc.o
build	Build APK	2026-07-23T18:35:25.7873370Z   [1259/2057] Building CXX object CMakeFiles/tgcalls.dir/voip/webrtc/modules/remote_bitrate_estimator/packet_arrival_map.cc.o
build	Build APK	2026-07-23T18:35:25.7873727Z   [1260/2057] Building CXX object CMakeFiles/tgcalls.dir/voip/webrtc/modules/remote_bitrate_estimator/overuse_detector.cc.o
build	Build APK	2026-07-23T18:35:25.7874081Z   [1261/2057] Building CXX object CMakeFiles/tgcalls.dir/voip/webrtc/modules/audio_processing/utility/pffft_wrapper.cc.o
build	Build APK	2026-07-23T18:35:25.7875042Z   [1262/2057] Building CXX object CMakeFiles/tgcalls.dir/voip/webrtc/modules/remote_bitrate_estimator/remote_estimator_proxy.cc.o
build	Build APK	2026-07-23T18:35:25.7875684Z   [1263/2057] Building CXX object CMakeFiles/tgcalls.dir/voip/webrtc/modules/remote_bitrate_estimator/overuse_estimator.cc.o
build	Build APK	2026-07-23T18:35:25.7876357Z   [1264/2057] Building CXX object CMakeFiles/tgcalls.dir/voip/webrtc/modules/remote_bitrate_estimator/aimd_rate_control.cc.o
build	Build APK	2026-07-23T18:35:25.7877022Z   [1265/2057] Building CXX object CMakeFiles/tgcalls.dir/voip/webrtc/modules/remote_bitrate_estimator/inter_arrival.cc.o
build	Build APK	2026-07-23T18:35:25.7877668Z   [1266/2057] Building CXX object CMakeFiles/tgcalls.dir/voip/webrtc/modules/remote_bitrate_estimator/bwe_defines.cc.o
build	Build APK	2026-07-23T18:35:25.7878799Z   [1267/2057] Building CXX object CMakeFiles/tgcalls.dir/voip/webrtc/modules/remote_bitrate_estimator/remote_bitrate_estimator_single_stream.cc.o
build	Build APK	2026-07-23T18:35:25.7879441Z   [1268/2057] Building CXX object CMakeFiles/tgcalls.dir/voip/webrtc/modules/rtp_rtcp/include/report_block_data.cc.o
build	Build APK	2026-07-23T18:35:25.7880295Z   [1269/2057] Building CXX object CMakeFiles/tgcalls.dir/voip/webrtc/modules/rtp_rtcp/source/rtp_packet_to_send.cc.o
build	Build APK	2026-07-23T18:35:25.7880831Z   [1270/2057] Building CXX object CMakeFiles/tgcalls.dir/voip/webrtc/modules/rtp_rtcp/source/time_util.cc.o
build	Build APK	2026-07-23T18:35:25.7881418Z   [1271/2057] Building CXX object CMakeFiles/tgcalls.dir/voip/webrtc/modules/rtp_rtcp/include/rtp_rtcp_defines.cc.o
build	Build APK	2026-07-23T18:35:25.7882202Z   [1272/2057] Building CXX object CMakeFiles/tgcalls.dir/voip/webrtc/modules/remote_bitrate_estimator/remote_bitrate_estimator_abs_send_time.cc.o
build	Build APK	2026-07-23T18:35:25.7882755Z   [1273/2057] Building CXX object CMakeFiles/tgcalls.dir/voip/webrtc/modules/rtp_rtcp/source/rtp_packet.cc.o
build	Build APK	2026-07-23T18:35:25.7883478Z   [1274/2057] Building CXX object CMakeFiles/tgcalls.dir/voip/webrtc/modules/rtp_rtcp/source/rtp_generic_frame_descriptor.cc.o
build	Build APK	2026-07-23T18:35:25.7884069Z   [1275/2057] Building CXX object CMakeFiles/tgcalls.dir/voip/webrtc/modules/rtp_rtcp/source/packet_loss_stats.cc.o
build	Build APK	2026-07-23T18:35:25.7884956Z   [1276/2057] Building CXX object CMakeFiles/tgcalls.dir/voip/webrtc/modules/rtp_rtcp/source/remote_ntp_time_estimator.cc.o
build	Build APK	2026-07-23T18:35:25.7885582Z   [1277/2057] Building CXX object CMakeFiles/tgcalls.dir/voip/webrtc/modules/rtp_rtcp/source/fec_private_tables_random.cc.o
build	Build APK	2026-07-23T18:35:25.7886232Z   [1278/2057] Building CXX object CMakeFiles/tgcalls.dir/voip/webrtc/modules/rtp_rtcp/source/fec_private_tables_bursty.cc.o
build	Build APK	2026-07-23T18:35:25.7886936Z   [1279/2057] Building CXX object CMakeFiles/tgcalls.dir/voip/webrtc/modules/rtp_rtcp/source/rtp_dependency_descriptor_writer.cc.o
build	Build APK	2026-07-23T18:35:25.7887619Z   [1280/2057] Building CXX object CMakeFiles/tgcalls.dir/voip/webrtc/modules/rtp_rtcp/source/video_rtp_depacketizer_generic.cc.o
build	Build APK	2026-07-23T18:35:25.7888172Z   [1281/2057] Building CXX object CMakeFiles/tgcalls.dir/voip/webrtc/modules/rtp_rtcp/source/dtmf_queue.cc.o
build	Build APK	2026-07-23T18:35:25.7888921Z   [1282/2057] Building CXX object CMakeFiles/tgcalls.dir/voip/webrtc/modules/rtp_rtcp/source/rtp_video_layers_allocation_extension.cc.o
build	Build APK	2026-07-23T18:35:25.7889587Z   [1283/2057] Building CXX object CMakeFiles/tgcalls.dir/voip/webrtc/modules/rtp_rtcp/source/rtp_header_extensions.cc.o
build	Build APK	2026-07-23T18:35:25.7890328Z   [1284/2057] Building CXX object CMakeFiles/tgcalls.dir/voip/webrtc/modules/rtp_rtcp/source/rtp_dependency_descriptor_reader.cc.o
build	Build APK	2026-07-23T18:35:25.7890909Z   [1285/2057] Building CXX object CMakeFiles/tgcalls.dir/voip/webrtc/modules/rtp_rtcp/source/rtp_util.cc.o
build	Build APK	2026-07-23T18:35:25.7891515Z   [1286/2057] Building CXX object CMakeFiles/tgcalls.dir/voip/webrtc/modules/rtp_rtcp/source/fec_test_helper.cc.o
build	Build APK	2026-07-23T18:35:25.7892098Z   [1287/2057] Building CXX object CMakeFiles/tgcalls.dir/voip/webrtc/modules/rtp_rtcp/source/frame_object.cc.o
build	Build APK	2026-07-23T18:35:25.7892775Z   [1288/2057] Building CXX object CMakeFiles/tgcalls.dir/voip/webrtc/modules/rtp_rtcp/source/video_rtp_depacketizer_raw.cc.o
build	Build APK	2026-07-23T18:35:25.7893394Z   [1289/2057] Building CXX object CMakeFiles/tgcalls.dir/voip/webrtc/modules/rtp_rtcp/source/rtp_sender_video.cc.o
build	Build APK	2026-07-23T18:35:25.7894051Z   [1290/2057] Building CXX object CMakeFiles/tgcalls.dir/voip/webrtc/modules/rtp_rtcp/source/forward_error_correction.cc.o
build	Build APK	2026-07-23T18:35:25.7894925Z   [1291/2057] Building CXX object CMakeFiles/tgcalls.dir/voip/webrtc/modules/rtp_rtcp/source/rtp_sender_audio.cc.o
build	Build APK	2026-07-23T18:35:25.7895541Z   [1292/2057] Building CXX object CMakeFiles/tgcalls.dir/voip/webrtc/modules/rtp_rtcp/source/rtp_format_h264.cc.o
build	Build APK	2026-07-23T18:35:25.7896209Z   [1293/2057] Building CXX object CMakeFiles/tgcalls.dir/voip/webrtc/modules/rtp_rtcp/source/rtp_sequence_number_map.cc.o
build	Build APK	2026-07-23T18:35:25.7897112Z   [1294/2057] Building CXX object CMakeFiles/tgcalls.dir/voip/webrtc/modules/rtp_rtcp/source/rtcp_transceiver_config.cc.o
build	Build APK	2026-07-23T18:35:25.7897780Z   [1295/2057] Building CXX object CMakeFiles/tgcalls.dir/voip/webrtc/modules/rtp_rtcp/source/rtp_packetizer_av1.cc.o
build	Build APK	2026-07-23T18:35:25.7898803Z   [1296/2057] Building CXX object CMakeFiles/tgcalls.dir/voip/webrtc/modules/rtp_rtcp/source/absolute_capture_time_interpolator.cc.o
build	Build APK	2026-07-23T18:35:25.7899413Z   [1297/2057] Building CXX object CMakeFiles/tgcalls.dir/voip/webrtc/modules/rtp_rtcp/source/packet_sequencer.cc.o
build	Build APK	2026-07-23T18:35:25.7899996Z   [1298/2057] Building CXX object CMakeFiles/tgcalls.dir/voip/webrtc/modules/rtp_rtcp/source/rtp_rtcp_impl2.cc.o
build	Build APK	2026-07-23T18:35:25.7900643Z   [1299/2057] Building CXX object CMakeFiles/tgcalls.dir/voip/webrtc/modules/rtp_rtcp/source/receive_statistics_impl.cc.o
build	Build APK	2026-07-23T18:35:25.7901213Z   [1300/2057] Building CXX object CMakeFiles/tgcalls.dir/voip/webrtc/modules/rtp_rtcp/source/source_tracker.cc.o
build	Build APK	2026-07-23T18:35:25.7901827Z   [1301/2057] Building CXX object CMakeFiles/tgcalls.dir/voip/webrtc/modules/rtp_rtcp/source/rtp_packet_received.cc.o
build	Build APK	2026-07-23T18:35:25.7902482Z   [1302/2057] Building CXX object CMakeFiles/tgcalls.dir/voip/webrtc/modules/rtp_rtcp/source/rtp_header_extension_size.cc.o
build	Build APK	2026-07-23T18:35:25.7903112Z   [1303/2057] Building CXX object CMakeFiles/tgcalls.dir/voip/webrtc/modules/rtp_rtcp/source/rtp_sender_egress.cc.o
build	Build APK	2026-07-23T18:35:25.7903742Z   [1304/2057] Building CXX object CMakeFiles/tgcalls.dir/voip/webrtc/modules/rtp_rtcp/source/rtp_packetizer_h265.cc.o
build	Build APK	2026-07-23T18:35:25.7904589Z   [1305/2057] Building CXX object CMakeFiles/tgcalls.dir/voip/webrtc/modules/rtp_rtcp/source/rtcp_packet.cc.o
build	Build APK	2026-07-23T18:35:25.7905409Z   [1306/2057] Building CXX object CMakeFiles/tgcalls.dir/voip/webrtc/modules/rtp_rtcp/source/rtp_sender_video_frame_transformer_delegate.cc.o
build	Build APK	2026-07-23T18:35:25.7905969Z   [1307/2057] Building CXX object CMakeFiles/tgcalls.dir/voip/webrtc/modules/rtp_rtcp/source/leb128.cc.o
build	Build APK	2026-07-23T18:35:25.7906592Z   [1308/2057] Building CXX object CMakeFiles/tgcalls.dir/voip/webrtc/modules/rtp_rtcp/source/flexfec_sender.cc.o
build	Build APK	2026-07-23T18:35:25.7907250Z   [1309/2057] Building CXX object CMakeFiles/tgcalls.dir/voip/webrtc/modules/rtp_rtcp/source/video_rtp_depacketizer.cc.o
build	Build APK	2026-07-23T18:35:25.7907860Z   [1310/2057] Building CXX object CMakeFiles/tgcalls.dir/voip/webrtc/modules/rtp_rtcp/source/rtp_video_header.cc.o
build	Build APK	2026-07-23T18:35:25.7908536Z   [1311/2057] Building CXX object CMakeFiles/tgcalls.dir/voip/webrtc/modules/rtp_rtcp/source/video_rtp_depacketizer_vp8.cc.o
build	Build APK	2026-07-23T18:35:25.7909224Z   [1312/2057] Building CXX object CMakeFiles/tgcalls.dir/voip/webrtc/modules/rtp_rtcp/source/active_decode_targets_helper.cc.o
build	Build APK	2026-07-23T18:35:25.7909910Z   [1313/2057] Building CXX object CMakeFiles/tgcalls.dir/voip/webrtc/modules/rtp_rtcp/source/create_video_rtp_depacketizer.cc.o
build	Build APK	2026-07-23T18:35:25.7910579Z   [1314/2057] Building CXX object CMakeFiles/tgcalls.dir/voip/webrtc/modules/rtp_rtcp/source/rtp_descriptor_authentication.cc.o
build	Build APK	2026-07-23T18:35:25.7911209Z   [1315/2057] Building CXX object CMakeFiles/tgcalls.dir/voip/webrtc/modules/rtp_rtcp/source/flexfec_receiver.cc.o
build	Build APK	2026-07-23T18:35:25.7911848Z   [1316/2057] Building CXX object CMakeFiles/tgcalls.dir/voip/webrtc/modules/rtp_rtcp/source/rtp_packet_history.cc.o
build	Build APK	2026-07-23T18:35:25.7912541Z   [1317/2057] Building CXX object CMakeFiles/tgcalls.dir/voip/webrtc/modules/rtp_rtcp/source/video_rtp_depacketizer_vp9.cc.o
build	Build APK	2026-07-23T18:35:25.7913143Z   [1318/2057] Building CXX object CMakeFiles/tgcalls.dir/voip/webrtc/modules/rtp_rtcp/source/rtp_rtcp_impl.cc.o
build	Build APK	2026-07-23T18:35:25.7913909Z   [1319/2057] Building CXX object CMakeFiles/tgcalls.dir/voip/webrtc/modules/rtp_rtcp/source/rtp_generic_frame_descriptor_extension.cc.o
build	Build APK	2026-07-23T18:35:25.7914759Z   [1320/2057] Building CXX object CMakeFiles/tgcalls.dir/voip/webrtc/modules/rtp_rtcp/source/rtp_sender.cc.o
build	Build APK	2026-07-23T18:35:25.7915709Z   [1321/2057] Building CXX object CMakeFiles/tgcalls.dir/voip/webrtc/modules/rtp_rtcp/source/video_rtp_depacketizer_h264.cc.o
build	Build APK	2026-07-23T18:35:25.7916582Z   [1322/2057] Building CXX object CMakeFiles/tgcalls.dir/voip/webrtc/modules/rtp_rtcp/source/rtp_video_stream_receiver_frame_transformer_delegate.cc.o
build	Build APK	2026-07-23T18:35:25.7917498Z   [1323/2057] Building CXX object CMakeFiles/tgcalls.dir/voip/webrtc/modules/rtp_rtcp/source/rtp_dependency_descriptor_extension.cc.o
build	Build APK	2026-07-23T18:35:25.7918100Z   [1324/2057] Building CXX object CMakeFiles/tgcalls.dir/voip/webrtc/modules/rtp_rtcp/source/rtcp_nack_stats.cc.o
build	Build APK	2026-07-23T18:35:25.7918674Z   [1325/2057] Building CXX object CMakeFiles/tgcalls.dir/voip/webrtc/modules/rtp_rtcp/source/tmmbr_help.cc.o
build	Build APK	2026-07-23T18:35:25.7919352Z   [1326/2057] Building CXX object CMakeFiles/tgcalls.dir/voip/webrtc/modules/rtp_rtcp/source/video_rtp_depacketizer_av1.cc.o
build	Build APK	2026-07-23T18:35:25.7919937Z   [1327/2057] Building CXX object CMakeFiles/tgcalls.dir/voip/webrtc/modules/rtp_rtcp/source/rtp_format_vp8.cc.o
build	Build APK	2026-07-23T18:35:25.7920607Z   [1328/2057] Building CXX object CMakeFiles/tgcalls.dir/voip/webrtc/modules/rtp_rtcp/source/ulpfec_header_reader_writer.cc.o
build	Build APK	2026-07-23T18:35:25.7921268Z   [1329/2057] Building CXX object CMakeFiles/tgcalls.dir/voip/webrtc/modules/rtp_rtcp/source/rtp_format_video_generic.cc.o
build	Build APK	2026-07-23T18:35:25.7921869Z   [1330/2057] Building CXX object CMakeFiles/tgcalls.dir/voip/webrtc/modules/rtp_rtcp/source/rtcp_sender.cc.o
build	Build APK	2026-07-23T18:35:25.7987194Z   [1331/2057] Building CXX object CMakeFiles/tgcalls.dir/voip/webrtc/modules/rtp_rtcp/source/rtcp_receiver.cc.o
build	Build APK	2026-07-23T18:35:25.7987994Z   [1332/2057] Building CXX object CMakeFiles/tgcalls.dir/voip/webrtc/modules/rtp_rtcp/source/rtcp_transceiver_impl.cc.o
build	Build APK	2026-07-23T18:35:25.7988614Z   [1333/2057] Building CXX object CMakeFiles/tgcalls.dir/voip/webrtc/modules/rtp_rtcp/source/rtp_format.cc.o
build	Build APK	2026-07-23T18:35:25.7989305Z   [1334/2057] Building CXX object CMakeFiles/tgcalls.dir/voip/webrtc/modules/rtp_rtcp/source/flexfec_header_reader_writer.cc.o
build	Build APK	2026-07-23T18:35:25.7989949Z   [1335/2057] Building CXX object CMakeFiles/tgcalls.dir/voip/webrtc/modules/rtp_rtcp/source/rtcp_transceiver.cc.o
build	Build APK	2026-07-23T18:35:25.7990645Z   [1336/2057] Building CXX object CMakeFiles/tgcalls.dir/voip/webrtc/modules/rtp_rtcp/source/flexfec_03_header_reader_writer.cc.o
build	Build APK	2026-07-23T18:35:25.7991264Z   [1337/2057] Building CXX object CMakeFiles/tgcalls.dir/voip/webrtc/modules/rtp_rtcp/source/rtcp_packet/sdes.cc.o
build	Build APK	2026-07-23T18:35:25.7991841Z   [1338/2057] Building CXX object CMakeFiles/tgcalls.dir/voip/webrtc/modules/rtp_rtcp/source/rtcp_packet/pli.cc.o
build	Build APK	2026-07-23T18:35:25.7992463Z   [1339/2057] Building CXX object CMakeFiles/tgcalls.dir/voip/webrtc/modules/rtp_rtcp/source/rtcp_packet/psfb.cc.o
build	Build APK	2026-07-23T18:35:25.7993072Z   [1340/2057] Building CXX object CMakeFiles/tgcalls.dir/voip/webrtc/modules/rtp_rtcp/source/ulpfec_receiver.cc.o
build	Build APK	2026-07-23T18:35:25.7993631Z   [1341/2057] Building CXX object CMakeFiles/tgcalls.dir/voip/webrtc/modules/rtp_rtcp/source/rtcp_packet/remb.cc.o
build	Build APK	2026-07-23T18:35:25.7994468Z   [1342/2057] Building CXX object CMakeFiles/tgcalls.dir/voip/webrtc/modules/rtp_rtcp/source/rtcp_packet/common_header.cc.o
build	Build APK	2026-07-23T18:35:25.7995009Z   [1343/2057] Building CXX object CMakeFiles/tgcalls.dir/voip/webrtc/modules/rtp_rtcp/source/rtcp_packet/fir.cc.o
build	Build APK	2026-07-23T18:35:25.7995703Z   [1344/2057] Building CXX object CMakeFiles/tgcalls.dir/voip/webrtc/modules/rtp_rtcp/source/rtcp_packet/loss_notification.cc.o
build	Build APK	2026-07-23T18:35:25.7996387Z   [1345/2057] Building CXX object CMakeFiles/tgcalls.dir/voip/webrtc/modules/rtp_rtcp/source/rtcp_packet/target_bitrate.cc.o
build	Build APK	2026-07-23T18:35:25.7997067Z   [1346/2057] Building CXX object CMakeFiles/tgcalls.dir/voip/webrtc/modules/rtp_rtcp/source/rtcp_packet/sender_report.cc.o
build	Build APK	2026-07-23T18:35:25.7997736Z   [1347/2057] Building CXX object CMakeFiles/tgcalls.dir/voip/webrtc/modules/rtp_rtcp/source/rtcp_packet/compound_packet.cc.o
build	Build APK	2026-07-23T18:35:25.7998328Z   [1348/2057] Building CXX object CMakeFiles/tgcalls.dir/voip/webrtc/modules/rtp_rtcp/source/rtcp_packet/dlrr.cc.o
build	Build APK	2026-07-23T18:35:25.7999256Z   [1349/2057] Building CXX object CMakeFiles/tgcalls.dir/voip/webrtc/modules/rtp_rtcp/source/rtcp_packet/tmmb_item.cc.o
build	Build APK	2026-07-23T18:35:25.7999837Z   [1350/2057] Building CXX object CMakeFiles/tgcalls.dir/voip/webrtc/modules/rtp_rtcp/source/rtcp_packet/app.cc.o
build	Build APK	2026-07-23T18:35:25.8000750Z   [1351/2057] Building CXX object CMakeFiles/tgcalls.dir/voip/webrtc/modules/rtp_rtcp/source/rtcp_packet/report_block.cc.o
build	Build APK	2026-07-23T18:35:25.8001308Z   [1352/2057] Building CXX object CMakeFiles/tgcalls.dir/voip/webrtc/modules/rtp_rtcp/source/rtcp_packet/tmmbr.cc.o
build	Build APK	2026-07-23T18:35:25.8001838Z   [1353/2057] Building CXX object CMakeFiles/tgcalls.dir/voip/webrtc/modules/rtp_rtcp/source/rtcp_packet/tmmbn.cc.o
build	Build APK	2026-07-23T18:35:25.8002456Z   [1354/2057] Building CXX object CMakeFiles/tgcalls.dir/voip/webrtc/modules/rtp_rtcp/source/rtcp_packet/transport_feedback.cc.o
build	Build APK	2026-07-23T18:35:25.8003071Z   [1355/2057] Building CXX object CMakeFiles/tgcalls.dir/voip/webrtc/modules/rtp_rtcp/source/rtcp_packet/rapid_resync_request.cc.o
build	Build APK	2026-07-23T18:35:25.8003603Z   [1356/2057] Building CXX object CMakeFiles/tgcalls.dir/voip/webrtc/modules/rtp_rtcp/source/rtcp_packet/rrtr.cc.o
build	Build APK	2026-07-23T18:35:25.8004402Z   [1357/2057] Building CXX object CMakeFiles/tgcalls.dir/voip/webrtc/modules/rtp_rtcp/source/rtcp_packet/nack.cc.o
build	Build APK	2026-07-23T18:35:25.8004949Z   [1358/2057] Building CXX object CMakeFiles/tgcalls.dir/voip/webrtc/modules/rtp_rtcp/source/rtcp_packet/rtpfb.cc.o
build	Build APK	2026-07-23T18:35:25.8005545Z   [1359/2057] Building CXX object CMakeFiles/tgcalls.dir/voip/webrtc/modules/rtp_rtcp/source/rtcp_packet/receiver_report.cc.o
build	Build APK	2026-07-23T18:35:25.8006072Z   [1360/2057] Building CXX object CMakeFiles/tgcalls.dir/voip/webrtc/modules/rtp_rtcp/source/rtcp_packet/bye.cc.o
build	Build APK	2026-07-23T18:35:25.8006662Z   [1361/2057] Building CXX object CMakeFiles/tgcalls.dir/voip/webrtc/modules/rtp_rtcp/source/rtcp_packet/remote_estimate.cc.o
build	Build APK	2026-07-23T18:35:25.8007290Z   [1362/2057] Building CXX object CMakeFiles/tgcalls.dir/voip/webrtc/modules/rtp_rtcp/source/forward_error_correction_internal.cc.o
build	Build APK	2026-07-23T18:35:25.8007906Z   [1363/2057] Building CXX object CMakeFiles/tgcalls.dir/voip/webrtc/modules/rtp_rtcp/source/rtcp_packet/extended_reports.cc.o
build	Build APK	2026-07-23T18:35:25.8008498Z   [1364/2057] Building CXX object CMakeFiles/tgcalls.dir/voip/webrtc/modules/rtp_rtcp/source/capture_clock_offset_updater.cc.o
build	Build APK	2026-07-23T18:35:25.8009091Z   [1365/2057] Building CXX object CMakeFiles/tgcalls.dir/voip/webrtc/modules/rtp_rtcp/source/absolute_capture_time_sender.cc.o
build	Build APK	2026-07-23T18:35:25.8009678Z   [1366/2057] Building CXX object CMakeFiles/tgcalls.dir/voip/webrtc/modules/rtp_rtcp/source/video_rtp_depacketizer_h265.cc.o
build	Build APK	2026-07-23T18:35:25.8010214Z   [1367/2057] Building CXX object CMakeFiles/tgcalls.dir/voip/webrtc/modules/rtp_rtcp/source/ulpfec_generator.cc.o
build	Build APK	2026-07-23T18:35:25.8010864Z   [1368/2057] Building CXX object CMakeFiles/tgcalls.dir/voip/webrtc/modules/rtp_rtcp/source/rtp_header_extension_map.cc.o
build	Build APK	2026-07-23T18:35:25.8011450Z   [1369/2057] Building CXX object CMakeFiles/tgcalls.dir/voip/webrtc/modules/rtp_rtcp/source/rtp_format_vp9.cc.o
build	Build APK	2026-07-23T18:35:25.8012198Z   [1370/2057] Building CXX object CMakeFiles/tgcalls.dir/voip/webrtc/modules/congestion_controller/goog_cc/probe_bitrate_estimator.cc.o
build	Build APK	2026-07-23T18:35:25.8012980Z   [1371/2057] Building CXX object CMakeFiles/tgcalls.dir/voip/webrtc/modules/rtp_rtcp/source/deprecated/deprecated_rtp_sender_egress.cc.o
build	Build APK	2026-07-23T18:35:25.8013719Z   [1372/2057] Building CXX object CMakeFiles/tgcalls.dir/voip/webrtc/modules/congestion_controller/goog_cc/send_side_bandwidth_estimation.cc.o
build	Build APK	2026-07-23T18:35:25.8014562Z   [1373/2057] Building CXX object CMakeFiles/tgcalls.dir/voip/webrtc/modules/congestion_controller/remb_throttler.cc.o
build	Build APK	2026-07-23T18:35:25.8015400Z   [1374/2057] Building CXX object CMakeFiles/tgcalls.dir/voip/webrtc/modules/congestion_controller/goog_cc/congestion_window_pushback_controller.cc.o
build	Build APK	2026-07-23T18:35:25.8016370Z   [1375/2057] Building CXX object CMakeFiles/tgcalls.dir/voip/webrtc/modules/congestion_controller/goog_cc/goog_cc_network_control.cc.o
build	Build APK	2026-07-23T18:35:25.8017143Z   [1376/2057] Building CXX object CMakeFiles/tgcalls.dir/voip/webrtc/modules/congestion_controller/goog_cc/robust_throughput_estimator.cc.o
build	Build APK	2026-07-23T18:35:25.8017939Z   [1377/2057] Building CXX object CMakeFiles/tgcalls.dir/voip/webrtc/modules/congestion_controller/goog_cc/loss_based_bandwidth_estimation.cc.o
build	Build APK	2026-07-23T18:35:25.8018850Z   [1378/2057] Building CXX object CMakeFiles/tgcalls.dir/voip/webrtc/modules/congestion_controller/goog_cc/link_capacity_estimator.cc.o
build	Build APK	2026-07-23T18:35:25.8019708Z   [1379/2057] Building CXX object CMakeFiles/tgcalls.dir/voip/webrtc/modules/congestion_controller/goog_cc/acknowledged_bitrate_estimator_interface.cc.o
build	Build APK	2026-07-23T18:35:25.8020383Z   [1380/2057] Building CXX object CMakeFiles/tgcalls.dir/voip/webrtc/modules/congestion_controller/goog_cc/alr_detector.cc.o
build	Build APK	2026-07-23T18:35:25.8021113Z   [1381/2057] Building CXX object CMakeFiles/tgcalls.dir/voip/webrtc/modules/congestion_controller/goog_cc/inter_arrival_delta.cc.o
build	Build APK	2026-07-23T18:35:25.8021828Z   [1382/2057] Building CXX object CMakeFiles/tgcalls.dir/voip/webrtc/modules/congestion_controller/goog_cc/bitrate_estimator.cc.o
build	Build APK	2026-07-23T18:35:25.8022533Z   [1383/2057] Building CXX object CMakeFiles/tgcalls.dir/voip/webrtc/modules/congestion_controller/goog_cc/probe_controller.cc.o
build	Build APK	2026-07-23T18:35:25.8023266Z   [1384/2057] Building CXX object CMakeFiles/tgcalls.dir/voip/webrtc/modules/congestion_controller/goog_cc/trendline_estimator.cc.o
build	Build APK	2026-07-23T18:35:25.8023972Z   [1385/2057] Building CXX object CMakeFiles/tgcalls.dir/voip/webrtc/modules/congestion_controller/goog_cc/delay_based_bwe.cc.o
build	Build APK	2026-07-23T18:35:25.8025034Z   [1386/2057] Building CXX object CMakeFiles/tgcalls.dir/voip/webrtc/modules/congestion_controller/goog_cc/acknowledged_bitrate_estimator.cc.o
build	Build APK	2026-07-23T18:35:25.8025739Z   [1387/2057] Building CXX object CMakeFiles/tgcalls.dir/voip/webrtc/modules/congestion_controller/goog_cc/loss_based_bwe_v2.cc.o
build	Build APK	2026-07-23T18:35:25.8026443Z   [1388/2057] Building CXX object CMakeFiles/tgcalls.dir/voip/webrtc/modules/congestion_controller/pcc/monitor_interval.cc.o
build	Build APK	2026-07-23T18:35:25.8027098Z   [1389/2057] Building CXX object CMakeFiles/tgcalls.dir/voip/webrtc/modules/congestion_controller/pcc/pcc_factory.cc.o
build	Build APK	2026-07-23T18:35:25.8027796Z   [1390/2057] Building CXX object CMakeFiles/tgcalls.dir/voip/webrtc/modules/congestion_controller/pcc/bitrate_controller.cc.o
build	Build APK	2026-07-23T18:35:25.8028452Z   [1391/2057] Building CXX object CMakeFiles/tgcalls.dir/voip/webrtc/modules/congestion_controller/pcc/utility_function.cc.o
build	Build APK	2026-07-23T18:35:25.8029085Z   [1392/2057] Building CXX object CMakeFiles/tgcalls.dir/voip/webrtc/modules/congestion_controller/pcc/rtt_tracker.cc.o
build	Build APK	2026-07-23T18:35:25.8029838Z   [1393/2057] Building CXX object CMakeFiles/tgcalls.dir/voip/webrtc/modules/congestion_controller/receive_side_congestion_controller.cc.o
build	Build APK	2026-07-23T18:35:25.8030588Z   [1394/2057] Building CXX object CMakeFiles/tgcalls.dir/voip/webrtc/modules/congestion_controller/rtp/transport_feedback_demuxer.cc.o
build	Build APK	2026-07-23T18:35:25.8031332Z   [1395/2057] Building CXX object CMakeFiles/tgcalls.dir/voip/webrtc/modules/congestion_controller/rtp/transport_feedback_adapter.cc.o
build	Build APK	2026-07-23T18:35:25.8032039Z   [1396/2057] Building CXX object CMakeFiles/tgcalls.dir/voip/webrtc/modules/congestion_controller/pcc/pcc_network_controller.cc.o
build	Build APK	2026-07-23T18:35:25.8032651Z   [1397/2057] Building CXX object CMakeFiles/tgcalls.dir/voip/webrtc/modules/utility/source/helpers_android.cc.o
build	Build APK	2026-07-23T18:35:25.8033311Z   [1398/2057] Building CXX object CMakeFiles/tgcalls.dir/voip/webrtc/modules/congestion_controller/rtp/control_handler.cc.o
build	Build APK	2026-07-23T18:35:25.8033872Z   [1399/2057] Building CXX object CMakeFiles/tgcalls.dir/voip/webrtc/modules/utility/source/jvm_android.cc.o
build	Build APK	2026-07-23T18:35:25.8035061Z   /home/runner/work/Yasuagram/Yasuagram/TMessagesProj/jni/voip/webrtc/modules/utility/source/jvm_android.cc:82:10: warning: unused variable 'ret' [-Wunused-variable]
build	Build APK	2026-07-23T18:35:25.8035569Z      82 |     jint ret = jvm->AttachCurrentThread(&env, nullptr);
build	Build APK	2026-07-23T18:35:25.8035716Z         |          ^~~
build	Build APK	2026-07-23T18:35:25.8036648Z   /home/runner/work/Yasuagram/Yasuagram/TMessagesProj/jni/voip/webrtc/modules/utility/source/jvm_android.cc:78:11: warning: unused variable 'jni' [-Wunused-variable]
build	Build APK	2026-07-23T18:35:25.8036988Z      78 |   JNIEnv* jni = GetEnv(jvm);
build	Build APK	2026-07-23T18:35:25.8037133Z         |           ^~~
build	Build APK	2026-07-23T18:35:25.8037284Z   2 warnings generated.
build	Build APK	2026-07-23T18:35:25.8037850Z   [1400/2057] Building CXX object CMakeFiles/tgcalls.dir/voip/webrtc/call/rtp_stream_receiver_controller.cc.o
build	Build APK	2026-07-23T18:35:25.8038386Z   [1401/2057] Building CXX object CMakeFiles/tgcalls.dir/voip/webrtc/call/flexfec_receive_stream_impl.cc.o
build	Build APK	2026-07-23T18:35:25.8038822Z   [1402/2057] Building CXX object CMakeFiles/tgcalls.dir/voip/webrtc/call/degraded_call.cc.o
build	Build APK	2026-07-23T18:35:25.8039354Z   [1403/2057] Building CXX object CMakeFiles/tgcalls.dir/voip/webrtc/call/rtp_bitrate_configurator.cc.o
build	Build APK	2026-07-23T18:35:25.8039912Z   [1404/2057] Building CXX object CMakeFiles/tgcalls.dir/voip/webrtc/call/rtp_transport_controller_send.cc.o
build	Build APK	2026-07-23T18:35:25.8040338Z   [1405/2057] Building CXX object CMakeFiles/tgcalls.dir/voip/webrtc/call/audio_state.cc.o
build	Build APK	2026-07-23T18:35:25.8040830Z   [1406/2057] Building CXX object CMakeFiles/tgcalls.dir/voip/webrtc/call/rtx_receive_stream.cc.o
build	Build APK	2026-07-23T18:35:25.8041262Z   [1407/2057] Building CXX object CMakeFiles/tgcalls.dir/voip/webrtc/call/create_call.cc.o
build	Build APK	2026-07-23T18:35:25.8041733Z   [1408/2057] Building CXX object CMakeFiles/tgcalls.dir/voip/webrtc/call/simulated_network.cc.o
build	Build APK	2026-07-23T18:35:25.8042189Z   [1409/2057] Building CXX object CMakeFiles/tgcalls.dir/voip/webrtc/call/video_send_stream.cc.o
build	Build APK	2026-07-23T18:35:25.8042711Z   [1410/2057] Building CXX object CMakeFiles/tgcalls.dir/voip/webrtc/call/receive_time_calculator.cc.o
build	Build APK	2026-07-23T18:35:25.8043231Z   [1411/2057] Building CXX object CMakeFiles/tgcalls.dir/voip/webrtc/call/flexfec_receive_stream.cc.o
build	Build APK	2026-07-23T18:35:25.8043701Z   [1412/2057] Building CXX object CMakeFiles/tgcalls.dir/voip/webrtc/call/bitrate_allocator.cc.o
build	Build APK	2026-07-23T18:35:25.8044311Z   [1413/2057] Building CXX object CMakeFiles/tgcalls.dir/voip/webrtc/call/syncable.cc.o
build	Build APK	2026-07-23T18:35:25.8044804Z   [1414/2057] Building CXX object CMakeFiles/tgcalls.dir/voip/webrtc/call/audio_send_stream.cc.o
build	Build APK	2026-07-23T18:35:25.8045225Z   [1415/2057] Building CXX object CMakeFiles/tgcalls.dir/voip/webrtc/call/rtp_config.cc.o
build	Build APK	2026-07-23T18:35:25.8045700Z   [1416/2057] Building CXX object CMakeFiles/tgcalls.dir/voip/webrtc/call/rtp_payload_params.cc.o
build	Build APK	2026-07-23T18:35:25.8046085Z   [1417/2057] Building CXX object CMakeFiles/tgcalls.dir/voip/webrtc/call/call.cc.o
build	Build APK	2026-07-23T18:35:25.8046661Z   In file included from /home/runner/work/Yasuagram/Yasuagram/TMessagesProj/jni/voip/webrtc/call/call.cc:72:
build	Build APK	2026-07-23T18:35:25.8047357Z   In file included from /home/runner/work/Yasuagram/Yasuagram/TMessagesProj/jni/voip/webrtc/video/video_receive_stream2.h:38:
build	Build APK	2026-07-23T18:35:25.8048441Z   /home/runner/work/Yasuagram/Yasuagram/TMessagesProj/jni/voip/webrtc/video/rtp_video_stream_receiver2.h:393:7: warning: declaration does not declare anything [-Wmissing-declarations]
build	Build APK	2026-07-23T18:35:25.8048693Z     393 |       RTC_GUARDED_BY(packet_sequence_checker_);
build	Build APK	2026-07-23T18:35:25.8048836Z         |       ^
build	Build APK	2026-07-23T18:35:25.8049681Z   /home/runner/work/Yasuagram/Yasuagram/TMessagesProj/jni/voip/webrtc/rtc_base/thread_annotations.h:31:27: note: expanded from macro 'RTC_GUARDED_BY'
build	Build APK	2026-07-23T18:35:25.8050062Z      31 | #define RTC_GUARDED_BY(x) RTC_THREAD_ANNOTATION_ATTRIBUTE__(guarded_by(x))
build	Build APK	2026-07-23T18:35:25.8050218Z         |                           ^
build	Build APK	2026-07-23T18:35:25.8051172Z   /home/runner/work/Yasuagram/Yasuagram/TMessagesProj/jni/voip/webrtc/rtc_base/thread_annotations.h:23:46: note: expanded from macro 'RTC_THREAD_ANNOTATION_ATTRIBUTE__'
build	Build APK	2026-07-23T18:35:25.8051492Z      23 | #define RTC_THREAD_ANNOTATION_ATTRIBUTE__(x) __attribute__((x))
build	Build APK	2026-07-23T18:35:25.8051886Z         |                                              ^
build	Build APK	2026-07-23T18:35:25.8052461Z   In file included from /home/runner/work/Yasuagram/Yasuagram/TMessagesProj/jni/voip/webrtc/call/call.cc:72:
build	Build APK	2026-07-23T18:35:25.8053154Z   In file included from /home/runner/work/Yasuagram/Yasuagram/TMessagesProj/jni/voip/webrtc/video/video_receive_stream2.h:38:
build	Build APK	2026-07-23T18:35:25.8054827Z   /home/runner/work/Yasuagram/Yasuagram/TMessagesProj/jni/voip/webrtc/video/rtp_video_stream_receiver2.h:393:7: warning: attribute guarded_by ignored, because it is not attached to a declaration [-Wignored-attributes]
build	Build APK	2026-07-23T18:35:25.8055696Z   /home/runner/work/Yasuagram/Yasuagram/TMessagesProj/jni/voip/webrtc/rtc_base/thread_annotations.h:31:71: note: expanded from macro 'RTC_GUARDED_BY'
build	Build APK	2026-07-23T18:35:25.8056097Z      31 | #define RTC_GUARDED_BY(x) RTC_THREAD_ANNOTATION_ATTRIBUTE__(guarded_by(x))
build	Build APK	2026-07-23T18:35:25.8056330Z         |                                                                       ^
build	Build APK	2026-07-23T18:35:25.8056504Z   2 warnings generated.
build	Build APK	2026-07-23T18:35:25.8057217Z   [1418/2057] Building CXX object CMakeFiles/tgcalls.dir/voip/webrtc/call/adaptation/resource_adaptation_processor_interface.cc.o
build	Build APK	2026-07-23T18:35:25.8057876Z   [1419/2057] Building CXX object CMakeFiles/tgcalls.dir/voip/webrtc/call/adaptation/degradation_preference_provider.cc.o
build	Build APK	2026-07-23T18:35:25.8058351Z   [1420/2057] Building CXX object CMakeFiles/tgcalls.dir/voip/webrtc/call/rtp_video_sender.cc.o
build	Build APK	2026-07-23T18:35:25.8058907Z   [1421/2057] Building CXX object CMakeFiles/tgcalls.dir/voip/webrtc/call/adaptation/encoder_settings.cc.o
build	Build APK	2026-07-23T18:35:25.8059424Z   [1422/2057] Building CXX object CMakeFiles/tgcalls.dir/voip/webrtc/call/video_receive_stream.cc.o
build	Build APK	2026-07-23T18:35:25.8059863Z   [1423/2057] Building CXX object CMakeFiles/tgcalls.dir/voip/webrtc/call/rtp_demuxer.cc.o
build	Build APK	2026-07-23T18:35:25.8060426Z   [1424/2057] Building CXX object CMakeFiles/tgcalls.dir/voip/webrtc/call/adaptation/video_stream_adapter.cc.o
build	Build APK	2026-07-23T18:35:25.8061133Z   [1425/2057] Building CXX object CMakeFiles/tgcalls.dir/voip/webrtc/call/adaptation/video_stream_input_state_provider.cc.o
build	Build APK	2026-07-23T18:35:25.8061720Z   [1426/2057] Building CXX object CMakeFiles/tgcalls.dir/voip/webrtc/call/adaptation/adaptation_constraint.cc.o
build	Build APK	2026-07-23T18:35:25.8062355Z   [1427/2057] Building CXX object CMakeFiles/tgcalls.dir/voip/webrtc/call/adaptation/video_stream_input_state.cc.o
build	Build APK	2026-07-23T18:35:25.8062794Z   [1428/2057] Building CXX object CMakeFiles/tgcalls.dir/voip/webrtc/call/version.cc.o
build	Build APK	2026-07-23T18:35:25.8063423Z   [1429/2057] Building CXX object CMakeFiles/tgcalls.dir/voip/webrtc/call/adaptation/video_source_restrictions.cc.o
build	Build APK	2026-07-23T18:35:25.8064055Z   [1430/2057] Building CXX object CMakeFiles/tgcalls.dir/voip/webrtc/call/adaptation/broadcast_resource_listener.cc.o
build	Build APK	2026-07-23T18:35:25.8064875Z   [1431/2057] Building CXX object CMakeFiles/tgcalls.dir/voip/webrtc/common_audio/audio_util.cc.o
build	Build APK	2026-07-23T18:35:25.8065367Z   [1432/2057] Building CXX object CMakeFiles/tgcalls.dir/voip/webrtc/call/audio_receive_stream.cc.o
build	Build APK	2026-07-23T18:35:25.8065944Z   [1433/2057] Building CXX object CMakeFiles/tgcalls.dir/voip/webrtc/common_audio/resampler/push_sinc_resampler.cc.o
build	Build APK	2026-07-23T18:35:25.8066444Z   [1434/2057] Building CXX object CMakeFiles/tgcalls.dir/voip/webrtc/common_audio/audio_converter.cc.o
build	Build APK	2026-07-23T18:35:25.8067086Z   [1435/2057] Building CXX object CMakeFiles/tgcalls.dir/voip/webrtc/call/adaptation/resource_adaptation_processor.cc.o
build	Build APK	2026-07-23T18:35:25.8067518Z   [1436/2057] Building CXX object CMakeFiles/tgcalls.dir/voip/webrtc/call/call_config.cc.o
build	Build APK	2026-07-23T18:35:25.8068011Z   [1437/2057] Building CXX object CMakeFiles/tgcalls.dir/voip/webrtc/common_audio/fir_filter_c.cc.o
build	Build APK	2026-07-23T18:35:25.8068546Z   [1438/2057] Building CXX object CMakeFiles/tgcalls.dir/voip/webrtc/common_audio/real_fourier_ooura.cc.o
build	Build APK	2026-07-23T18:35:25.8069026Z   [1439/2057] Building CXX object CMakeFiles/tgcalls.dir/voip/webrtc/common_audio/channel_buffer.cc.o
build	Build APK	2026-07-23T18:35:25.8069756Z   [1440/2057] Building CXX object CMakeFiles/tgcalls.dir/voip/webrtc/call/fake_network_pipe.cc.o
build	Build APK	2026-07-23T18:35:25.8070294Z   [1441/2057] Building CXX object CMakeFiles/tgcalls.dir/voip/webrtc/common_audio/fir_filter_factory.cc.o
build	Build APK	2026-07-23T18:35:25.8070791Z   [1442/2057] Building CXX object CMakeFiles/tgcalls.dir/voip/webrtc/common_audio/real_fourier.cc.o
build	Build APK	2026-07-23T18:35:25.8071629Z   [1443/2057] Building CXX object CMakeFiles/tgcalls.dir/voip/webrtc/common_audio/resampler/sinusoidal_linear_chirp_source.cc.o
build	Build APK	2026-07-23T18:35:25.8072214Z   [1444/2057] Building CXX object CMakeFiles/tgcalls.dir/voip/webrtc/common_audio/resampler/push_resampler.cc.o
build	Build APK	2026-07-23T18:35:25.8072799Z   [1445/2057] Building CXX object CMakeFiles/tgcalls.dir/voip/webrtc/common_audio/resampler/sinc_resampler.cc.o
build	Build APK	2026-07-23T18:35:25.8073314Z   [1446/2057] Building CXX object CMakeFiles/tgcalls.dir/voip/webrtc/common_audio/smoothing_filter.cc.o
build	Build APK	2026-07-23T18:35:25.8073803Z   [1447/2057] Building C object CMakeFiles/tgcalls.dir/voip/webrtc/common_audio/ring_buffer.c.o
build	Build APK	2026-07-23T18:35:25.8075109Z   [1448/2057] Building CXX object CMakeFiles/tgcalls.dir/voip/webrtc/common_audio/signal_processing/dot_product_with_scale.cc.o
build	Build APK	2026-07-23T18:35:25.8075778Z   [1449/2057] Building C object CMakeFiles/tgcalls.dir/voip/webrtc/common_audio/signal_processing/auto_corr_to_refl_coef.c.o
build	Build APK	2026-07-23T18:35:25.8076399Z   [1450/2057] Building C object CMakeFiles/tgcalls.dir/voip/webrtc/common_audio/signal_processing/auto_correlation.c.o
build	Build APK	2026-07-23T18:35:25.8076979Z   [1451/2057] Building C object CMakeFiles/tgcalls.dir/voip/webrtc/common_audio/signal_processing/complex_fft.c.o
build	Build APK	2026-07-23T18:35:25.8077620Z   [1452/2057] Building C object CMakeFiles/tgcalls.dir/voip/webrtc/common_audio/signal_processing/copy_set_operations.c.o
build	Build APK	2026-07-23T18:35:25.8078252Z   [1453/2057] Building C object CMakeFiles/tgcalls.dir/voip/webrtc/common_audio/signal_processing/cross_correlation.c.o
build	Build APK	2026-07-23T18:35:25.8078901Z   [1454/2057] Building C object CMakeFiles/tgcalls.dir/voip/webrtc/common_audio/signal_processing/division_operations.c.o
build	Build APK	2026-07-23T18:35:25.8079507Z   [1455/2057] Building C object CMakeFiles/tgcalls.dir/voip/webrtc/common_audio/signal_processing/downsample_fast.c.o
build	Build APK	2026-07-23T18:35:25.8080185Z   [1456/2057] Building C object CMakeFiles/tgcalls.dir/voip/webrtc/common_audio/signal_processing/filter_ma_fast_q12.c.o
build	Build APK	2026-07-23T18:35:25.8080754Z   [1457/2057] Building C object CMakeFiles/tgcalls.dir/voip/webrtc/common_audio/signal_processing/energy.c.o
build	Build APK	2026-07-23T18:35:25.8081325Z   [1458/2057] Building C object CMakeFiles/tgcalls.dir/voip/webrtc/common_audio/signal_processing/filter_ar.c.o
build	Build APK	2026-07-23T18:35:25.8081855Z   [1459/2057] Building CXX object CMakeFiles/tgcalls.dir/voip/webrtc/common_audio/resampler/resampler.cc.o
build	Build APK	2026-07-23T18:35:25.8082495Z   [1460/2057] Building C object CMakeFiles/tgcalls.dir/voip/webrtc/common_audio/signal_processing/get_hanning_window.c.o
build	Build APK	2026-07-23T18:35:25.8083171Z   [1461/2057] Building C object CMakeFiles/tgcalls.dir/voip/webrtc/common_audio/signal_processing/ilbc_specific_functions.c.o
build	Build APK	2026-07-23T18:35:25.8083809Z   [1462/2057] Building C object CMakeFiles/tgcalls.dir/voip/webrtc/common_audio/signal_processing/get_scaling_square.c.o
build	Build APK	2026-07-23T18:35:25.8084640Z   [1463/2057] Building C object CMakeFiles/tgcalls.dir/voip/webrtc/common_audio/signal_processing/levinson_durbin.c.o
build	Build APK	2026-07-23T18:35:25.8085266Z   [1464/2057] Building C object CMakeFiles/tgcalls.dir/voip/webrtc/common_audio/signal_processing/lpc_to_refl_coef.c.o
build	Build APK	2026-07-23T18:35:25.8085892Z   [1465/2057] Building C object CMakeFiles/tgcalls.dir/voip/webrtc/common_audio/signal_processing/min_max_operations.c.o
build	Build APK	2026-07-23T18:35:25.8086345Z   [1466/2057] Building CXX object CMakeFiles/tgcalls.dir/voip/webrtc/common_audio/vad/vad.cc.o
build	Build APK	2026-07-23T18:35:25.8087010Z   [1467/2057] Building C object CMakeFiles/tgcalls.dir/voip/webrtc/common_audio/signal_processing/randomization_functions.c.o
build	Build APK	2026-07-23T18:35:25.8087842Z   [1468/2057] Building C object CMakeFiles/tgcalls.dir/voip/webrtc/common_audio/signal_processing/refl_coef_to_lpc.c.o
build	Build APK	2026-07-23T18:35:25.8088397Z   [1469/2057] Building C object CMakeFiles/tgcalls.dir/voip/webrtc/common_audio/signal_processing/real_fft.c.o
build	Build APK	2026-07-23T18:35:25.8088994Z   [1470/2057] Building C object CMakeFiles/tgcalls.dir/voip/webrtc/common_audio/signal_processing/resample_by_2.c.o
build	Build APK	2026-07-23T18:35:25.8089838Z   [1471/2057] Building C object CMakeFiles/tgcalls.dir/voip/webrtc/common_audio/signal_processing/resample_by_2_internal.c.o
build	Build APK	2026-07-23T18:35:25.8090484Z   [1472/2057] Building C object CMakeFiles/tgcalls.dir/voip/webrtc/common_audio/signal_processing/resample_fractional.c.o
build	Build APK	2026-07-23T18:35:25.8091043Z   [1473/2057] Building C object CMakeFiles/tgcalls.dir/voip/webrtc/common_audio/signal_processing/spl_init.c.o
build	Build APK	2026-07-23T18:35:25.8091654Z   [1474/2057] Building C object CMakeFiles/tgcalls.dir/voip/webrtc/common_audio/signal_processing/splitting_filter.c.o
build	Build APK	2026-07-23T18:35:25.8092341Z   [1475/2057] Building C object CMakeFiles/tgcalls.dir/voip/webrtc/common_audio/signal_processing/sqrt_of_one_minus_x_squared.c.o
build	Build APK	2026-07-23T18:35:25.8092896Z   [1476/2057] Building C object CMakeFiles/tgcalls.dir/voip/webrtc/common_audio/signal_processing/spl_inl.c.o
build	Build APK	2026-07-23T18:35:25.8093465Z   [1477/2057] Building C object CMakeFiles/tgcalls.dir/voip/webrtc/common_audio/signal_processing/spl_sqrt.c.o
build	Build APK	2026-07-23T18:35:25.8094349Z   [1478/2057] Building C object CMakeFiles/tgcalls.dir/voip/webrtc/common_audio/third_party/spl_sqrt_floor/spl_sqrt_floor.c.o
build	Build APK	2026-07-23T18:35:25.8095010Z   [1479/2057] Building C object CMakeFiles/tgcalls.dir/voip/webrtc/common_audio/signal_processing/vector_scaling_operations.c.o
build	Build APK	2026-07-23T18:35:25.8095468Z   [1480/2057] Building C object CMakeFiles/tgcalls.dir/voip/webrtc/common_audio/vad/vad_gmm.c.o
build	Build APK	2026-07-23T18:35:25.8095961Z   [1481/2057] Building C object CMakeFiles/tgcalls.dir/voip/webrtc/common_audio/vad/vad_filterbank.c.o
build	Build APK	2026-07-23T18:35:25.8096415Z   [1482/2057] Building C object CMakeFiles/tgcalls.dir/voip/webrtc/common_audio/vad/vad_core.c.o
build	Build APK	2026-07-23T18:35:25.8096860Z   [1483/2057] Building C object CMakeFiles/tgcalls.dir/voip/webrtc/common_audio/vad/vad_sp.c.o
build	Build APK	2026-07-23T18:35:25.8097317Z   [1484/2057] Building CXX object CMakeFiles/tgcalls.dir/voip/webrtc/common_audio/wav_file.cc.o
build	Build APK	2026-07-23T18:35:25.8097974Z   [1485/2057] Building CXX object CMakeFiles/tgcalls.dir/voip/webrtc/common_audio/third_party/ooura/fft_size_128/ooura_fft.cc.o
build	Build APK	2026-07-23T18:35:25.8098431Z   [1486/2057] Building C object CMakeFiles/tgcalls.dir/voip/webrtc/common_audio/vad/webrtc_vad.c.o
build	Build APK	2026-07-23T18:35:25.8098898Z   [1487/2057] Building CXX object CMakeFiles/tgcalls.dir/voip/webrtc/common_audio/wav_header.cc.o
build	Build APK	2026-07-23T18:35:25.8099507Z   [1488/2057] Building CXX object CMakeFiles/tgcalls.dir/voip/webrtc/common_audio/third_party/ooura/fft_size_256/fft4g.cc.o
build	Build APK	2026-07-23T18:35:25.8100011Z   [1489/2057] Building CXX object CMakeFiles/tgcalls.dir/voip/webrtc/common_audio/window_generator.cc.o
build	Build APK	2026-07-23T18:35:25.8100553Z   [1490/2057] Building CXX object CMakeFiles/tgcalls.dir/voip/webrtc/common_video/framerate_controller.cc.o
build	Build APK	2026-07-23T18:35:25.8101225Z   [1491/2057] Building CXX object CMakeFiles/tgcalls.dir/voip/webrtc/common_video/generic_frame_descriptor/generic_frame_info.cc.o
build	Build APK	2026-07-23T18:35:25.8101762Z   [1492/2057] Building CXX object CMakeFiles/tgcalls.dir/voip/webrtc/common_video/frame_rate_estimator.cc.o
build	Build APK	2026-07-23T18:35:25.8102266Z   [1493/2057] Building CXX object CMakeFiles/tgcalls.dir/voip/webrtc/common_video/h265/h265_inline.cc.o
build	Build APK	2026-07-23T18:35:25.8102773Z   [1494/2057] Building CXX object CMakeFiles/tgcalls.dir/voip/webrtc/common_video/bitrate_adjuster.cc.o
build	Build APK	2026-07-23T18:35:25.8103299Z   [1495/2057] Building CXX object CMakeFiles/tgcalls.dir/voip/webrtc/common_video/h265/h265_vps_parser.cc.o
build	Build APK	2026-07-23T18:35:25.8103842Z   [1496/2057] Building CXX object CMakeFiles/tgcalls.dir/voip/webrtc/common_video/h265/h265_pps_parser.cc.o
build	Build APK	2026-07-23T18:35:25.8104645Z   [1497/2057] Building CXX object CMakeFiles/tgcalls.dir/voip/webrtc/common_video/h265/h265_common.cc.o
build	Build APK	2026-07-23T18:35:25.8105464Z   [1498/2057] Building CXX object CMakeFiles/tgcalls.dir/voip/webrtc/common_video/h265/h265_sps_parser.cc.o
build	Build APK	2026-07-23T18:35:25.8106021Z   [1499/2057] Building CXX object CMakeFiles/tgcalls.dir/voip/webrtc/common_video/h264/sps_vui_rewriter.cc.o
build	Build APK	2026-07-23T18:35:25.8106833Z   [1500/2057] Building CXX object CMakeFiles/tgcalls.dir/voip/webrtc/common_video/h265/legacy_bit_buffer.cc.o
build	Build APK	2026-07-23T18:35:25.8107439Z   [1501/2057] Building CXX object CMakeFiles/tgcalls.dir/voip/webrtc/common_video/h265/h265_bitstream_parser.cc.o
build	Build APK	2026-07-23T18:35:25.8107933Z   [1502/2057] Building CXX object CMakeFiles/tgcalls.dir/voip/webrtc/common_video/h264/h264_common.cc.o
build	Build APK	2026-07-23T18:35:25.8108468Z   [1503/2057] Building CXX object CMakeFiles/tgcalls.dir/voip/webrtc/common_video/h264/pps_parser.cc.o
build	Build APK	2026-07-23T18:35:25.8108969Z   [1504/2057] Building CXX object CMakeFiles/tgcalls.dir/voip/webrtc/common_video/h264/sps_parser.cc.o
build	Build APK	2026-07-23T18:35:25.8109566Z   [1505/2057] Building CXX object CMakeFiles/tgcalls.dir/voip/webrtc/common_video/h264/h264_bitstream_parser.cc.o
build	Build APK	2026-07-23T18:35:25.8110142Z   [1506/2057] Building CXX object CMakeFiles/tgcalls.dir/voip/webrtc/common_video/libyuv/webrtc_libyuv.cc.o
build	Build APK	2026-07-23T18:35:25.8110742Z   [1507/2057] Building CXX object CMakeFiles/tgcalls.dir/voip/webrtc/common_video/video_frame_buffer_pool.cc.o
build	Build APK	2026-07-23T18:35:25.8111314Z   [1508/2057] Building CXX object CMakeFiles/tgcalls.dir/voip/webrtc/common_video/video_frame_buffer.cc.o
build	Build APK	2026-07-23T18:35:25.8111854Z   [1509/2057] Building CXX object CMakeFiles/tgcalls.dir/voip/webrtc/p2p/client/turn_port_factory.cc.o
build	Build APK	2026-07-23T18:35:25.8112344Z   [1510/2057] Building CXX object CMakeFiles/tgcalls.dir/voip/webrtc/p2p/base/turn_server.cc.o
build	Build APK	2026-07-23T18:35:25.8112842Z   [1511/2057] Building CXX object CMakeFiles/tgcalls.dir/voip/webrtc/p2p/base/stun_dictionary.cc.o
build	Build APK	2026-07-23T18:35:25.8113417Z   [1512/2057] Building CXX object CMakeFiles/tgcalls.dir/voip/webrtc/p2p/base/transport_description_factory.cc.o
build	Build APK	2026-07-23T18:35:25.8113942Z   [1513/2057] Building CXX object CMakeFiles/tgcalls.dir/voip/webrtc/p2p/stunprober/stun_prober.cc.o
build	Build APK	2026-07-23T18:35:25.8114722Z   [1514/2057] Building CXX object CMakeFiles/tgcalls.dir/voip/webrtc/p2p/base/connection_info.cc.o
build	Build APK	2026-07-23T18:35:25.8115223Z   [1515/2057] Building CXX object CMakeFiles/tgcalls.dir/voip/webrtc/p2p/base/port_interface.cc.o
build	Build APK	2026-07-23T18:35:25.8115791Z   [1516/2057] Building CXX object CMakeFiles/tgcalls.dir/voip/webrtc/p2p/base/regathering_controller.cc.o
build	Build APK	2026-07-23T18:35:25.8116360Z   [1517/2057] Building CXX object CMakeFiles/tgcalls.dir/voip/webrtc/p2p/base/dtls_transport_internal.cc.o
build	Build APK	2026-07-23T18:35:25.8116904Z   [1518/2057] Building CXX object CMakeFiles/tgcalls.dir/voip/webrtc/p2p/base/ice_transport_internal.cc.o
build	Build APK	2026-07-23T18:35:25.8117423Z   [1519/2057] Building CXX object CMakeFiles/tgcalls.dir/voip/webrtc/p2p/base/dtls_transport.cc.o
build	Build APK	2026-07-23T18:35:25.8118015Z   [1520/2057] Building CXX object CMakeFiles/tgcalls.dir/voip/webrtc/p2p/base/packet_transport_internal.cc.o
build	Build APK	2026-07-23T18:35:25.8118614Z   [1521/2057] Building CXX object CMakeFiles/tgcalls.dir/voip/webrtc/p2p/base/basic_async_resolver_factory.cc.o
build	Build APK	2026-07-23T18:35:25.8119219Z   [1522/2057] Building CXX object CMakeFiles/tgcalls.dir/voip/webrtc/p2p/base/wrapping_active_ice_controller.cc.o
build	Build APK	2026-07-23T18:35:25.8119738Z   [1523/2057] Building CXX object CMakeFiles/tgcalls.dir/voip/webrtc/p2p/base/p2p_constants.cc.o
build	Build APK	2026-07-23T18:35:25.8120249Z   [1524/2057] Building CXX object CMakeFiles/tgcalls.dir/voip/webrtc/p2p/base/port_allocator.cc.o
build	Build APK	2026-07-23T18:35:25.8120807Z   [1525/2057] Building CXX object CMakeFiles/tgcalls.dir/voip/webrtc/p2p/client/basic_port_allocator.cc.o
build	Build APK	2026-07-23T18:35:25.8121304Z   [1526/2057] Building CXX object CMakeFiles/tgcalls.dir/voip/webrtc/p2p/base/connection.cc.o
build	Build APK	2026-07-23T18:35:25.8121874Z   [1527/2057] Building CXX object CMakeFiles/tgcalls.dir/voip/webrtc/p2p/base/ice_credentials_iterator.cc.o
build	Build APK	2026-07-23T18:35:25.8122670Z   [1528/2057] Building CXX object CMakeFiles/tgcalls.dir/voip/webrtc/p2p/base/ice_switch_reason.cc.o
build	Build APK	2026-07-23T18:35:25.8123294Z   [1529/2057] Building CXX object CMakeFiles/tgcalls.dir/voip/webrtc/p2p/base/default_ice_transport_factory.cc.o
build	Build APK	2026-07-23T18:35:25.8123894Z   [1530/2057] Building CXX object CMakeFiles/tgcalls.dir/voip/webrtc/p2p/base/p2p_transport_channel.cc.o
build	Build APK	2026-07-23T18:35:25.8124862Z   [1531/2057] Building CXX object CMakeFiles/tgcalls.dir/voip/webrtc/p2p/base/test_stun_server.cc.o
build	Build APK	2026-07-23T18:35:25.8125446Z   [1532/2057] Building CXX object CMakeFiles/tgcalls.dir/voip/webrtc/p2p/base/basic_packet_socket_factory.cc.o
build	Build APK	2026-07-23T18:35:25.8126011Z   [1533/2057] Building CXX object CMakeFiles/tgcalls.dir/voip/webrtc/p2p/base/ice_controller_interface.cc.o
build	Build APK	2026-07-23T18:35:25.8126463Z   [1534/2057] Building CXX object CMakeFiles/tgcalls.dir/voip/webrtc/p2p/base/port.cc.o
build	Build APK	2026-07-23T18:35:25.8126941Z   [1535/2057] Building CXX object CMakeFiles/tgcalls.dir/voip/webrtc/p2p/base/tcp_port.cc.o
build	Build APK	2026-07-23T18:35:25.8127424Z   [1536/2057] Building CXX object CMakeFiles/tgcalls.dir/voip/webrtc/p2p/base/turn_port.cc.o
build	Build APK	2026-07-23T18:35:25.8127914Z   [1537/2057] Building CXX object CMakeFiles/tgcalls.dir/voip/webrtc/p2p/base/stun_request.cc.o
build	Build APK	2026-07-23T18:35:25.8128450Z   [1538/2057] Building CXX object CMakeFiles/tgcalls.dir/voip/webrtc/p2p/base/basic_ice_controller.cc.o
build	Build APK	2026-07-23T18:35:25.8128987Z   [1539/2057] Building CXX object CMakeFiles/tgcalls.dir/voip/webrtc/p2p/base/async_stun_tcp_socket.cc.o
build	Build APK	2026-07-23T18:35:25.8129457Z   [1540/2057] Building CXX object CMakeFiles/tgcalls.dir/voip/webrtc/p2p/base/stun_server.cc.o
build	Build APK	2026-07-23T18:35:25.8129919Z   [1541/2057] Building CXX object CMakeFiles/tgcalls.dir/voip/webrtc/p2p/base/pseudo_tcp.cc.o
build	Build APK	2026-07-23T18:35:25.8130385Z   [1542/2057] Building CXX object CMakeFiles/tgcalls.dir/voip/webrtc/p2p/base/stun_port.cc.o
build	Build APK	2026-07-23T18:35:25.8130929Z   [1543/2057] Building CXX object CMakeFiles/tgcalls.dir/voip/webrtc/p2p/base/transport_description.cc.o
build	Build APK	2026-07-23T18:35:25.8131693Z   [1544/2057] Building CXX object CMakeFiles/tgcalls.dir/voip/webrtc/logging/rtc_event_log/events/rtc_event_video_send_stream_config.cc.o
build	Build APK	2026-07-23T18:35:25.8132353Z   [1545/2057] Building CXX object CMakeFiles/tgcalls.dir/voip/webrtc/logging/rtc_event_log/encoder/blob_encoding.cc.o
build	Build APK	2026-07-23T18:35:25.8133113Z   [1546/2057] Building CXX object CMakeFiles/tgcalls.dir/voip/webrtc/logging/rtc_event_log/events/rtc_event_probe_cluster_created.cc.o
build	Build APK	2026-07-23T18:35:25.8133887Z   [1547/2057] Building CXX object CMakeFiles/tgcalls.dir/voip/webrtc/logging/rtc_event_log/events/rtc_event_audio_receive_stream_config.cc.o
build	Build APK	2026-07-23T18:35:25.8134799Z   [1548/2057] Building CXX object CMakeFiles/tgcalls.dir/voip/webrtc/logging/rtc_event_log/events/rtc_event_field_extraction.cc.o
build	Build APK	2026-07-23T18:35:25.8135425Z   [1549/2057] Building CXX object CMakeFiles/tgcalls.dir/voip/webrtc/logging/rtc_event_log/events/rtc_event_begin_log.cc.o
build	Build APK	2026-07-23T18:35:25.8136115Z   [1550/2057] Building CXX object CMakeFiles/tgcalls.dir/voip/webrtc/logging/rtc_event_log/events/rtc_event_rtcp_packet_incoming.cc.o
build	Build APK	2026-07-23T18:35:25.8136815Z   [1551/2057] Building CXX object CMakeFiles/tgcalls.dir/voip/webrtc/logging/rtc_event_log/events/rtc_event_bwe_update_delay_based.cc.o
build	Build APK	2026-07-23T18:35:25.8137488Z   [1552/2057] Building CXX object CMakeFiles/tgcalls.dir/voip/webrtc/logging/rtc_event_log/events/rtc_event_field_encoding.cc.o
build	Build APK	2026-07-23T18:35:25.8138126Z   [1553/2057] Building CXX object CMakeFiles/tgcalls.dir/voip/webrtc/logging/rtc_event_log/events/rtc_event_end_log.cc.o
build	Build APK	2026-07-23T18:35:25.8138865Z   [1554/2057] Building CXX object CMakeFiles/tgcalls.dir/voip/webrtc/logging/rtc_event_log/events/rtc_event_ice_candidate_pair_config.cc.o
build	Build APK	2026-07-23T18:35:25.8139500Z   [1555/2057] Building CXX object CMakeFiles/tgcalls.dir/voip/webrtc/logging/rtc_event_log/events/rtc_event_alr_state.cc.o
build	Build APK	2026-07-23T18:35:25.8140236Z   [1556/2057] Building CXX object CMakeFiles/tgcalls.dir/voip/webrtc/logging/rtc_event_log/events/rtc_event_audio_network_adaptation.cc.o
build	Build APK	2026-07-23T18:35:25.8141129Z   [1557/2057] Building CXX object CMakeFiles/tgcalls.dir/voip/webrtc/logging/rtc_event_log/events/rtc_event_route_change.cc.o
build	Build APK	2026-07-23T18:35:25.8141807Z   [1558/2057] Building CXX object CMakeFiles/tgcalls.dir/voip/webrtc/logging/rtc_event_log/events/rtc_event_dtls_writable_state.cc.o
build	Build APK	2026-07-23T18:35:25.8142759Z   [1559/2057] Building CXX object CMakeFiles/tgcalls.dir/voip/webrtc/logging/rtc_event_log/events/rtc_event_dtls_transport_state.cc.o
build	Build APK	2026-07-23T18:35:25.8143522Z   [1560/2057] Building CXX object CMakeFiles/tgcalls.dir/voip/webrtc/logging/rtc_event_log/events/rtc_event_video_receive_stream_config.cc.o
build	Build APK	2026-07-23T18:35:25.8144461Z   [1561/2057] Building CXX object CMakeFiles/tgcalls.dir/voip/webrtc/logging/rtc_event_log/events/rtc_event_generic_packet_sent.cc.o
build	Build APK	2026-07-23T18:35:25.8145188Z   [1562/2057] Building CXX object CMakeFiles/tgcalls.dir/voip/webrtc/logging/rtc_event_log/events/rtc_event_rtcp_packet_outgoing.cc.o
build	Build APK	2026-07-23T18:35:25.8145952Z   [1563/2057] Building CXX object CMakeFiles/tgcalls.dir/voip/webrtc/logging/rtc_event_log/events/fixed_length_encoding_parameters_v3.cc.o
build	Build APK	2026-07-23T18:35:25.8146634Z   [1564/2057] Building CXX object CMakeFiles/tgcalls.dir/voip/webrtc/logging/rtc_event_log/events/rtc_event_audio_playout.cc.o
build	Build APK	2026-07-23T18:35:25.8147367Z   [1565/2057] Building CXX object CMakeFiles/tgcalls.dir/voip/webrtc/logging/rtc_event_log/events/rtc_event_generic_packet_received.cc.o
build	Build APK	2026-07-23T18:35:25.8148085Z   [1566/2057] Building CXX object CMakeFiles/tgcalls.dir/voip/webrtc/logging/rtc_event_log/events/rtc_event_generic_ack_received.cc.o
build	Build APK	2026-07-23T18:35:25.8148805Z   [1567/2057] Building CXX object CMakeFiles/tgcalls.dir/voip/webrtc/logging/rtc_event_log/events/rtc_event_rtp_packet_incoming.cc.o
build	Build APK	2026-07-23T18:35:25.8149504Z   [1568/2057] Building CXX object CMakeFiles/tgcalls.dir/voip/webrtc/logging/rtc_event_log/events/rtc_event_bwe_update_loss_based.cc.o
build	Build APK	2026-07-23T18:35:25.8150217Z   [1569/2057] Building CXX object CMakeFiles/tgcalls.dir/voip/webrtc/logging/rtc_event_log/events/rtc_event_neteq_set_minimum_delay.cc.o
build	Build APK	2026-07-23T18:35:25.8150898Z   [1570/2057] Building CXX object CMakeFiles/tgcalls.dir/voip/webrtc/logging/rtc_event_log/events/rtc_event_ice_candidate_pair.cc.o
build	Build APK	2026-07-23T18:35:25.8151619Z   [1571/2057] Building CXX object CMakeFiles/tgcalls.dir/voip/webrtc/logging/rtc_event_log/events/rtc_event_audio_send_stream_config.cc.o
build	Build APK	2026-07-23T18:35:25.8152253Z   [1572/2057] Building CXX object CMakeFiles/tgcalls.dir/voip/webrtc/logging/rtc_event_log/fake_rtc_event_log_factory.cc.o
build	Build APK	2026-07-23T18:35:25.8152901Z   [1573/2057] Building CXX object CMakeFiles/tgcalls.dir/voip/webrtc/logging/rtc_event_log/events/rtc_event_frame_decoded.cc.o
build	Build APK	2026-07-23T18:35:25.8153482Z   [1574/2057] Building CXX object CMakeFiles/tgcalls.dir/voip/webrtc/logging/rtc_event_log/fake_rtc_event_log.cc.o
build	Build APK	2026-07-23T18:35:25.8154435Z   [1575/2057] Building CXX object CMakeFiles/tgcalls.dir/voip/webrtc/logging/rtc_event_log/events/rtc_event_field_encoding_parser.cc.o
build	Build APK	2026-07-23T18:35:25.8154986Z   [1576/2057] Building CXX object CMakeFiles/tgcalls.dir/voip/webrtc/logging/rtc_event_log/ice_logger.cc.o
build	Build APK	2026-07-23T18:35:25.8155519Z   [1577/2057] Building CXX object CMakeFiles/tgcalls.dir/voip/webrtc/video/encoder_overshoot_detector.cc.o
build	Build APK	2026-07-23T18:35:25.8156118Z   [1578/2057] Building CXX object CMakeFiles/tgcalls.dir/voip/webrtc/video/video_receive_stream_timeout_tracker.cc.o
build	Build APK	2026-07-23T18:35:25.8156696Z   [1579/2057] Building CXX object CMakeFiles/tgcalls.dir/voip/webrtc/logging/rtc_event_log/rtc_event_log_impl.cc.o
build	Build APK	2026-07-23T18:35:25.8157272Z   [1580/2057] Building CXX object CMakeFiles/tgcalls.dir/voip/webrtc/logging/rtc_event_log/rtc_stream_config.cc.o
build	Build APK	2026-07-23T18:35:25.8157747Z   [1581/2057] Building CXX object CMakeFiles/tgcalls.dir/voip/webrtc/video/send_delay_stats.cc.o
build	Build APK	2026-07-23T18:35:25.8158251Z   [1582/2057] Building CXX object CMakeFiles/tgcalls.dir/voip/webrtc/video/stream_synchronization.cc.o
build	Build APK	2026-07-23T18:35:25.8158964Z   [1583/2057] Building CXX object CMakeFiles/tgcalls.dir/voip/webrtc/video/config/simulcast.cc.o
build	Build APK	2026-07-23T18:35:25.8159518Z   [1584/2057] Building CXX object CMakeFiles/tgcalls.dir/voip/webrtc/video/video_source_sink_controller.cc.o
build	Build APK	2026-07-23T18:35:25.8160865Z   /home/runner/work/Yasuagram/Yasuagram/TMessagesProj/jni/voip/webrtc/video/video_source_sink_controller.cc:40:55: warning: format specifies type 'long' but the argument has type 'rtc::VideoSourceInterface<VideoFrame> *' [-Wformat]
build	Build APK	2026-07-23T18:35:25.8161334Z      40 |     DEBUG_D("$%d: SetSource(): new source as %ld", a, source_);
build	Build APK	2026-07-23T18:35:25.8161543Z         |                                              ~~~      ^~~~~~~
build	Build APK	2026-07-23T18:35:25.8162872Z   /home/runner/work/Yasuagram/Yasuagram/TMessagesProj/jni/voip/webrtc/video/video_source_sink_controller.cc:67:60: warning: format specifies type 'long' but the argument has type 'rtc::VideoSourceInterface<VideoFrame> *' [-Wformat]
build	Build APK	2026-07-23T18:35:25.8163208Z      67 |     DEBUG_D("$%d: PushSourceSinkSettings(): 2 src=%ld", a, source_);
build	Build APK	2026-07-23T18:35:25.8163427Z         |                                                   ~~~      ^~~~~~~
build	Build APK	2026-07-23T18:35:25.8163586Z   2 warnings generated.
build	Build APK	2026-07-23T18:35:25.8164082Z   [1585/2057] Building CXX object CMakeFiles/tgcalls.dir/voip/webrtc/video/frame_decode_timing.cc.o
build	Build APK	2026-07-23T18:35:25.8164847Z   [1586/2057] Building CXX object CMakeFiles/tgcalls.dir/voip/webrtc/video/unique_timestamp_counter.cc.o
build	Build APK	2026-07-23T18:35:25.8165404Z   [1587/2057] Building CXX object CMakeFiles/tgcalls.dir/voip/webrtc/video/config/video_encoder_config.cc.o
build	Build APK	2026-07-23T18:35:25.8165977Z   [1588/2057] Building CXX object CMakeFiles/tgcalls.dir/voip/webrtc/video/config/encoder_stream_factory.cc.o
build	Build APK	2026-07-23T18:35:25.8166425Z   [1589/2057] Building CXX object CMakeFiles/tgcalls.dir/voip/webrtc/video/call_stats2.cc.o
build	Build APK	2026-07-23T18:35:25.8166968Z   [1590/2057] Building CXX object CMakeFiles/tgcalls.dir/voip/webrtc/video/send_statistics_proxy.cc.o
build	Build APK	2026-07-23T18:35:25.8167543Z   [1591/2057] Building CXX object CMakeFiles/tgcalls.dir/voip/webrtc/video/encoder_bitrate_adjuster.cc.o
build	Build APK	2026-07-23T18:35:25.8168106Z   [1592/2057] Building CXX object CMakeFiles/tgcalls.dir/voip/webrtc/video/render/incoming_video_stream.cc.o
build	Build APK	2026-07-23T18:35:25.8168644Z   [1593/2057] Building CXX object CMakeFiles/tgcalls.dir/voip/webrtc/video/render/video_render_frames.cc.o
build	Build APK	2026-07-23T18:35:25.8169182Z   [1594/2057] Building CXX object CMakeFiles/tgcalls.dir/voip/webrtc/video/buffered_frame_decryptor.cc.o
build	Build APK	2026-07-23T18:35:25.8169673Z   [1595/2057] Building CXX object CMakeFiles/tgcalls.dir/voip/webrtc/video/encoder_rtcp_feedback.cc.o
build	Build APK	2026-07-23T18:35:25.8170189Z   [1596/2057] Building CXX object CMakeFiles/tgcalls.dir/voip/webrtc/video/video_quality_observer2.cc.o
build	Build APK	2026-07-23T18:35:25.8170905Z   In file included from /home/runner/work/Yasuagram/Yasuagram/TMessagesProj/jni/voip/webrtc/video/video_quality_observer2.cc:21:
build	Build APK	2026-07-23T18:35:25.8171600Z   In file included from /home/runner/work/Yasuagram/Yasuagram/TMessagesProj/jni/voip/webrtc/video/video_receive_stream2.h:38:
build	Build APK	2026-07-23T18:35:25.8172659Z   /home/runner/work/Yasuagram/Yasuagram/TMessagesProj/jni/voip/webrtc/video/rtp_video_stream_receiver2.h:393:7: warning: declaration does not declare anything [-Wmissing-declarations]
build	Build APK	2026-07-23T18:35:25.8172907Z     393 |       RTC_GUARDED_BY(packet_sequence_checker_);
build	Build APK	2026-07-23T18:35:25.8173057Z         |       ^
build	Build APK	2026-07-23T18:35:25.8173898Z   /home/runner/work/Yasuagram/Yasuagram/TMessagesProj/jni/voip/webrtc/rtc_base/thread_annotations.h:31:27: note: expanded from macro 'RTC_GUARDED_BY'
build	Build APK	2026-07-23T18:35:25.8174494Z      31 | #define RTC_GUARDED_BY(x) RTC_THREAD_ANNOTATION_ATTRIBUTE__(guarded_by(x))
build	Build APK	2026-07-23T18:35:25.8174652Z         |                           ^
build	Build APK	2026-07-23T18:35:25.8175593Z   /home/runner/work/Yasuagram/Yasuagram/TMessagesProj/jni/voip/webrtc/rtc_base/thread_annotations.h:23:46: note: expanded from macro 'RTC_THREAD_ANNOTATION_ATTRIBUTE__'
build	Build APK	2026-07-23T18:35:25.8176181Z      23 | #define RTC_THREAD_ANNOTATION_ATTRIBUTE__(x) __attribute__((x))
build	Build APK	2026-07-23T18:35:25.8176369Z         |                                              ^
build	Build APK	2026-07-23T18:35:25.8177077Z   In file included from /home/runner/work/Yasuagram/Yasuagram/TMessagesProj/jni/voip/webrtc/video/video_quality_observer2.cc:21:
build	Build APK	2026-07-23T18:35:25.8177974Z   In file included from /home/runner/work/Yasuagram/Yasuagram/TMessagesProj/jni/voip/webrtc/video/video_receive_stream2.h:38:
build	Build APK	2026-07-23T18:35:25.8179335Z   /home/runner/work/Yasuagram/Yasuagram/TMessagesProj/jni/voip/webrtc/video/rtp_video_stream_receiver2.h:393:7: warning: attribute guarded_by ignored, because it is not attached to a declaration [-Wignored-attributes]
build	Build APK	2026-07-23T18:35:25.8180201Z   /home/runner/work/Yasuagram/Yasuagram/TMessagesProj/jni/voip/webrtc/rtc_base/thread_annotations.h:31:71: note: expanded from macro 'RTC_GUARDED_BY'
build	Build APK	2026-07-23T18:35:25.8180576Z      31 | #define RTC_GUARDED_BY(x) RTC_THREAD_ANNOTATION_ATTRIBUTE__(guarded_by(x))
build	Build APK	2026-07-23T18:35:25.8180809Z         |                                                                       ^
build	Build APK	2026-07-23T18:35:25.8180968Z   2 warnings generated.
build	Build APK	2026-07-23T18:35:25.8181638Z   [1597/2057] Building CXX object CMakeFiles/tgcalls.dir/voip/webrtc/video/adaptation/video_stream_encoder_resource_manager.cc.o
build	Build APK	2026-07-23T18:35:25.8182232Z   [1598/2057] Building CXX object CMakeFiles/tgcalls.dir/voip/webrtc/video/task_queue_frame_decode_scheduler.cc.o
build	Build APK	2026-07-23T18:35:25.8182757Z   [1599/2057] Building CXX object CMakeFiles/tgcalls.dir/voip/webrtc/video/frame_dumping_decoder.cc.o
build	Build APK	2026-07-23T18:35:25.8183282Z   [1600/2057] Building CXX object CMakeFiles/tgcalls.dir/voip/webrtc/video/receive_statistics_proxy.cc.o
build	Build APK	2026-07-23T18:35:25.8184007Z   In file included from /home/runner/work/Yasuagram/Yasuagram/TMessagesProj/jni/voip/webrtc/video/receive_statistics_proxy.cc:25:
build	Build APK	2026-07-23T18:35:25.8184930Z   In file included from /home/runner/work/Yasuagram/Yasuagram/TMessagesProj/jni/voip/webrtc/video/video_receive_stream2.h:38:
build	Build APK	2026-07-23T18:35:25.8185990Z   /home/runner/work/Yasuagram/Yasuagram/TMessagesProj/jni/voip/webrtc/video/rtp_video_stream_receiver2.h:393:7: warning: declaration does not declare anything [-Wmissing-declarations]
build	Build APK	2026-07-23T18:35:25.8186235Z     393 |       RTC_GUARDED_BY(packet_sequence_checker_);
build	Build APK	2026-07-23T18:35:25.8186383Z         |       ^
build	Build APK	2026-07-23T18:35:25.8187237Z   /home/runner/work/Yasuagram/Yasuagram/TMessagesProj/jni/voip/webrtc/rtc_base/thread_annotations.h:31:27: note: expanded from macro 'RTC_GUARDED_BY'
build	Build APK	2026-07-23T18:35:25.8187615Z      31 | #define RTC_GUARDED_BY(x) RTC_THREAD_ANNOTATION_ATTRIBUTE__(guarded_by(x))
build	Build APK	2026-07-23T18:35:25.8187766Z         |                           ^
build	Build APK	2026-07-23T18:35:25.8188719Z   /home/runner/work/Yasuagram/Yasuagram/TMessagesProj/jni/voip/webrtc/rtc_base/thread_annotations.h:23:46: note: expanded from macro 'RTC_THREAD_ANNOTATION_ATTRIBUTE__'
build	Build APK	2026-07-23T18:35:25.8189041Z      23 | #define RTC_THREAD_ANNOTATION_ATTRIBUTE__(x) __attribute__((x))
build	Build APK	2026-07-23T18:35:25.8189230Z         |                                              ^
build	Build APK	2026-07-23T18:35:25.8189971Z   In file included from /home/runner/work/Yasuagram/Yasuagram/TMessagesProj/jni/voip/webrtc/video/receive_statistics_proxy.cc:25:
build	Build APK	2026-07-23T18:35:25.8190671Z   In file included from /home/runner/work/Yasuagram/Yasuagram/TMessagesProj/jni/voip/webrtc/video/video_receive_stream2.h:38:
build	Build APK	2026-07-23T18:35:25.8191934Z   /home/runner/work/Yasuagram/Yasuagram/TMessagesProj/jni/voip/webrtc/video/rtp_video_stream_receiver2.h:393:7: warning: attribute guarded_by ignored, because it is not attached to a declaration [-Wignored-attributes]
build	Build APK	2026-07-23T18:35:25.8192787Z   /home/runner/work/Yasuagram/Yasuagram/TMessagesProj/jni/voip/webrtc/rtc_base/thread_annotations.h:31:71: note: expanded from macro 'RTC_GUARDED_BY'
build	Build APK	2026-07-23T18:35:25.8193164Z      31 | #define RTC_GUARDED_BY(x) RTC_THREAD_ANNOTATION_ATTRIBUTE__(guarded_by(x))
build	Build APK	2026-07-23T18:35:25.8193375Z         |                                                                       ^
build	Build APK	2026-07-23T18:35:25.8193740Z   2 warnings generated.
build	Build APK	2026-07-23T18:35:25.8194487Z   [1601/2057] Building CXX object CMakeFiles/tgcalls.dir/voip/webrtc/video/frame_cadence_adapter.cc.o
build	Build APK	2026-07-23T18:35:25.8195096Z   [1602/2057] Building CXX object CMakeFiles/tgcalls.dir/voip/webrtc/video/adaptation/quality_scaler_resource.cc.o
build	Build APK	2026-07-23T18:35:25.8195830Z   [1603/2057] Building CXX object CMakeFiles/tgcalls.dir/voip/webrtc/video/video_receive_stream2.cc.o
build	Build APK	2026-07-23T18:35:25.8196533Z   In file included from /home/runner/work/Yasuagram/Yasuagram/TMessagesProj/jni/voip/webrtc/video/video_receive_stream2.cc:11:
build	Build APK	2026-07-23T18:35:25.8197229Z   In file included from /home/runner/work/Yasuagram/Yasuagram/TMessagesProj/jni/voip/webrtc/video/video_receive_stream2.h:38:
build	Build APK	2026-07-23T18:35:25.8198316Z   /home/runner/work/Yasuagram/Yasuagram/TMessagesProj/jni/voip/webrtc/video/rtp_video_stream_receiver2.h:393:7: warning: declaration does not declare anything [-Wmissing-declarations]
build	Build APK	2026-07-23T18:35:25.8198577Z     393 |       RTC_GUARDED_BY(packet_sequence_checker_);
build	Build APK	2026-07-23T18:35:25.8198711Z         |       ^
build	Build APK	2026-07-23T18:35:25.8199528Z   /home/runner/work/Yasuagram/Yasuagram/TMessagesProj/jni/voip/webrtc/rtc_base/thread_annotations.h:31:27: note: expanded from macro 'RTC_GUARDED_BY'
build	Build APK	2026-07-23T18:35:25.8199907Z      31 | #define RTC_GUARDED_BY(x) RTC_THREAD_ANNOTATION_ATTRIBUTE__(guarded_by(x))
build	Build APK	2026-07-23T18:35:25.8200062Z         |                           ^
build	Build APK	2026-07-23T18:35:25.8200981Z   /home/runner/work/Yasuagram/Yasuagram/TMessagesProj/jni/voip/webrtc/rtc_base/thread_annotations.h:23:46: note: expanded from macro 'RTC_THREAD_ANNOTATION_ATTRIBUTE__'
build	Build APK	2026-07-23T18:35:25.8201292Z      23 | #define RTC_THREAD_ANNOTATION_ATTRIBUTE__(x) __attribute__((x))
build	Build APK	2026-07-23T18:35:25.8201474Z         |                                              ^
build	Build APK	2026-07-23T18:35:25.8202148Z   In file included from /home/runner/work/Yasuagram/Yasuagram/TMessagesProj/jni/voip/webrtc/video/video_receive_stream2.cc:11:
build	Build APK	2026-07-23T18:35:25.8202820Z   In file included from /home/runner/work/Yasuagram/Yasuagram/TMessagesProj/jni/voip/webrtc/video/video_receive_stream2.h:38:
build	Build APK	2026-07-23T18:35:25.8204043Z   /home/runner/work/Yasuagram/Yasuagram/TMessagesProj/jni/voip/webrtc/video/rtp_video_stream_receiver2.h:393:7: warning: attribute guarded_by ignored, because it is not attached to a declaration [-Wignored-attributes]
build	Build APK	2026-07-23T18:35:25.8205148Z   /home/runner/work/Yasuagram/Yasuagram/TMessagesProj/jni/voip/webrtc/rtc_base/thread_annotations.h:31:71: note: expanded from macro 'RTC_GUARDED_BY'
build	Build APK	2026-07-23T18:35:25.8205545Z      31 | #define RTC_GUARDED_BY(x) RTC_THREAD_ANNOTATION_ATTRIBUTE__(guarded_by(x))
build	Build APK	2026-07-23T18:35:25.8205774Z         |                                                                       ^
build	Build APK	2026-07-23T18:35:25.8205928Z   2 warnings generated.
build	Build APK	2026-07-23T18:35:25.8206508Z   [1604/2057] Building CXX object CMakeFiles/tgcalls.dir/voip/webrtc/video/video_stream_buffer_controller.cc.o
build	Build APK	2026-07-23T18:35:25.8207176Z   [1605/2057] Building CXX object CMakeFiles/tgcalls.dir/voip/webrtc/video/adaptation/bandwidth_quality_scaler_resource.cc.o
build	Build APK	2026-07-23T18:35:25.8207811Z   [1606/2057] Building CXX object CMakeFiles/tgcalls.dir/voip/webrtc/video/adaptation/video_stream_encoder_resource.cc.o
build	Build APK	2026-07-23T18:35:25.8208304Z   [1607/2057] Building CXX object CMakeFiles/tgcalls.dir/voip/webrtc/video/video_stream_encoder.cc.o
build	Build APK	2026-07-23T18:35:25.8208903Z   [1608/2057] Building CXX object CMakeFiles/tgcalls.dir/voip/webrtc/video/adaptation/encode_usage_resource.cc.o
build	Build APK	2026-07-23T18:35:25.8209481Z   [1609/2057] Building CXX object CMakeFiles/tgcalls.dir/voip/webrtc/video/adaptation/pixel_limit_resource.cc.o
build	Build APK	2026-07-23T18:35:25.8210146Z   [1610/2057] Building CXX object CMakeFiles/tgcalls.dir/voip/webrtc/video/adaptation/quality_rampup_experiment_helper.cc.o
build	Build APK	2026-07-23T18:35:25.8210705Z   [1611/2057] Building CXX object CMakeFiles/tgcalls.dir/voip/webrtc/video/adaptation/bitrate_constraint.cc.o
build	Build APK	2026-07-23T18:35:25.8211165Z   [1612/2057] Building CXX object CMakeFiles/tgcalls.dir/voip/webrtc/video/stats_counter.cc.o
build	Build APK	2026-07-23T18:35:25.8211965Z   [1613/2057] Building CXX object CMakeFiles/tgcalls.dir/voip/webrtc/video/adaptation/overuse_frame_detector.cc.o
build	Build APK	2026-07-23T18:35:25.8212501Z   [1614/2057] Building CXX object CMakeFiles/tgcalls.dir/voip/webrtc/video/rtp_video_stream_receiver2.cc.o
build	Build APK	2026-07-23T18:35:25.8213383Z   In file included from /home/runner/work/Yasuagram/Yasuagram/TMessagesProj/jni/voip/webrtc/video/rtp_video_stream_receiver2.cc:11:
build	Build APK	2026-07-23T18:35:25.8214837Z   /home/runner/work/Yasuagram/Yasuagram/TMessagesProj/jni/voip/webrtc/video/rtp_video_stream_receiver2.h:393:7: warning: declaration does not declare anything [-Wmissing-declarations]
build	Build APK	2026-07-23T18:35:25.8215099Z     393 |       RTC_GUARDED_BY(packet_sequence_checker_);
build	Build APK	2026-07-23T18:35:25.8215242Z         |       ^
build	Build APK	2026-07-23T18:35:25.8216082Z   /home/runner/work/Yasuagram/Yasuagram/TMessagesProj/jni/voip/webrtc/rtc_base/thread_annotations.h:31:27: note: expanded from macro 'RTC_GUARDED_BY'
build	Build APK	2026-07-23T18:35:25.8216468Z      31 | #define RTC_GUARDED_BY(x) RTC_THREAD_ANNOTATION_ATTRIBUTE__(guarded_by(x))
build	Build APK	2026-07-23T18:35:25.8216623Z         |                           ^
build	Build APK	2026-07-23T18:35:25.8217563Z   /home/runner/work/Yasuagram/Yasuagram/TMessagesProj/jni/voip/webrtc/rtc_base/thread_annotations.h:23:46: note: expanded from macro 'RTC_THREAD_ANNOTATION_ATTRIBUTE__'
build	Build APK	2026-07-23T18:35:25.8217926Z      23 | #define RTC_THREAD_ANNOTATION_ATTRIBUTE__(x) __attribute__((x))
build	Build APK	2026-07-23T18:35:25.8218118Z         |                                              ^
build	Build APK	2026-07-23T18:35:25.8218849Z   In file included from /home/runner/work/Yasuagram/Yasuagram/TMessagesProj/jni/voip/webrtc/video/rtp_video_stream_receiver2.cc:11:
build	Build APK	2026-07-23T18:35:25.8220106Z   /home/runner/work/Yasuagram/Yasuagram/TMessagesProj/jni/voip/webrtc/video/rtp_video_stream_receiver2.h:393:7: warning: attribute guarded_by ignored, because it is not attached to a declaration [-Wignored-attributes]
build	Build APK	2026-07-23T18:35:25.8220957Z   /home/runner/work/Yasuagram/Yasuagram/TMessagesProj/jni/voip/webrtc/rtc_base/thread_annotations.h:31:71: note: expanded from macro 'RTC_GUARDED_BY'
build	Build APK	2026-07-23T18:35:25.8221331Z      31 | #define RTC_GUARDED_BY(x) RTC_THREAD_ANNOTATION_ATTRIBUTE__(guarded_by(x))
build	Build APK	2026-07-23T18:35:25.8221554Z         |                                                                       ^
build	Build APK	2026-07-23T18:35:25.8221711Z   2 warnings generated.
build	Build APK	2026-07-23T18:35:25.8222292Z   [1615/2057] Building CXX object CMakeFiles/tgcalls.dir/voip/webrtc/video/adaptation/balanced_constraint.cc.o
build	Build APK	2026-07-23T18:35:25.8222874Z   [1616/2057] Building CXX object CMakeFiles/tgcalls.dir/voip/webrtc/video/quality_limitation_reason_tracker.cc.o
build	Build APK	2026-07-23T18:35:25.8223398Z   [1617/2057] Building CXX object CMakeFiles/tgcalls.dir/voip/webrtc/video/rtp_streams_synchronizer2.cc.o
build	Build APK	2026-07-23T18:35:25.8223872Z   [1618/2057] Building CXX object CMakeFiles/tgcalls.dir/voip/webrtc/video/transport_adapter.cc.o
build	Build APK	2026-07-23T18:35:25.8224559Z   [1619/2057] Building CXX object CMakeFiles/tgcalls.dir/voip/webrtc/video/report_block_stats.cc.o
build	Build APK	2026-07-23T18:35:25.8225060Z   [1620/2057] Building CXX object CMakeFiles/tgcalls.dir/voip/webrtc/video/frame_dumping_encoder.cc.o
build	Build APK	2026-07-23T18:35:25.8225541Z   [1621/2057] Building CXX object CMakeFiles/tgcalls.dir/voip/webrtc/video/alignment_adjuster.cc.o
build	Build APK	2026-07-23T18:35:25.8226096Z   [1622/2057] Building CXX object CMakeFiles/tgcalls.dir/voip/webrtc/video/frame_encode_metadata_writer.cc.o
build	Build APK	2026-07-23T18:35:25.8226576Z   [1623/2057] Building CXX object CMakeFiles/tgcalls.dir/voip/webrtc/video/decode_synchronizer.cc.o
build	Build APK	2026-07-23T18:35:25.8227030Z   [1624/2057] Building CXX object CMakeFiles/tgcalls.dir/voip/webrtc/audio/remix_resample.cc.o
build	Build APK	2026-07-23T18:35:25.8227454Z   [1625/2057] Building CXX object CMakeFiles/tgcalls.dir/voip/webrtc/audio/audio_level.cc.o
build	Build APK	2026-07-23T18:35:25.8227872Z   [1626/2057] Building CXX object CMakeFiles/tgcalls.dir/voip/webrtc/audio/audio_state.cc.o
build	Build APK	2026-07-23T18:35:25.8228536Z   [1627/2057] Building CXX object CMakeFiles/tgcalls.dir/voip/webrtc/audio/channel_receive_frame_transformer_delegate.cc.o
build	Build APK	2026-07-23T18:35:25.8229258Z   [1628/2057] Building CXX object CMakeFiles/tgcalls.dir/voip/webrtc/video/video_stream_decoder2.cc.o
build	Build APK	2026-07-23T18:35:25.8229764Z   [1629/2057] Building CXX object CMakeFiles/tgcalls.dir/voip/webrtc/video/video_send_stream_impl.cc.o
build	Build APK	2026-07-23T18:35:25.8230393Z   [1630/2057] Building CXX object CMakeFiles/tgcalls.dir/voip/webrtc/audio/audio_send_stream.cc.o
build	Build APK	2026-07-23T18:35:25.8230852Z   [1631/2057] Building CXX object CMakeFiles/tgcalls.dir/voip/webrtc/audio/voip/audio_ingress.cc.o
build	Build APK	2026-07-23T18:35:25.8231324Z   [1632/2057] Building CXX object CMakeFiles/tgcalls.dir/voip/webrtc/audio/voip/audio_egress.cc.o
build	Build APK	2026-07-23T18:35:25.8231774Z   [1633/2057] Building CXX object CMakeFiles/tgcalls.dir/voip/webrtc/audio/voip/voip_core.cc.o
build	Build APK	2026-07-23T18:35:25.8232256Z   [1634/2057] Building CXX object CMakeFiles/tgcalls.dir/voip/webrtc/audio/voip/audio_channel.cc.o
build	Build APK	2026-07-23T18:35:25.8232880Z   [1635/2057] Building CXX object CMakeFiles/tgcalls.dir/voip/webrtc/audio/channel_send_frame_transformer_delegate.cc.o
build	Build APK	2026-07-23T18:35:25.8233389Z   [1636/2057] Building CXX object CMakeFiles/tgcalls.dir/voip/webrtc/audio/utility/channel_mixer.cc.o
build	Build APK	2026-07-23T18:35:25.8233885Z   [1637/2057] Building CXX object CMakeFiles/tgcalls.dir/voip/webrtc/audio/audio_transport_impl.cc.o
build	Build APK	2026-07-23T18:35:25.8234731Z   [1638/2057] Building CXX object CMakeFiles/tgcalls.dir/voip/webrtc/audio/audio_receive_stream.cc.o
build	Build APK	2026-07-23T18:35:25.8235200Z   [1639/2057] Building CXX object CMakeFiles/tgcalls.dir/voip/webrtc/audio/channel_receive.cc.o
build	Build APK	2026-07-23T18:35:25.8235777Z   [1640/2057] Building CXX object CMakeFiles/tgcalls.dir/voip/webrtc/audio/utility/audio_frame_operations.cc.o
build	Build APK	2026-07-23T18:35:25.8236338Z   [1641/2057] Building CXX object CMakeFiles/tgcalls.dir/voip/webrtc/audio/utility/channel_mixing_matrix.cc.o
build	Build APK	2026-07-23T18:35:25.8236766Z   [1642/2057] Building CXX object CMakeFiles/tgcalls.dir/voip/webrtc/stats/attribute.cc.o
build	Build APK	2026-07-23T18:35:25.8237239Z   [1643/2057] Building C object CMakeFiles/tgcalls.dir/voip/webrtc/third_party/libevent/log.c.o
build	Build APK	2026-07-23T18:35:25.8237721Z   [1644/2057] Building C object CMakeFiles/tgcalls.dir/voip/webrtc/third_party/libevent/buffer.c.o
build	Build APK	2026-07-23T18:35:25.8238195Z   [1645/2057] Building C object CMakeFiles/tgcalls.dir/voip/webrtc/third_party/libevent/epoll.c.o
build	Build APK	2026-07-23T18:35:25.8238653Z   [1646/2057] Building CXX object CMakeFiles/tgcalls.dir/voip/webrtc/sdk/media_constraints.cc.o
build	Build APK	2026-07-23T18:35:25.8239125Z   [1647/2057] Building CXX object CMakeFiles/tgcalls.dir/voip/webrtc/stats/rtc_stats_report.cc.o
build	Build APK	2026-07-23T18:35:25.8239568Z   [1648/2057] Building CXX object CMakeFiles/tgcalls.dir/voip/webrtc/audio/channel_send.cc.o
build	Build APK	2026-07-23T18:35:25.8240053Z   [1649/2057] Building C object CMakeFiles/tgcalls.dir/voip/webrtc/third_party/libevent/evbuffer.c.o
build	Build APK	2026-07-23T18:35:25.8240523Z   [1650/2057] Building C object CMakeFiles/tgcalls.dir/voip/webrtc/third_party/libevent/event.c.o
build	Build APK	2026-07-23T18:35:25.8241046Z   [1651/2057] Building C object CMakeFiles/tgcalls.dir/voip/webrtc/third_party/libevent/event_tagging.c.o
build	Build APK	2026-07-23T18:35:25.8241526Z   [1652/2057] Building C object CMakeFiles/tgcalls.dir/voip/webrtc/third_party/libevent/evdns.c.o
build	Build APK	2026-07-23T18:35:25.8242010Z   [1653/2057] Building C object CMakeFiles/tgcalls.dir/voip/webrtc/third_party/libevent/evutil.c.o
build	Build APK	2026-07-23T18:35:25.8242486Z   [1654/2057] Building C object CMakeFiles/tgcalls.dir/voip/webrtc/third_party/libevent/evrpc.c.o
build	Build APK	2026-07-23T18:35:25.8242952Z   [1655/2057] Building C object CMakeFiles/tgcalls.dir/voip/webrtc/third_party/libevent/poll.c.o
build	Build APK	2026-07-23T18:35:25.8243413Z   [1656/2057] Building C object CMakeFiles/tgcalls.dir/voip/webrtc/third_party/libevent/http.c.o
build	Build APK	2026-07-23T18:35:25.8243893Z   [1657/2057] Building C object CMakeFiles/tgcalls.dir/voip/webrtc/third_party/libevent/select.c.o
build	Build APK	2026-07-23T18:35:25.8244577Z   [1658/2057] Building C object CMakeFiles/tgcalls.dir/voip/webrtc/third_party/libevent/signal.c.o
build	Build APK	2026-07-23T18:35:25.8245292Z   [1659/2057] Building C object CMakeFiles/tgcalls.dir/voip/webrtc/third_party/libevent/strlcpy.c.o
build	Build APK	2026-07-23T18:35:25.8245724Z   [1660/2057] Building CXX object CMakeFiles/tgcalls.dir/voip/webrtc/stats/rtc_stats.cc.o
build	Build APK	2026-07-23T18:35:25.8246313Z   [1661/2057] Building CXX object CMakeFiles/tgcalls.dir/voip/webrtc/net/dcsctp/public/dcsctp_handover_state.cc.o
build	Build APK	2026-07-23T18:35:25.8247070Z   [1662/2057] Building CXX object CMakeFiles/tgcalls.dir/voip/webrtc/net/dcsctp/public/text_pcap_packet_observer.cc.o
build	Build APK	2026-07-23T18:35:25.8247655Z   [1663/2057] Building CXX object CMakeFiles/tgcalls.dir/voip/webrtc/net/dcsctp/public/dcsctp_socket_factory.cc.o
build	Build APK	2026-07-23T18:35:25.8248215Z   [1664/2057] Building CXX object CMakeFiles/tgcalls.dir/voip/webrtc/net/dcsctp/socket/callback_deferrer.cc.o
build	Build APK	2026-07-23T18:35:25.8248755Z   [1665/2057] Building CXX object CMakeFiles/tgcalls.dir/voip/webrtc/net/dcsctp/socket/heartbeat_handler.cc.o
build	Build APK	2026-07-23T18:35:25.8249371Z   [1666/2057] Building CXX object CMakeFiles/tgcalls.dir/voip/webrtc/net/dcsctp/socket/transmission_control_block.cc.o
build	Build APK	2026-07-23T18:35:25.8249911Z   [1667/2057] Building CXX object CMakeFiles/tgcalls.dir/voip/webrtc/net/dcsctp/socket/packet_sender.cc.o
build	Build APK	2026-07-23T18:35:25.8250512Z   [1668/2057] Building CXX object CMakeFiles/tgcalls.dir/voip/webrtc/net/dcsctp/packet/chunk/cookie_ack_chunk.cc.o
build	Build APK	2026-07-23T18:35:25.8251042Z   [1669/2057] Building CXX object CMakeFiles/tgcalls.dir/voip/webrtc/net/dcsctp/socket/dcsctp_socket.cc.o
build	Build APK	2026-07-23T18:35:25.8251565Z   [1670/2057] Building CXX object CMakeFiles/tgcalls.dir/voip/webrtc/net/dcsctp/socket/state_cookie.cc.o
build	Build APK	2026-07-23T18:35:25.8252035Z   [1671/2057] Building CXX object CMakeFiles/tgcalls.dir/voip/webrtc/stats/rtcstats_objects.cc.o
build	Build APK	2026-07-23T18:35:25.8252512Z   [1672/2057] Building CXX object CMakeFiles/tgcalls.dir/voip/webrtc/net/dcsctp/packet/crc32c.cc.o
build	Build APK	2026-07-23T18:35:25.8253079Z   [1673/2057] Building CXX object CMakeFiles/tgcalls.dir/voip/webrtc/net/dcsctp/socket/stream_reset_handler.cc.o
build	Build APK	2026-07-23T18:35:25.8253611Z   [1674/2057] Building CXX object CMakeFiles/tgcalls.dir/voip/webrtc/net/dcsctp/packet/sctp_packet.cc.o
build	Build APK	2026-07-23T18:35:25.8254349Z   [1675/2057] Building CXX object CMakeFiles/tgcalls.dir/voip/webrtc/net/dcsctp/packet/chunk_validators.cc.o
build	Build APK	2026-07-23T18:35:25.8254890Z   [1676/2057] Building CXX object CMakeFiles/tgcalls.dir/voip/webrtc/net/dcsctp/packet/chunk/chunk.cc.o
build	Build APK	2026-07-23T18:35:25.8255411Z   [1677/2057] Building CXX object CMakeFiles/tgcalls.dir/voip/webrtc/net/dcsctp/packet/tlv_trait.cc.o
build	Build APK	2026-07-23T18:35:25.8255974Z   [1678/2057] Building CXX object CMakeFiles/tgcalls.dir/voip/webrtc/net/dcsctp/packet/chunk/abort_chunk.cc.o
build	Build APK	2026-07-23T18:35:25.8256560Z   [1679/2057] Building CXX object CMakeFiles/tgcalls.dir/voip/webrtc/net/dcsctp/packet/chunk/cookie_echo_chunk.cc.o
build	Build APK	2026-07-23T18:35:25.8257125Z   [1680/2057] Building CXX object CMakeFiles/tgcalls.dir/voip/webrtc/net/dcsctp/packet/chunk/error_chunk.cc.o
build	Build APK	2026-07-23T18:35:25.8257772Z   [1681/2057] Building CXX object CMakeFiles/tgcalls.dir/voip/webrtc/net/dcsctp/packet/chunk/heartbeat_request_chunk.cc.o
build	Build APK	2026-07-23T18:35:25.8258326Z   [1682/2057] Building CXX object CMakeFiles/tgcalls.dir/voip/webrtc/net/dcsctp/packet/chunk/data_chunk.cc.o
build	Build APK	2026-07-23T18:35:25.8258926Z   [1683/2057] Building CXX object CMakeFiles/tgcalls.dir/voip/webrtc/net/dcsctp/packet/chunk/forward_tsn_chunk.cc.o
build	Build APK	2026-07-23T18:35:25.8259538Z   [1684/2057] Building CXX object CMakeFiles/tgcalls.dir/voip/webrtc/net/dcsctp/packet/chunk/iforward_tsn_chunk.cc.o
build	Build APK	2026-07-23T18:35:25.8260145Z   [1685/2057] Building CXX object CMakeFiles/tgcalls.dir/voip/webrtc/net/dcsctp/packet/chunk/heartbeat_ack_chunk.cc.o
build	Build APK	2026-07-23T18:35:25.8260703Z   [1686/2057] Building CXX object CMakeFiles/tgcalls.dir/voip/webrtc/net/dcsctp/packet/chunk/idata_chunk.cc.o
build	Build APK	2026-07-23T18:35:25.8261299Z   [1687/2057] Building CXX object CMakeFiles/tgcalls.dir/voip/webrtc/net/dcsctp/packet/chunk/shutdown_ack_chunk.cc.o
build	Build APK	2026-07-23T18:35:25.8261851Z   [1688/2057] Building CXX object CMakeFiles/tgcalls.dir/voip/webrtc/net/dcsctp/packet/chunk/init_chunk.cc.o
build	Build APK	2026-07-23T18:35:25.8262620Z   [1689/2057] Building CXX object CMakeFiles/tgcalls.dir/voip/webrtc/net/dcsctp/packet/chunk/reconfig_chunk.cc.o
build	Build APK	2026-07-23T18:35:25.8263184Z   [1690/2057] Building CXX object CMakeFiles/tgcalls.dir/voip/webrtc/net/dcsctp/packet/chunk/init_ack_chunk.cc.o
build	Build APK	2026-07-23T18:35:25.8263897Z   [1691/2057] Building CXX object CMakeFiles/tgcalls.dir/voip/webrtc/net/dcsctp/packet/chunk/shutdown_chunk.cc.o
build	Build APK	2026-07-23T18:35:25.8264745Z   [1692/2057] Building CXX object CMakeFiles/tgcalls.dir/voip/webrtc/net/dcsctp/packet/chunk/sack_chunk.cc.o
build	Build APK	2026-07-23T18:35:25.8265386Z   [1693/2057] Building CXX object CMakeFiles/tgcalls.dir/voip/webrtc/net/dcsctp/packet/chunk/shutdown_complete_chunk.cc.o
build	Build APK	2026-07-23T18:35:25.8266158Z   [1694/2057] Building CXX object CMakeFiles/tgcalls.dir/voip/webrtc/net/dcsctp/packet/error_cause/cookie_received_while_shutting_down_cause.cc.o
build	Build APK	2026-07-23T18:35:25.8266734Z   [1695/2057] Building CXX object CMakeFiles/tgcalls.dir/voip/webrtc/net/dcsctp/packet/error_cause/error_cause.cc.o
build	Build APK	2026-07-23T18:35:25.8267448Z   [1696/2057] Building CXX object CMakeFiles/tgcalls.dir/voip/webrtc/net/dcsctp/packet/error_cause/invalid_stream_identifier_cause.cc.o
build	Build APK	2026-07-23T18:35:25.8268073Z   [1697/2057] Building CXX object CMakeFiles/tgcalls.dir/voip/webrtc/net/dcsctp/packet/error_cause/no_user_data_cause.cc.o
build	Build APK	2026-07-23T18:35:25.8268794Z   [1698/2057] Building CXX object CMakeFiles/tgcalls.dir/voip/webrtc/net/dcsctp/packet/error_cause/invalid_mandatory_parameter_cause.cc.o
build	Build APK	2026-07-23T18:35:25.8269449Z   [1699/2057] Building CXX object CMakeFiles/tgcalls.dir/voip/webrtc/net/dcsctp/packet/error_cause/stale_cookie_error_cause.cc.o
build	Build APK	2026-07-23T18:35:25.8270159Z   [1700/2057] Building CXX object CMakeFiles/tgcalls.dir/voip/webrtc/net/dcsctp/packet/error_cause/missing_mandatory_parameter_cause.cc.o
build	Build APK	2026-07-23T18:35:25.8270831Z   [1701/2057] Building CXX object CMakeFiles/tgcalls.dir/voip/webrtc/net/dcsctp/packet/error_cause/out_of_resource_error_cause.cc.o
build	Build APK	2026-07-23T18:35:25.8271487Z   [1702/2057] Building CXX object CMakeFiles/tgcalls.dir/voip/webrtc/net/dcsctp/packet/error_cause/protocol_violation_cause.cc.o
build	Build APK	2026-07-23T18:35:25.8272291Z   [1703/2057] Building CXX object CMakeFiles/tgcalls.dir/voip/webrtc/net/dcsctp/packet/error_cause/restart_of_an_association_with_new_address_cause.cc.o
build	Build APK	2026-07-23T18:35:25.8272992Z   [1704/2057] Building CXX object CMakeFiles/tgcalls.dir/voip/webrtc/net/dcsctp/packet/error_cause/unrecognized_chunk_type_cause.cc.o
build	Build APK	2026-07-23T18:35:25.8273656Z   [1705/2057] Building CXX object CMakeFiles/tgcalls.dir/voip/webrtc/net/dcsctp/packet/error_cause/unresolvable_address_cause.cc.o
build	Build APK	2026-07-23T18:35:25.8274577Z   [1706/2057] Building CXX object CMakeFiles/tgcalls.dir/voip/webrtc/net/dcsctp/packet/parameter/add_incoming_streams_request_parameter.cc.o
build	Build APK	2026-07-23T18:35:25.8275247Z   [1707/2057] Building CXX object CMakeFiles/tgcalls.dir/voip/webrtc/net/dcsctp/packet/error_cause/user_initiated_abort_cause.cc.o
build	Build APK	2026-07-23T18:35:25.8275968Z   [1708/2057] Building CXX object CMakeFiles/tgcalls.dir/voip/webrtc/net/dcsctp/packet/error_cause/unrecognized_parameter_cause.cc.o
build	Build APK	2026-07-23T18:35:25.8276726Z   [1709/2057] Building CXX object CMakeFiles/tgcalls.dir/voip/webrtc/net/dcsctp/packet/parameter/add_outgoing_streams_request_parameter.cc.o
build	Build APK	2026-07-23T18:35:25.8277480Z   [1710/2057] Building CXX object CMakeFiles/tgcalls.dir/voip/webrtc/net/dcsctp/packet/parameter/heartbeat_info_parameter.cc.o
build	Build APK	2026-07-23T18:35:25.8278191Z   [1711/2057] Building CXX object CMakeFiles/tgcalls.dir/voip/webrtc/net/dcsctp/packet/parameter/forward_tsn_supported_parameter.cc.o
build	Build APK	2026-07-23T18:35:25.8278924Z   [1712/2057] Building CXX object CMakeFiles/tgcalls.dir/voip/webrtc/net/dcsctp/packet/parameter/outgoing_ssn_reset_request_parameter.cc.o
build	Build APK	2026-07-23T18:35:25.8279654Z   [1713/2057] Building CXX object CMakeFiles/tgcalls.dir/voip/webrtc/net/dcsctp/packet/parameter/incoming_ssn_reset_request_parameter.cc.o
build	Build APK	2026-07-23T18:35:25.8280220Z   [1714/2057] Building CXX object CMakeFiles/tgcalls.dir/voip/webrtc/net/dcsctp/packet/parameter/parameter.cc.o
build	Build APK	2026-07-23T18:35:25.8281232Z   [1715/2057] Building CXX object CMakeFiles/tgcalls.dir/voip/webrtc/net/dcsctp/packet/parameter/reconfiguration_response_parameter.cc.o
build	Build APK	2026-07-23T18:35:25.8281953Z   [1716/2057] Building CXX object CMakeFiles/tgcalls.dir/voip/webrtc/net/dcsctp/packet/parameter/ssn_tsn_reset_request_parameter.cc.o
build	Build APK	2026-07-23T18:35:25.8282818Z   [1717/2057] Building CXX object CMakeFiles/tgcalls.dir/voip/webrtc/net/dcsctp/packet/parameter/state_cookie_parameter.cc.o
build	Build APK	2026-07-23T18:35:25.8283536Z   [1718/2057] Building CXX object CMakeFiles/tgcalls.dir/voip/webrtc/net/dcsctp/packet/parameter/supported_extensions_parameter.cc.o
build	Build APK	2026-07-23T18:35:25.8284584Z   [1719/2057] Building CXX object CMakeFiles/tgcalls.dir/voip/webrtc/net/dcsctp/packet/parameter/zero_checksum_acceptable_chunk_parameter.cc.o
build	Build APK	2026-07-23T18:35:25.8285029Z   [1720/2057] Building CXX object CMakeFiles/tgcalls.dir/voip/webrtc/net/dcsctp/rx/data_tracker.cc.o
build	Build APK	2026-07-23T18:35:25.8285612Z   [1721/2057] Building CXX object CMakeFiles/tgcalls.dir/voip/webrtc/net/dcsctp/rx/traditional_reassembly_streams.cc.o
build	Build APK	2026-07-23T18:35:25.8286211Z   [1722/2057] Building CXX object CMakeFiles/tgcalls.dir/voip/webrtc/net/dcsctp/tx/retransmission_error_counter.cc.o
build	Build APK	2026-07-23T18:35:25.8286865Z   [1723/2057] Building CXX object CMakeFiles/tgcalls.dir/voip/webrtc/net/dcsctp/rx/interleaved_reassembly_streams.cc.o
build	Build APK	2026-07-23T18:35:25.8287424Z   [1724/2057] Building CXX object CMakeFiles/tgcalls.dir/voip/webrtc/net/dcsctp/tx/outstanding_data.cc.o
build	Build APK	2026-07-23T18:35:25.8287948Z   [1725/2057] Building CXX object CMakeFiles/tgcalls.dir/voip/webrtc/net/dcsctp/timer/timer.cc.o
build	Build APK	2026-07-23T18:35:25.8288547Z   [1726/2057] Building CXX object CMakeFiles/tgcalls.dir/voip/webrtc/net/dcsctp/tx/retransmission_timeout.cc.o
build	Build APK	2026-07-23T18:35:25.8289196Z   [1727/2057] Building C object CMakeFiles/tgcalls.dir/voip/webrtc/common_audio/signal_processing/complex_bit_reverse.c.o
build	Build APK	2026-07-23T18:35:25.8289789Z   [1728/2057] Building CXX object CMakeFiles/tgcalls.dir/voip/webrtc/third_party/crc32c/src/crc32c_portable.cc.o
build	Build APK	2026-07-23T18:35:25.8290331Z   [1729/2057] Building CXX object CMakeFiles/tgcalls.dir/voip/webrtc/net/dcsctp/rx/reassembly_queue.cc.o
build	Build APK	2026-07-23T18:35:25.8290974Z   [1730/2057] Building C object CMakeFiles/tgcalls.dir/voip/webrtc/common_audio/signal_processing/filter_ar_fast_q12.c.o
build	Build APK	2026-07-23T18:35:25.8291707Z   [1731/2057] Building C object CMakeFiles/tgcalls.dir/voip/webrtc/modules/audio_coding/codecs/isac/fix/source/entropy_coding_neon.c.o
build	Build APK	2026-07-23T18:35:25.8292266Z   [1732/2057] Building CXX object CMakeFiles/tgcalls.dir/voip/webrtc/net/dcsctp/tx/retransmission_queue.cc.o
build	Build APK	2026-07-23T18:35:25.8292987Z   [1733/2057] Building C object CMakeFiles/tgcalls.dir/voip/webrtc/modules/audio_coding/codecs/isac/fix/source/filterbanks_neon.c.o
build	Build APK	2026-07-23T18:35:25.8293674Z   [1734/2057] Building C object CMakeFiles/tgcalls.dir/voip/webrtc/modules/audio_coding/codecs/isac/fix/source/filters_neon.c.o
build	Build APK	2026-07-23T18:35:25.8294788Z   [1735/2057] Building C object CMakeFiles/tgcalls.dir/voip/webrtc/modules/audio_coding/codecs/isac/fix/source/lattice_neon.c.o
build	Build APK	2026-07-23T18:35:25.8295322Z   [1736/2057] Building CXX object CMakeFiles/tgcalls.dir/voip/webrtc/third_party/crc32c/src/crc32c.cc.o
build	Build APK	2026-07-23T18:35:25.8296008Z   [1737/2057] Building C object CMakeFiles/tgcalls.dir/voip/webrtc/modules/audio_coding/codecs/isac/fix/source/transform_neon.c.o
build	Build APK	2026-07-23T18:35:25.8296626Z   [1738/2057] Building C object CMakeFiles/tgcalls.dir/voip/webrtc/common_audio/signal_processing/cross_correlation_neon.c.o
build	Build APK	2026-07-23T18:35:25.8297204Z   [1739/2057] Building CXX object CMakeFiles/tgcalls.dir/voip/webrtc/net/dcsctp/timer/task_queue_timeout.cc.o
build	Build APK	2026-07-23T18:35:25.8297887Z   [1740/2057] Building C object CMakeFiles/tgcalls.dir/voip/webrtc/common_audio/signal_processing/downsample_fast_neon.c.o
build	Build APK	2026-07-23T18:35:25.8298601Z   [1741/2057] Building C object CMakeFiles/tgcalls.dir/voip/webrtc/common_audio/signal_processing/min_max_operations_neon.c.o
build	Build APK	2026-07-23T18:35:25.8299423Z   [1742/2057] Building CXX object CMakeFiles/tgcalls.dir/voip/webrtc/net/dcsctp/tx/rr_send_queue.cc.o
build	Build APK	2026-07-23T18:35:25.8300020Z   [1743/2057] Building CXX object CMakeFiles/tgcalls.dir/voip/webrtc/net/dcsctp/tx/stream_scheduler.cc.o
build	Build APK	2026-07-23T18:35:25.8300652Z   [1744/2057] Building CXX object CMakeFiles/tgcalls.dir/voip/webrtc/common_audio/resampler/sinc_resampler_neon.cc.o
build	Build APK	2026-07-23T18:35:25.8301609Z   [1745/2057] Building CXX object CMakeFiles/tgcalls.dir/voip/webrtc/common_audio/third_party/ooura/fft_size_128/ooura_fft_neon.cc.o
build	Build APK	2026-07-23T18:35:25.8302248Z   [1746/2057] Building CXX object CMakeFiles/tgcalls.dir/voip/webrtc/modules/audio_processing/aecm/aecm_core_neon.cc.o
build	Build APK	2026-07-23T18:35:25.8302786Z   [1747/2057] Building CXX object CMakeFiles/tgcalls.dir/voip/webrtc/common_audio/fir_filter_neon.cc.o
build	Build APK	2026-07-23T18:35:25.8303461Z   [1748/2057] Building CXX object CMakeFiles/voipandroid.dir/voip/webrtc/modules/audio_device/android/opensles_player.cc.o
build	Build APK	2026-07-23T18:35:25.8304437Z   [1749/2057] Building CXX object CMakeFiles/voipandroid.dir/voip/webrtc/modules/audio_device/android/opensles_recorder.cc.o
build	Build APK	2026-07-23T18:35:25.8305101Z   [1750/2057] Building CXX object CMakeFiles/voipandroid.dir/voip/webrtc/sdk/android/native_api/video/video_source.cc.o
build	Build APK	2026-07-23T18:35:25.8305730Z   [1751/2057] Building CXX object CMakeFiles/voipandroid.dir/voip/tgcalls/platform/android/AndroidInterface.cpp.o
build	Build APK	2026-07-23T18:35:25.8306303Z   [1752/2057] Building CXX object CMakeFiles/voipandroid.dir/voip/webrtc/sdk/android/native_api/jni/jvm.cc.o
build	Build APK	2026-07-23T18:35:25.8307038Z   [1753/2057] Building CXX object CMakeFiles/voipandroid.dir/voip/webrtc/sdk/android/native_api/audio_device_module/audio_device_android.cc.o
build	Build APK	2026-07-23T18:35:25.8307654Z   [1754/2057] Building CXX object CMakeFiles/voipandroid.dir/voip/tgcalls/platform/android/AndroidContext.cpp.o
build	Build APK	2026-07-23T18:35:25.8308310Z   [1755/2057] Building CXX object CMakeFiles/voipandroid.dir/voip/tgcalls/platform/android/VideoCameraCapturer.cpp.o
build	Build APK	2026-07-23T18:35:25.8308997Z   [1756/2057] Building CXX object CMakeFiles/voipandroid.dir/voip/webrtc/sdk/android/native_api/stacktrace/stacktrace.cc.o
build	Build APK	2026-07-23T18:35:25.8309750Z   [1757/2057] Building CXX object CMakeFiles/voipandroid.dir/voip/webrtc/sdk/android/native_api/jni/application_context_provider.cc.o
build	Build APK	2026-07-23T18:35:25.8310420Z   [1758/2057] Building CXX object CMakeFiles/voipandroid.dir/voip/webrtc/modules/audio_device/android/opensles_common.cc.o
build	Build APK	2026-07-23T18:35:25.8311186Z   [1759/2057] Building CXX object CMakeFiles/voipandroid.dir/voip/webrtc/modules/audio_device/android/audio_merged_screen_record_jni.cc.o
build	Build APK	2026-07-23T18:35:25.8311820Z   [1760/2057] Building CXX object CMakeFiles/voipandroid.dir/voip/webrtc/modules/audio_device/android/build_info.cc.o
build	Build APK	2026-07-23T18:35:25.8312468Z   [1761/2057] Building CXX object CMakeFiles/voipandroid.dir/voip/webrtc/modules/audio_device/android/audio_track_jni.cc.o
build	Build APK	2026-07-23T18:35:25.8313081Z   [1762/2057] Building CXX object CMakeFiles/voipandroid.dir/voip/webrtc/sdk/android/native_api/codecs/wrapper.cc.o
build	Build APK	2026-07-23T18:35:25.8313729Z   [1763/2057] Building CXX object CMakeFiles/voipandroid.dir/voip/webrtc/modules/audio_device/android/audio_manager.cc.o
build	Build APK	2026-07-23T18:35:25.8315036Z   [1764/2057] Building CXX object CMakeFiles/voipandroid.dir/voip/webrtc/sdk/android/native_api/video/wrapper.cc.o
build	Build APK	2026-07-23T18:35:25.8315849Z   [1765/2057] Building CXX object CMakeFiles/voipandroid.dir/voip/webrtc/sdk/android/native_api/peerconnection/peer_connection_factory.cc.o
build	Build APK	2026-07-23T18:35:25.8316511Z   [1766/2057] Building CXX object CMakeFiles/voipandroid.dir/voip/webrtc/modules/audio_device/android/audio_record_jni.cc.o
build	Build APK	2026-07-23T18:35:25.8317221Z   [1767/2057] Building CXX object CMakeFiles/voipandroid.dir/voip/webrtc/modules/audio_device/android/audio_screen_record_jni.cc.o
build	Build APK	2026-07-23T18:35:25.8317940Z   [1768/2057] Building CXX object CMakeFiles/voipandroid.dir/voip/webrtc/sdk/android/native_api/network_monitor/network_monitor.cc.o
build	Build APK	2026-07-23T18:35:25.8318831Z   [1769/2057] Building CXX object CMakeFiles/voipandroid.dir/voip/webrtc/sdk/android/native_api/jni/class_loader.cc.o
build	Build APK	2026-07-23T18:35:25.8319407Z   [1770/2057] Building CXX object CMakeFiles/voipandroid.dir/voip/webrtc/sdk/android/native_api/base/init.cc.o
build	Build APK	2026-07-23T18:35:25.8320107Z   [1771/2057] Building CXX object CMakeFiles/voipandroid.dir/voip/tgcalls/platform/android/VideoCapturerInterfaceImpl.cpp.o
build	Build APK	2026-07-23T18:35:25.8320877Z   [1772/2057] Building CXX object CMakeFiles/voipandroid.dir/voip/webrtc/sdk/android/src/jni/pc/audio.cc.o
build	Build APK	2026-07-23T18:35:25.8321478Z   [1773/2057] Building CXX object CMakeFiles/voipandroid.dir/voip/webrtc/sdk/android/native_api/jni/java_types.cc.o
build	Build APK	2026-07-23T18:35:25.8322091Z   [1774/2057] Building CXX object CMakeFiles/voipandroid.dir/voip/webrtc/sdk/android/src/jni/pc/rtp_receiver.cc.o
build	Build APK	2026-07-23T18:35:25.8322740Z   [1775/2057] Building CXX object CMakeFiles/voipandroid.dir/voip/webrtc/sdk/android/src/jni/pc/session_description.cc.o
build	Build APK	2026-07-23T18:35:25.8323376Z   [1776/2057] Building CXX object CMakeFiles/voipandroid.dir/voip/webrtc/sdk/android/src/jni/pc/rtc_certificate.cc.o
build	Build APK	2026-07-23T18:35:25.8323971Z   [1777/2057] Building CXX object CMakeFiles/voipandroid.dir/voip/webrtc/sdk/android/src/jni/pc/rtp_transceiver.cc.o
build	Build APK	2026-07-23T18:35:25.8324816Z   [1778/2057] Building CXX object CMakeFiles/voipandroid.dir/voip/webrtc/sdk/android/src/jni/pc/data_channel.cc.o
build	Build APK	2026-07-23T18:35:25.8325436Z   [1779/2057] Building CXX object CMakeFiles/voipandroid.dir/voip/webrtc/sdk/android/src/jni/pc/stats_observer.cc.o
build	Build APK	2026-07-23T18:35:25.8326043Z   [1780/2057] Building CXX object CMakeFiles/voipandroid.dir/voip/webrtc/sdk/android/src/jni/pc/ice_candidate.cc.o
build	Build APK	2026-07-23T18:35:25.8326667Z   [1781/2057] Building CXX object CMakeFiles/voipandroid.dir/voip/webrtc/sdk/android/src/jni/pc/rtp_capabilities.cc.o
build	Build APK	2026-07-23T18:35:25.8327245Z   [1782/2057] Building CXX object CMakeFiles/voipandroid.dir/voip/webrtc/sdk/android/src/jni/pc/rtp_sender.cc.o
build	Build APK	2026-07-23T18:35:25.8328000Z   [1783/2057] Building CXX object CMakeFiles/voipandroid.dir/voip/webrtc/sdk/android/src/jni/pc/call_session_file_rotating_log_sink.cc.o
build	Build APK	2026-07-23T18:35:25.8328731Z   [1784/2057] Building CXX object CMakeFiles/voipandroid.dir/voip/webrtc/sdk/android/src/jni/pc/ssl_certificate_verifier_wrapper.cc.o
build	Build APK	2026-07-23T18:35:25.8329364Z   [1785/2057] Building CXX object CMakeFiles/voipandroid.dir/voip/webrtc/sdk/android/src/jni/pc/media_stream_track.cc.o
build	Build APK	2026-07-23T18:35:25.8329943Z   [1786/2057] Building CXX object CMakeFiles/voipandroid.dir/voip/webrtc/sdk/android/src/jni/pc/logging.cc.o
build	Build APK	2026-07-23T18:35:25.8330558Z   [1787/2057] Building CXX object CMakeFiles/voipandroid.dir/voip/webrtc/sdk/android/src/jni/pc/media_constraints.cc.o
build	Build APK	2026-07-23T18:35:25.8331227Z   [1788/2057] Building CXX object CMakeFiles/voipandroid.dir/voip/webrtc/sdk/android/src/jni/video_decoder_factory_wrapper.cc.o
build	Build APK	2026-07-23T18:35:25.8331889Z   [1789/2057] Building CXX object CMakeFiles/voipandroid.dir/voip/webrtc/sdk/android/src/jni/pc/add_ice_candidate_observer.cc.o
build	Build APK	2026-07-23T18:35:25.8332463Z   [1790/2057] Building CXX object CMakeFiles/voipandroid.dir/voip/webrtc/sdk/android/src/jni/pc/media_source.cc.o
build	Build APK	2026-07-23T18:35:25.8333067Z   [1791/2057] Building CXX object CMakeFiles/voipandroid.dir/voip/webrtc/sdk/android/src/jni/pc/peer_connection.cc.o
build	Build APK	2026-07-23T18:35:25.8333590Z   [1792/2057] Building CXX object CMakeFiles/voipandroid.dir/voip/webrtc/sdk/android/src/jni/jvm.cc.o
build	Build APK	2026-07-23T18:35:25.8334567Z   [1793/2057] Building CXX object CMakeFiles/voipandroid.dir/voip/webrtc/sdk/android/src/jni/pc/peer_connection_factory.cc.o
build	Build APK	2026-07-23T18:35:25.8335221Z   [1794/2057] Building CXX object CMakeFiles/voipandroid.dir/voip/webrtc/sdk/android/src/jni/jni_generator_helper.cc.o
build	Build APK	2026-07-23T18:35:25.8335910Z   [1795/2057] Building CXX object CMakeFiles/voipandroid.dir/voip/webrtc/sdk/android/src/jni/pc/owned_factory_and_threads.cc.o
build	Build APK	2026-07-23T18:35:25.8336513Z   [1796/2057] Building CXX object CMakeFiles/voipandroid.dir/voip/webrtc/sdk/android/src/jni/jni_common.cc.o
build	Build APK	2026-07-23T18:35:25.8337346Z   [1797/2057] Building CXX object CMakeFiles/voipandroid.dir/voip/webrtc/sdk/android/src/jni/vp9_codec.cc.o
build	Build APK	2026-07-23T18:35:25.8337931Z   [1798/2057] Building CXX object CMakeFiles/voipandroid.dir/voip/webrtc/sdk/android/src/jni/vp8_codec.cc.o
build	Build APK	2026-07-23T18:35:25.8338524Z   [1799/2057] Building CXX object CMakeFiles/voipandroid.dir/voip/webrtc/sdk/android/src/jni/video_track.cc.o
build	Build APK	2026-07-23T18:35:25.8339300Z   [1800/2057] Building CXX object CMakeFiles/voipandroid.dir/voip/webrtc/sdk/android/src/jni/pc/video.cc.o
build	Build APK	2026-07-23T18:35:25.8339903Z   [1801/2057] Building CXX object CMakeFiles/voipandroid.dir/voip/webrtc/sdk/android/src/jni/pc/dtmf_sender.cc.o
build	Build APK	2026-07-23T18:35:25.8340527Z   [1802/2057] Building CXX object CMakeFiles/voipandroid.dir/voip/webrtc/sdk/android/src/jni/pc/crypto_options.cc.o
build	Build APK	2026-07-23T18:35:25.8341125Z   [1803/2057] Building CXX object CMakeFiles/voipandroid.dir/voip/webrtc/sdk/android/src/jni/pc/sdp_observer.cc.o
build	Build APK	2026-07-23T18:35:25.8341724Z   [1804/2057] Building CXX object CMakeFiles/voipandroid.dir/voip/webrtc/sdk/android/src/jni/pc/audio_track.cc.o
build	Build APK	2026-07-23T18:35:25.8342351Z   [1805/2057] Building CXX object CMakeFiles/voipandroid.dir/voip/webrtc/sdk/android/src/jni/pc/turn_customizer.cc.o
build	Build APK	2026-07-23T18:35:25.8342577Z   [1806/2057] Linking CXX static library libtgcalls.a
build	Build APK	2026-07-23T18:35:25.8343150Z   [1807/2057] Building CXX object CMakeFiles/voipandroid.dir/voip/webrtc/sdk/android/src/jni/pc/media_stream.cc.o
build	Build APK	2026-07-23T18:35:25.8343493Z   [1808/2057] Building CXX object CMakeFiles/voipandroid.dir/voip/webrtc/sdk/android/src/jni/pc/rtp_parameters.cc.o
build	Build APK	2026-07-23T18:35:25.8343839Z   [1809/2057] Building CXX object CMakeFiles/voipandroid.dir/voip/webrtc/sdk/android/src/jni/video_decoder_wrapper.cc.o
build	Build APK	2026-07-23T18:35:25.8344433Z   [1810/2057] Building CXX object CMakeFiles/voipandroid.dir/voip/webrtc/sdk/android/src/jni/h264_utils.cc.o
build	Build APK	2026-07-23T18:35:25.8345047Z   [1811/2057] Building CXX object CMakeFiles/voipandroid.dir/voip/webrtc/sdk/android/src/jni/android_metrics.cc.o
build	Build APK	2026-07-23T18:35:25.8345664Z   [1812/2057] Building CXX object CMakeFiles/voipandroid.dir/voip/webrtc/sdk/android/src/jni/egl_base_10_impl.cc.o
build	Build APK	2026-07-23T18:35:25.8346230Z   [1813/2057] Building CXX object CMakeFiles/voipandroid.dir/voip/webrtc/sdk/android/src/jni/yuv_helper.cc.o
build	Build APK	2026-07-23T18:35:25.8346998Z   [1814/2057] Building CXX object CMakeFiles/voipandroid.dir/voip/webrtc/sdk/android/src/jni/video_encoder_factory_wrapper.cc.o
build	Build APK	2026-07-23T18:35:25.8347766Z   [1815/2057] Building CXX object CMakeFiles/voipandroid.dir/voip/webrtc/sdk/android/src/jni/pc/rtc_stats_collector_callback_wrapper.cc.o
build	Build APK	2026-07-23T18:35:25.8348434Z   [1816/2057] Building CXX object CMakeFiles/voipandroid.dir/voip/webrtc/sdk/android/src/jni/scoped_java_ref_counted.cc.o
build	Build APK	2026-07-23T18:35:25.8349129Z   [1817/2057] Building CXX object CMakeFiles/voipandroid.dir/voip/webrtc/sdk/android/src/jni/software_video_decoder_factory.cc.o
build	Build APK	2026-07-23T18:35:25.8349721Z   [1818/2057] Building CXX object CMakeFiles/voipandroid.dir/voip/webrtc/sdk/android/src/jni/encoded_image.cc.o
build	Build APK	2026-07-23T18:35:25.8350285Z   [1819/2057] Building CXX object CMakeFiles/voipandroid.dir/voip/webrtc/sdk/android/src/jni/video_sink.cc.o
build	Build APK	2026-07-23T18:35:25.8350906Z   [1820/2057] Building CXX object CMakeFiles/voipandroid.dir/voip/webrtc/sdk/android/src/jni/android_network_monitor.cc.o
build	Build APK	2026-07-23T18:35:25.8351523Z   [1821/2057] Building CXX object CMakeFiles/voipandroid.dir/voip/webrtc/sdk/android/src/jni/video_encoder_fallback.cc.o
build	Build APK	2026-07-23T18:35:25.8352127Z   [1822/2057] Building CXX object CMakeFiles/voipandroid.dir/voip/webrtc/sdk/android/src/jni/video_codec_status.cc.o
build	Build APK	2026-07-23T18:35:25.8352757Z   [1823/2057] Building CXX object CMakeFiles/voipandroid.dir/voip/webrtc/sdk/android/src/jni/native_capturer_observer.cc.o
build	Build APK	2026-07-23T18:35:25.8353397Z   [1824/2057] Building CXX object CMakeFiles/voipandroid.dir/voip/webrtc/sdk/android/src/jni/wrapped_native_i420_buffer.cc.o
build	Build APK	2026-07-23T18:35:25.8354073Z   [1825/2057] Building CXX object CMakeFiles/voipandroid.dir/voip/webrtc/sdk/android/src/jni/audio_device/audio_device_module.cc.o
build	Build APK	2026-07-23T18:35:25.8355246Z   [1826/2057] Building CXX object CMakeFiles/voipandroid.dir/voip/webrtc/sdk/android/src/jni/builtin_audio_encoder_factory_factory.cc.o
build	Build APK	2026-07-23T18:35:25.8355937Z   [1827/2057] Building CXX object CMakeFiles/voipandroid.dir/voip/webrtc/sdk/android/src/jni/audio_device/opensles_common.cc.o
build	Build APK	2026-07-23T18:35:25.8356813Z   [1828/2057] Building CXX object CMakeFiles/voipandroid.dir/voip/webrtc/sdk/android/src/jni/audio_device/audio_record_jni.cc.o
build	Build APK	2026-07-23T18:35:25.8357546Z   [1829/2057] Building CXX object CMakeFiles/voipandroid.dir/voip/webrtc/sdk/android/src/jni/audio_device/java_audio_device_module.cc.o
build	Build APK	2026-07-23T18:35:25.8358246Z   [1830/2057] Building CXX object CMakeFiles/voipandroid.dir/voip/webrtc/sdk/android/src/jni/audio_device/audio_track_jni.cc.o
build	Build APK	2026-07-23T18:35:25.8358941Z   [1831/2057] Building CXX object CMakeFiles/voipandroid.dir/voip/webrtc/sdk/android/src/jni/audio_device/opensles_player.cc.o
build	Build APK	2026-07-23T18:35:25.8359554Z   [1832/2057] Building CXX object CMakeFiles/voipandroid.dir/voip/webrtc/sdk/android/src/jni/video_decoder_fallback.cc.o
build	Build APK	2026-07-23T18:35:25.8360222Z   [1833/2057] Building CXX object CMakeFiles/voipandroid.dir/voip/webrtc/sdk/android/src/jni/audio_device/opensles_recorder.cc.o
build	Build APK	2026-07-23T18:35:25.8360849Z   [1834/2057] Building CXX object CMakeFiles/voipandroid.dir/voip/webrtc/sdk/android/src/jni/android_video_track_source.cc.o
build	Build APK	2026-07-23T18:35:25.8361565Z   [1835/2057] Building CXX object CMakeFiles/voipandroid.dir/voip/webrtc/sdk/android/src/jni/builtin_audio_decoder_factory_factory.cc.o
build	Build APK	2026-07-23T18:35:25.8362261Z   [1836/2057] Building CXX object CMakeFiles/voipandroid.dir/voip/webrtc/sdk/android/src/jni/software_video_encoder_factory.cc.o
build	Build APK	2026-07-23T18:35:25.8362879Z   [1837/2057] Building CXX object CMakeFiles/voipandroid.dir/voip/webrtc/sdk/android/src/jni/android_histogram.cc.o
build	Build APK	2026-07-23T18:35:25.8363462Z   [1838/2057] Building CXX object CMakeFiles/voipandroid.dir/voip/webrtc/sdk/android/src/jni/video_frame.cc.o
build	Build APK	2026-07-23T18:35:25.8364071Z   [1839/2057] Building CXX object CMakeFiles/voipandroid.dir/voip/webrtc/sdk/android/src/jni/jni_helpers.cc.o
build	Build APK	2026-07-23T18:35:25.8365045Z   [1840/2057] Building CXX object CMakeFiles/voipandroid.dir/voip/webrtc/sdk/android/src/jni/nv21_buffer.cc.o
build	Build APK	2026-07-23T18:35:25.8365441Z   [1841/2057] Building C object CMakeFiles/tmessages.49.dir/webm_encoder.c.o
build	Build APK	2026-07-23T18:35:25.8366061Z   [1842/2057] Building CXX object CMakeFiles/voipandroid.dir/voip/webrtc/sdk/android/src/jni/video_codec_info.cc.o
build	Build APK	2026-07-23T18:35:25.8366671Z   [1843/2057] Building CXX object CMakeFiles/voipandroid.dir/voip/webrtc/sdk/android/src/jni/java_i420_buffer.cc.o
build	Build APK	2026-07-23T18:35:25.8366989Z   [1844/2057] Building C object CMakeFiles/tmessages.49.dir/video.c.o
build	Build APK	2026-07-23T18:35:25.8367592Z   [1845/2057] Building CXX object CMakeFiles/voipandroid.dir/voip/webrtc/sdk/android/src/jni/logging/log_sink.cc.o
build	Build APK	2026-07-23T18:35:25.8367919Z   [1846/2057] Building C object CMakeFiles/tmessages.49.dir/jni.c.o
build	Build APK	2026-07-23T18:35:25.8368243Z   [1847/2057] Building C object CMakeFiles/tmessages.49.dir/audio.c.o
build	Build APK	2026-07-23T18:35:25.8368851Z   [1848/2057] Building CXX object CMakeFiles/voipandroid.dir/voip/webrtc/sdk/android/src/jni/timestamp_aligner.cc.o
build	Build APK	2026-07-23T18:35:25.8369437Z   [1849/2057] Building CXX object CMakeFiles/voipandroid.dir/voip/webrtc/sdk/android/src/jni/nv12_buffer.cc.o
build	Build APK	2026-07-23T18:35:25.8369848Z   [1850/2057] Building C object CMakeFiles/tmessages.49.dir/intro/IntroRenderer.c.o
build	Build APK	2026-07-23T18:35:25.8370234Z   [1851/2057] Building CXX object CMakeFiles/tmessages.49.dir/SqliteWrapper.cpp.o
build	Build APK	2026-07-23T18:35:25.8370664Z   [1852/2057] Building CXX object CMakeFiles/tmessages.49.dir/exoplayer/flac_parser.cc.o
build	Build APK	2026-07-23T18:35:25.8371314Z   [1853/2057] Building CXX object CMakeFiles/voipandroid.dir/voip/webrtc/sdk/android/src/jni/video_encoder_wrapper.cc.o
build	Build APK	2026-07-23T18:35:25.8371682Z   [1854/2057] Building CXX object CMakeFiles/tmessages.49.dir/utilities.cpp.o
build	Build APK	2026-07-23T18:35:25.8372386Z   [1855/2057] Building CXX object CMakeFiles/tmessages.49.dir/NativeLoader.cpp.o
build	Build APK	2026-07-23T18:35:25.8372745Z   [1856/2057] Building CXX object CMakeFiles/tmessages.49.dir/image.cpp.o
build	Build APK	2026-07-23T18:35:25.8373241Z   In file included from /home/runner/work/Yasuagram/Yasuagram/TMessagesProj/jni/image.cpp:16:
build	Build APK	2026-07-23T18:35:25.8374014Z   In file included from /home/runner/work/Yasuagram/Yasuagram/TMessagesProj/jni/./tgnet/FileLog.h:12:
build	Build APK	2026-07-23T18:35:25.8375445Z   /home/runner/work/Yasuagram/Yasuagram/TMessagesProj/jni/./tgnet/Defines.h:142:16: warning: 'ConnectiosManagerDelegate' has virtual functions but non-virtual destructor [-Wnon-virtual-dtor]
build	Build APK	2026-07-23T18:35:25.8375739Z     142 | typedef struct ConnectiosManagerDelegate {
build	Build APK	2026-07-23T18:35:25.8375912Z         |                ^
build	Build APK	2026-07-23T18:35:25.8376966Z   /home/runner/work/Yasuagram/Yasuagram/TMessagesProj/jni/./tgnet/Defines.h:161:16: warning: 'HandshakeDelegate' has virtual functions but non-virtual destructor [-Wnon-virtual-dtor]
build	Build APK	2026-07-23T18:35:25.8377283Z     161 | typedef struct HandshakeDelegate {
build	Build APK	2026-07-23T18:35:25.8377432Z         |                ^
build	Build APK	2026-07-23T18:35:25.8378330Z   /home/runner/work/Yasuagram/Yasuagram/TMessagesProj/jni/image.cpp:697:15: warning: variable length arrays in C++ are a Clang extension [-Wvla-cxx-extension]
build	Build APK	2026-07-23T18:35:25.8378522Z     697 |     int stack[div * 4];
build	Build APK	2026-07-23T18:35:25.8378662Z         |               ^~~~~~~
build	Build APK	2026-07-23T18:35:25.8379352Z   /home/runner/work/Yasuagram/Yasuagram/TMessagesProj/jni/image.cpp:697:15: note: initializer of 'div' is not a constant expression
build	Build APK	2026-07-23T18:35:25.8379862Z   /home/runner/work/Yasuagram/Yasuagram/TMessagesProj/jni/image.cpp:692:15: note: declared here
build	Build APK	2026-07-23T18:35:25.8380070Z     692 |     const int div = radius + radius + 1;
build	Build APK	2026-07-23T18:35:25.8380222Z         |               ^
build	Build APK	2026-07-23T18:35:25.8381120Z   /home/runner/work/Yasuagram/Yasuagram/TMessagesProj/jni/image.cpp:700:14: warning: variable length arrays in C++ are a Clang extension [-Wvla-cxx-extension]
build	Build APK	2026-07-23T18:35:25.8381318Z     700 |     int vmin[MAX(w, h)];
build	Build APK	2026-07-23T18:35:25.8381478Z         |              ^~~~~~~~~
build	Build APK	2026-07-23T18:35:25.8382060Z   /home/runner/work/Yasuagram/Yasuagram/TMessagesProj/jni/c_utils.h:21:19: note: expanded from macro 'MAX'
build	Build APK	2026-07-23T18:35:25.8382271Z      21 | #define MAX(x, y) ((x) > (y)) ? (x) : (y)
build	Build APK	2026-07-23T18:35:25.8382448Z         |                   ^~~~~~~~~~~~~~~~~~~~~~~
build	Build APK	2026-07-23T18:35:25.8383271Z   /home/runner/work/Yasuagram/Yasuagram/TMessagesProj/jni/image.cpp:700:14: note: read of non-const variable 'w' is not allowed in a constant expression
build	Build APK	2026-07-23T18:35:25.8383836Z   /home/runner/work/Yasuagram/Yasuagram/TMessagesProj/jni/c_utils.h:21:20: note: expanded from macro 'MAX'
build	Build APK	2026-07-23T18:35:25.8384058Z      21 | #define MAX(x, y) ((x) > (y)) ? (x) : (y)
build	Build APK	2026-07-23T18:35:25.8384475Z         |                    ^
build	Build APK	2026-07-23T18:35:25.8384981Z   /home/runner/work/Yasuagram/Yasuagram/TMessagesProj/jni/image.cpp:678:9: note: declared here
build	Build APK	2026-07-23T18:35:25.8385159Z     678 |     int w = info.width;
build	Build APK	2026-07-23T18:35:25.8385300Z         |         ^
build	Build APK	2026-07-23T18:35:25.8386056Z   /home/runner/work/Yasuagram/Yasuagram/TMessagesProj/jni/image.cpp:730:9: warning: variable 'yw' set but not used [-Wunused-but-set-variable]
build	Build APK	2026-07-23T18:35:25.8386221Z     730 |     int yw = 0, yi = 0;
build	Build APK	2026-07-23T18:35:25.8386358Z         |         ^
build	Build APK	2026-07-23T18:35:25.8387187Z   /home/runner/work/Yasuagram/Yasuagram/TMessagesProj/jni/image.cpp:924:95: warning: adding 'int' to a string does not append to the string [-Wstring-plus-int]
build	Build APK	2026-07-23T18:35:25.8387733Z     924 |         env->ThrowNew(jclass_RuntimeException, "AndroidBitmap_getInfo failed with a reason: " + reason);
build	Build APK	2026-07-23T18:35:25.8388031Z         |                                                ~~~~~~~~~~~~~~~~~~~~~~~~~~~~~~~~~~~~~~~~~~~~~~~^~~~~~~~
build	Build APK	2026-07-23T18:35:25.8388671Z   /home/runner/work/Yasuagram/Yasuagram/TMessagesProj/jni/image.cpp:924:95: note: use array indexing to silence this warning
build	Build APK	2026-07-23T18:35:25.8389421Z     924 |         env->ThrowNew(jclass_RuntimeException, "AndroidBitmap_getInfo failed with a reason: " + reason);
build	Build APK	2026-07-23T18:35:25.8389692Z         |                                                                                               ^       
build	Build APK	2026-07-23T18:35:25.8390122Z         |                                                &                                              [       ]
build	Build APK	2026-07-23T18:35:25.8390987Z   /home/runner/work/Yasuagram/Yasuagram/TMessagesProj/jni/image.cpp:934:98: warning: adding 'int' to a string does not append to the string [-Wstring-plus-int]
build	Build APK	2026-07-23T18:35:25.8391553Z     934 |         env->ThrowNew(jclass_RuntimeException, "AndroidBitmap_lockPixels failed with a reason: " + reason);
build	Build APK	2026-07-23T18:35:25.8391851Z         |                                                ~~~~~~~~~~~~~~~~~~~~~~~~~~~~~~~~~~~~~~~~~~~~~~~~~~^~~~~~~~
build	Build APK	2026-07-23T18:35:25.8392487Z   /home/runner/work/Yasuagram/Yasuagram/TMessagesProj/jni/image.cpp:934:98: note: use array indexing to silence this warning
build	Build APK	2026-07-23T18:35:25.8393031Z     934 |         env->ThrowNew(jclass_RuntimeException, "AndroidBitmap_lockPixels failed with a reason: " + reason);
build	Build APK	2026-07-23T18:35:25.8393306Z         |                                                                                                  ^       
build	Build APK	2026-07-23T18:35:25.8393626Z         |                                                &                                                 [       ]
build	Build APK	2026-07-23T18:35:25.8394841Z   /home/runner/work/Yasuagram/Yasuagram/TMessagesProj/jni/image.cpp:1016:100: warning: adding 'int' to a string does not append to the string [-Wstring-plus-int]
build	Build APK	2026-07-23T18:35:25.8395474Z    1016 |         env->ThrowNew(jclass_RuntimeException, "AndroidBitmap_unlockPixels failed with a reason: " + reason);
build	Build APK	2026-07-23T18:35:25.8395806Z         |                                                ~~~~~~~~~~~~~~~~~~~~~~~~~~~~~~~~~~~~~~~~~~~~~~~~~~~~^~~~~~~~
build	Build APK	2026-07-23T18:35:25.8396527Z   /home/runner/work/Yasuagram/Yasuagram/TMessagesProj/jni/image.cpp:1016:100: note: use array indexing to silence this warning
build	Build APK	2026-07-23T18:35:25.8397175Z    1016 |         env->ThrowNew(jclass_RuntimeException, "AndroidBitmap_unlockPixels failed with a reason: " + reason);
build	Build APK	2026-07-23T18:35:25.8397497Z         |                                                                                                    ^       
build	Build APK	2026-07-23T18:35:25.8397816Z         |                                                &                                                   [       ]
build	Build APK	2026-07-23T18:35:25.8399025Z   /home/runner/work/Yasuagram/Yasuagram/TMessagesProj/jni/image.cpp:971:49: warning: implicit conversion from 'int' to 'float' changes value from 2147483647 to 2147483648 [-Wimplicit-const-int-float-conversion]
build	Build APK	2026-07-23T18:35:25.8399311Z     971 |             noise = (rand() - rand()) / 255.F / RAND_MAX;
build	Build APK	2026-07-23T18:35:25.8399524Z         |                                               ~ ^~~~~~~~
build	Build APK	2026-07-23T18:35:25.8400429Z   /usr/local/lib/android/sdk/ndk/27.2.12479018/toolchains/llvm/prebuilt/linux-x86_64/sysroot/usr/include/stdlib.h:132:18: note: expanded from macro 'RAND_MAX'
build	Build APK	2026-07-23T18:35:25.8400623Z     132 | #define RAND_MAX 0x7fffffff
build	Build APK	2026-07-23T18:35:25.8400790Z         |                  ^~~~~~~~~~
build	Build APK	2026-07-23T18:35:25.8402333Z   /home/runner/work/Yasuagram/Yasuagram/TMessagesProj/jni/image.cpp:1125:38: warning: 'gatherPositions' has C-linkage specified, but returns incomplete type 'std::vector<std::pair<float, float>>' which could be incompatible with C [-Wreturn-type-c-linkage]
build	Build APK	2026-07-23T18:35:25.8402962Z    1125 | std::vector<std::pair<float, float>> gatherPositions(std::vector<std::pair<float, float>> list, int phase) {
build	Build APK	2026-07-23T18:35:25.8403156Z         |                                      ^
build	Build APK	2026-07-23T18:35:25.8403331Z   10 warnings generated.
build	Build APK	2026-07-23T18:35:25.8403794Z   [1857/2057] Building C object CMakeFiles/tmessages.49.dir/opus/celt/arm/celt_neon_intr.c.o
build	Build APK	2026-07-23T18:35:25.8404760Z   [1858/2057] Building CXX object CMakeFiles/tmessages.49.dir/exoplayer/opus_jni.cc.o
build	Build APK	2026-07-23T18:35:25.8405216Z   [1859/2057] Building CXX object CMakeFiles/tmessages.49.dir/exoplayer/ffmpeg_jni.cc.o
build	Build APK	2026-07-23T18:35:25.8406122Z   /home/runner/work/Yasuagram/Yasuagram/TMessagesProj/jni/exoplayer/ffmpeg_jni.cc:22:9: warning: '__STDC_CONSTANT_MACROS' macro redefined [-Wmacro-redefined]
build	Build APK	2026-07-23T18:35:25.8406578Z      22 | #define __STDC_CONSTANT_MACROS
build	Build APK	2026-07-23T18:35:25.8406734Z         |         ^
build	Build APK	2026-07-23T18:35:25.8407005Z   <command line>:63:9: note: previous definition is here
build	Build APK	2026-07-23T18:35:25.8407203Z      63 | #define __STDC_CONSTANT_MACROS 1
build	Build APK	2026-07-23T18:35:25.8407351Z         |         ^
build	Build APK	2026-07-23T18:35:25.8408254Z   /home/runner/work/Yasuagram/Yasuagram/TMessagesProj/jni/exoplayer/ffmpeg_jni.cc:151:3: warning: 'av_init_packet' is deprecated [-Wdeprecated-declarations]
build	Build APK	2026-07-23T18:35:25.8408461Z     151 |   av_init_packet(&packet);
build	Build APK	2026-07-23T18:35:25.8408613Z         |   ^
build	Build APK	2026-07-23T18:35:25.8409595Z   /home/runner/work/Yasuagram/Yasuagram/TMessagesProj/jni/ffmpeg/include/libavcodec/packet.h:487:1: note: 'av_init_packet' has been explicitly marked deprecated here
build	Build APK	2026-07-23T18:35:25.8409796Z     487 | attribute_deprecated
build	Build APK	2026-07-23T18:35:25.8409948Z         | ^
build	Build APK	2026-07-23T18:35:25.8410871Z   /home/runner/work/Yasuagram/Yasuagram/TMessagesProj/jni/ffmpeg/include/libavutil/attributes.h:100:49: note: expanded from macro 'attribute_deprecated'
build	Build APK	2026-07-23T18:35:25.8411226Z     100 | #    define attribute_deprecated __attribute__((deprecated))
build	Build APK	2026-07-23T18:35:25.8411434Z         |                                                 ^
build	Build APK	2026-07-23T18:35:25.8412295Z   /home/runner/work/Yasuagram/Yasuagram/TMessagesProj/jni/exoplayer/ffmpeg_jni.cc:341:9: warning: unused variable 'inSampleSize' [-Wunused-variable]
build	Build APK	2026-07-23T18:35:25.8412645Z     341 |     int inSampleSize = av_get_bytes_per_sample(sampleFormat);
build	Build APK	2026-07-23T18:35:25.8412811Z         |         ^~~~~~~~~~~~
build	Build APK	2026-07-23T18:35:25.8413917Z   3 warnings generated.
build	Build APK	2026-07-23T18:35:25.8414595Z   [1860/2057] Building CXX object CMakeFiles/tmessages.49.dir/exoplayer/flac_jni.cc.o
build	Build APK	2026-07-23T18:35:25.8414967Z   [1861/2057] Building C object CMakeFiles/tmessages.49.dir/genann.c.o
build	Build APK	2026-07-23T18:35:25.8415348Z   [1862/2057] Building CXX object CMakeFiles/tmessages.49.dir/fast-edge.cpp.o
build	Build APK	2026-07-23T18:35:25.8415962Z   [1863/2057] Building CXX object CMakeFiles/voipandroid.dir/voip/org_telegram_messenger_voip_Instance.cpp.o
build	Build APK	2026-07-23T18:35:25.8416435Z   FAILED: CMakeFiles/voipandroid.dir/voip/org_telegram_messenger_voip_Instance.cpp.o 
build	Build APK	2026-07-23T18:35:25.8435859Z   /usr/local/lib/android/sdk/ndk/27.2.12479018/toolchains/llvm/prebuilt/linux-x86_64/bin/clang++ --target=aarch64-none-linux-android21 --sysroot=/usr/local/lib/android/sdk/ndk/27.2.12479018/toolchains/llvm/prebuilt/linux-x86_64/sysroot -DABSL_ALLOCATOR_NOTHROW=1 -DBWE_TEST_LOGGING_COMPILE_TIME_ENABLE=0 -DHAVE_NETINET_IN_H -DHAVE_PTHREAD -DHAVE_WEBRTC_VIDEO -DNDEBUG -DRTC_DISABLE_TRACE_EVENTS -DRTC_ENABLE_H265 -DRTC_ENABLE_VP9 -DWEBRTC_ANDROID -DWEBRTC_APM_DEBUG_DUMP=0 -DWEBRTC_ARCH_ARM64 -DWEBRTC_HAS_NEON -DWEBRTC_HAVE_DCSCTP -DWEBRTC_HAVE_SCTP -DWEBRTC_HAVE_USRSCTP -DWEBRTC_INCLUDE_INTERNAL_AUDIO_DEVICE -DWEBRTC_LINUX -DWEBRTC_NS_FLOAT -DWEBRTC_OPUS_SUPPORT_120MS_PTIME=1 -DWEBRTC_OPUS_VARIABLE_COMPLEXITY=0 -DWEBRTC_POSIX -DWEBRTC_USE_BUILTIN_ISAC_FLOAT -DWEBRTC_USE_H264 -I/home/runner/work/Yasuagram/Yasuagram/TMessagesProj/jni/. -I/home/runner/work/Yasuagram/Yasuagram/TMessagesProj/jni/voip -I/home/runner/work/Yasuagram/Yasuagram/TMessagesProj/jni/rlottie/src/lottie -I/home/runner/work/Yasuagram/Yasuagram/TMessagesProj/jni/boringssl/include -I/home/runner/work/Yasuagram/Yasuagram/TMessagesProj/jni/voip/tgcalls -I/home/runner/work/Yasuagram/Yasuagram/TMessagesProj/jni/voip/webrtc -I/home/runner/work/Yasuagram/Yasuagram/TMessagesProj/jni/opus/include -I/home/runner/work/Yasuagram/Yasuagram/TMessagesProj/jni/opus/silk -I/home/runner/work/Yasuagram/Yasuagram/TMessagesProj/jni/opus/silk/fixed -I/home/runner/work/Yasuagram/Yasuagram/TMessagesProj/jni/opus/celt -I/home/runner/work/Yasuagram/Yasuagram/TMessagesProj/jni/opus -I/home/runner/work/Yasuagram/Yasuagram/TMessagesProj/jni/opus/opusfile -I/home/runner/work/Yasuagram/Yasuagram/TMessagesProj/jni/third_party/libyuv/include -I/home/runner/work/Yasuagram/Yasuagram/TMessagesProj/jni/third_party/libsrtp/include -I/home/runner/work/Yasuagram/Yasuagram/TMessagesProj/jni/third_party/libsrtp/config -I/home/runner/work/Yasuagram/Yasuagram/TMessagesProj/jni/third_party/libsrtp/crypto/include -I/home/runner/work/Yasuagram/Yasuagram/TMessagesProj/jni/third_party/usrsctplib -I/home/runner/work/Yasuagram/Yasuagram/TMessagesProj/jni/third_party -I/home/runner/work/Yasuagram/Yasuagram/TMessagesProj/jni/voip/libtgvoip -I/home/runner/work/Yasuagram/Yasuagram/TMessagesProj/jni/tde2e/include -I/usr/local/lib/android/sdk/ndk/27.2.12479018/sources/android/cpufeatures -std=c++17 -DANDROID -g -fno-limit-debug-info  -fPIC -Wall -finline-functions -ffast-math -fexceptions -MD -MT CMakeFiles/voipandroid.dir/voip/org_telegram_messenger_voip_Instance.cpp.o -MF CMakeFiles/voipandroid.dir/voip/org_telegram_messenger_voip_Instance.cpp.o.d -o CMakeFiles/voipandroid.dir/voip/org_telegram_messenger_voip_Instance.cpp.o -c /home/runner/work/Yasuagram/Yasuagram/TMessagesProj/jni/voip/org_telegram_messenger_voip_Instance.cpp
build	Build APK	2026-07-23T18:35:25.8437133Z   In file included from /home/runner/work/Yasuagram/Yasuagram/TMessagesProj/jni/voip/org_telegram_messenger_voip_Instance.cpp:21:
build	Build APK	2026-07-23T18:35:25.8438425Z   /home/runner/work/Yasuagram/Yasuagram/TMessagesProj/jni/voip/tgcalls/InstanceImpl.h:43:21: warning: 'getLatencyStats' overrides a member function but is not marked 'override' [-Winconsistent-missing-override]
build	Build APK	2026-07-23T18:35:25.8438684Z      43 |         std::string getLatencyStats();
build	Build APK	2026-07-23T18:35:25.8438853Z         |                     ^
build	Build APK	2026-07-23T18:35:25.8439576Z   /home/runner/work/Yasuagram/Yasuagram/TMessagesProj/jni/voip/tgcalls/Instance.h:207:23: note: overridden virtual function is here
build	Build APK	2026-07-23T18:35:25.8439923Z     207 |   virtual std::string getLatencyStats() { return getDebugInfo(); }
build	Build APK	2026-07-23T18:35:25.8440077Z         |                       ^
build	Build APK	2026-07-23T18:35:25.8441202Z   /home/runner/work/Yasuagram/Yasuagram/TMessagesProj/jni/voip/org_telegram_messenger_voip_Instance.cpp:321:88: warning: adding 'jint' (aka 'int') to a string does not append to the string [-Wstring-plus-int]
build	Build APK	2026-07-23T18:35:25.8441833Z     321 |             throwNewJavaIllegalArgumentException(env, "Unknown data saving constant: " + dataSaving);
build	Build APK	2026-07-23T18:35:25.8442132Z         |                                                       ~~~~~~~~~~~~~~~~~~~~~~~~~~~~~~~~~^~~~~~~~~~~~
build	Build APK	2026-07-23T18:35:25.8443046Z   /home/runner/work/Yasuagram/Yasuagram/TMessagesProj/jni/voip/org_telegram_messenger_voip_Instance.cpp:321:88: note: use array indexing to silence this warning
build	Build APK	2026-07-23T18:35:25.8443616Z     321 |             throwNewJavaIllegalArgumentException(env, "Unknown data saving constant: " + dataSaving);
build	Build APK	2026-07-23T18:35:25.8443904Z         |                                                                                        ^           
build	Build APK	2026-07-23T18:35:25.8444419Z         |                                                       &                                [           ]
build	Build APK	2026-07-23T18:35:25.8445539Z   /home/runner/work/Yasuagram/Yasuagram/TMessagesProj/jni/voip/org_telegram_messenger_voip_Instance.cpp:467:34: warning: variable length arrays in C++ are a Clang extension [-Wvla-cxx-extension]
build	Build APK	2026-07-23T18:35:25.8445763Z     467 |                     jint intFill[size];
build	Build APK	2026-07-23T18:35:25.8445933Z         |                                  ^~~~
build	Build APK	2026-07-23T18:35:25.8447004Z   /home/runner/work/Yasuagram/Yasuagram/TMessagesProj/jni/voip/org_telegram_messenger_voip_Instance.cpp:467:34: note: read of non-const variable 'size' is not allowed in a constant expression
build	Build APK	2026-07-23T18:35:25.8447771Z   /home/runner/work/Yasuagram/Yasuagram/TMessagesProj/jni/voip/org_telegram_messenger_voip_Instance.cpp:462:34: note: declared here
build	Build APK	2026-07-23T18:35:25.8448287Z     462 |                     unsigned int size = update.updates.size();
build	Build APK	2026-07-23T18:35:25.8448462Z         |                                  ^
build	Build APK	2026-07-23T18:35:25.8449567Z   /home/runner/work/Yasuagram/Yasuagram/TMessagesProj/jni/voip/org_telegram_messenger_voip_Instance.cpp:468:38: warning: variable length arrays in C++ are a Clang extension [-Wvla-cxx-extension]
build	Build APK	2026-07-23T18:35:25.8449993Z     468 |                     jfloat floatFill[size];
build	Build APK	2026-07-23T18:35:25.8450179Z         |                                      ^~~~
build	Build APK	2026-07-23T18:35:25.8451260Z   /home/runner/work/Yasuagram/Yasuagram/TMessagesProj/jni/voip/org_telegram_messenger_voip_Instance.cpp:468:38: note: read of non-const variable 'size' is not allowed in a constant expression
build	Build APK	2026-07-23T18:35:25.8451994Z   /home/runner/work/Yasuagram/Yasuagram/TMessagesProj/jni/voip/org_telegram_messenger_voip_Instance.cpp:462:34: note: declared here
build	Build APK	2026-07-23T18:35:25.8452263Z     462 |                     unsigned int size = update.updates.size();
build	Build APK	2026-07-23T18:35:25.8452426Z         |                                  ^
build	Build APK	2026-07-23T18:35:25.8453523Z   /home/runner/work/Yasuagram/Yasuagram/TMessagesProj/jni/voip/org_telegram_messenger_voip_Instance.cpp:469:39: warning: variable length arrays in C++ are a Clang extension [-Wvla-cxx-extension]
build	Build APK	2026-07-23T18:35:25.8453744Z     469 |                     jboolean boolFill[size];
build	Build APK	2026-07-23T18:35:25.8453914Z         |                                       ^~~~
build	Build APK	2026-07-23T18:35:25.8455235Z   /home/runner/work/Yasuagram/Yasuagram/TMessagesProj/jni/voip/org_telegram_messenger_voip_Instance.cpp:469:39: note: read of non-const variable 'size' is not allowed in a constant expression
build	Build APK	2026-07-23T18:35:25.8455982Z   /home/runner/work/Yasuagram/Yasuagram/TMessagesProj/jni/voip/org_telegram_messenger_voip_Instance.cpp:462:34: note: declared here
build	Build APK	2026-07-23T18:35:25.8456250Z     462 |                     unsigned int size = update.updates.size();
build	Build APK	2026-07-23T18:35:25.8456409Z         |                                  ^
build	Build APK	2026-07-23T18:35:25.8457494Z   /home/runner/work/Yasuagram/Yasuagram/TMessagesProj/jni/voip/org_telegram_messenger_voip_Instance.cpp:519:30: warning: variable length arrays in C++ are a Clang extension [-Wvla-cxx-extension]
build	Build APK	2026-07-23T18:35:25.8457684Z     519 |                 jint intFill[size];
build	Build APK	2026-07-23T18:35:25.8457841Z         |                              ^~~~
build	Build APK	2026-07-23T18:35:25.8458914Z   /home/runner/work/Yasuagram/Yasuagram/TMessagesProj/jni/voip/org_telegram_messenger_voip_Instance.cpp:519:30: note: read of non-const variable 'size' is not allowed in a constant expression
build	Build APK	2026-07-23T18:35:25.8459646Z   /home/runner/work/Yasuagram/Yasuagram/TMessagesProj/jni/voip/org_telegram_messenger_voip_Instance.cpp:516:30: note: declared here
build	Build APK	2026-07-23T18:35:25.8459869Z     516 |                 unsigned int size = ssrcs.size();
build	Build APK	2026-07-23T18:35:25.8460023Z         |                              ^
build	Build APK	2026-07-23T18:35:25.8460939Z   /home/runner/work/Yasuagram/Yasuagram/TMessagesProj/jni/voip/org_telegram_messenger_voip_Instance.cpp:982:21: error: use of undeclared identifier 'getNativeInstance'
build	Build APK	2026-07-23T18:35:25.8461175Z     982 |     auto instance = getNativeInstance(obj);
build	Build APK	2026-07-23T18:35:25.8461326Z         |                     ^
build	Build APK	2026-07-23T18:35:25.8462483Z   /home/runner/work/Yasuagram/Yasuagram/TMessagesProj/jni/voip/org_telegram_messenger_voip_Instance.cpp:1293:39: warning: format specifies type 'int' but the argument has type 'jlong' (aka 'long') [-Wformat]
build	Build APK	2026-07-23T18:35:25.8462741Z    1293 |     DEBUG_D("setConferenceCallId %d", call_id);
build	Build APK	2026-07-23T18:35:25.8462915Z         |                                  ~~   ^~~~~~~
build	Build APK	2026-07-23T18:35:25.8463083Z         |                                  %ld
build	Build APK	2026-07-23T18:35:25.8463798Z   In file included from /home/runner/work/Yasuagram/Yasuagram/TMessagesProj/jni/voip/org_telegram_messenger_voip_Instance.cpp:20:
build	Build APK	2026-07-23T18:35:25.8464703Z   In file included from /home/runner/work/Yasuagram/Yasuagram/TMessagesProj/jni/voip/tgcalls/legacy/InstanceImplLegacy.h:6:
build	Build APK	2026-07-23T18:35:25.8465563Z   In file included from /home/runner/work/Yasuagram/Yasuagram/TMessagesProj/jni/voip/libtgvoip/VoIPController.h:24:
build	Build APK	2026-07-23T18:35:25.8466202Z   In file included from /home/runner/work/Yasuagram/Yasuagram/TMessagesProj/jni/voip/libtgvoip/video/VideoSource.h:12:
build	Build APK	2026-07-23T18:35:25.8467001Z   In file included from /home/runner/work/Yasuagram/Yasuagram/TMessagesProj/jni/voip/libtgvoip/video/../Buffers.h:19:
build	Build APK	2026-07-23T18:35:25.8468003Z   /home/runner/work/Yasuagram/Yasuagram/TMessagesProj/jni/voip/libtgvoip/video/../threading.h:110:8: warning: private field 'maxPriority' is not used [-Wunused-private-field]
build	Build APK	2026-07-23T18:35:25.8468209Z     110 |                 bool maxPriority=false;
build	Build APK	2026-07-23T18:35:25.8468356Z         |                      ^
build	Build APK	2026-07-23T18:35:25.8468536Z   8 warnings and 1 error generated.
build	Build APK	2026-07-23T18:35:25.8468884Z   [1864/2057] Building CXX object CMakeFiles/tmessages.49.dir/lottie.cpp.o
build	Build APK	2026-07-23T18:35:25.8469373Z   In file included from /home/runner/work/Yasuagram/Yasuagram/TMessagesProj/jni/lottie.cpp:12:
build	Build APK	2026-07-23T18:35:25.8469890Z   In file included from /home/runner/work/Yasuagram/Yasuagram/TMessagesProj/jni/tgnet/FileLog.h:12:
build	Build APK	2026-07-23T18:35:25.8471029Z   /home/runner/work/Yasuagram/Yasuagram/TMessagesProj/jni/tgnet/Defines.h:142:16: warning: 'ConnectiosManagerDelegate' has virtual functions but non-virtual destructor [-Wnon-virtual-dtor]
build	Build APK	2026-07-23T18:35:25.8471289Z     142 | typedef struct ConnectiosManagerDelegate {
build	Build APK	2026-07-23T18:35:25.8471440Z         |                ^
build	Build APK	2026-07-23T18:35:25.8472480Z   /home/runner/work/Yasuagram/Yasuagram/TMessagesProj/jni/tgnet/Defines.h:161:16: warning: 'HandshakeDelegate' has virtual functions but non-virtual destructor [-Wnon-virtual-dtor]
build	Build APK	2026-07-23T18:35:25.8472687Z     161 | typedef struct HandshakeDelegate {
build	Build APK	2026-07-23T18:35:25.8472830Z         |                ^
build	Build APK	2026-07-23T18:35:25.8473581Z   /home/runner/work/Yasuagram/Yasuagram/TMessagesProj/jni/lottie.cpp:19:1: warning: typedef requires a name [-Wmissing-declarations]
build	Build APK	2026-07-23T18:35:25.8473776Z      19 | typedef struct LottieInfo {
build	Build APK	2026-07-23T18:35:25.8473913Z         | ^~~~~~~
build	Build APK	2026-07-23T18:35:25.8474077Z   3 warnings generated.
build	Build APK	2026-07-23T18:35:25.8474676Z   [1865/2057] Building CXX object CMakeFiles/tmessages.49.dir/gifvideo.cpp.o
build	Build APK	2026-07-23T18:35:25.8475184Z   In file included from /home/runner/work/Yasuagram/Yasuagram/TMessagesProj/jni/gifvideo.cpp:11:
build	Build APK	2026-07-23T18:35:25.8475712Z   In file included from /home/runner/work/Yasuagram/Yasuagram/TMessagesProj/jni/./tgnet/FileLog.h:12:
build	Build APK	2026-07-23T18:35:25.8476821Z   /home/runner/work/Yasuagram/Yasuagram/TMessagesProj/jni/./tgnet/Defines.h:142:16: warning: 'ConnectiosManagerDelegate' has virtual functions but non-virtual destructor [-Wnon-virtual-dtor]
build	Build APK	2026-07-23T18:35:25.8477057Z     142 | typedef struct ConnectiosManagerDelegate {
build	Build APK	2026-07-23T18:35:25.8477271Z         |                ^
build	Build APK	2026-07-23T18:35:25.8478289Z   /home/runner/work/Yasuagram/Yasuagram/TMessagesProj/jni/./tgnet/Defines.h:161:16: warning: 'HandshakeDelegate' has virtual functions but non-virtual destructor [-Wnon-virtual-dtor]
build	Build APK	2026-07-23T18:35:25.8478497Z     161 | typedef struct HandshakeDelegate {
build	Build APK	2026-07-23T18:35:25.8478647Z         |                ^
build	Build APK	2026-07-23T18:35:25.8479391Z   /home/runner/work/Yasuagram/Yasuagram/TMessagesProj/jni/gifvideo.cpp:48:1: warning: typedef requires a name [-Wmissing-declarations]
build	Build APK	2026-07-23T18:35:25.8479567Z      48 | typedef struct VideoInfo {
build	Build APK	2026-07-23T18:35:25.8479705Z         | ^~~~~~~
build	Build APK	2026-07-23T18:35:25.8480643Z   /home/runner/work/Yasuagram/Yasuagram/TMessagesProj/jni/gifvideo.cpp:143:10: warning: format string is not a string literal (potentially insecure) [-Wformat-security]
build	Build APK	2026-07-23T18:35:25.8480816Z     143 |     LOGE(line);
build	Build APK	2026-07-23T18:35:25.8480948Z         |          ^~~~
build	Build APK	2026-07-23T18:35:25.8481527Z   /home/runner/work/Yasuagram/Yasuagram/TMessagesProj/jni/c_utils.h:11:67: note: expanded from macro 'LOGE'
build	Build APK	2026-07-23T18:35:25.8482111Z      11 | #define LOGE(...) __android_log_print(ANDROID_LOG_ERROR, LOG_TAG, __VA_ARGS__)
build	Build APK	2026-07-23T18:35:25.8482341Z         |                                                                   ^~~~~~~~~~~
build	Build APK	2026-07-23T18:35:25.8483045Z   /home/runner/work/Yasuagram/Yasuagram/TMessagesProj/jni/gifvideo.cpp:143:10: note: treat the string as an argument to avoid this
build	Build APK	2026-07-23T18:35:25.8483363Z     143 |     LOGE(line);
build	Build APK	2026-07-23T18:35:25.8483496Z         |          ^
build	Build APK	2026-07-23T18:35:25.8483639Z         |          "%s", 
build	Build APK	2026-07-23T18:35:25.8484442Z   /home/runner/work/Yasuagram/Yasuagram/TMessagesProj/jni/c_utils.h:11:67: note: expanded from macro 'LOGE'
build	Build APK	2026-07-23T18:35:25.8484839Z      11 | #define LOGE(...) __android_log_print(ANDROID_LOG_ERROR, LOG_TAG, __VA_ARGS__)
build	Build APK	2026-07-23T18:35:25.8485065Z         |                                                                   ^
build	Build APK	2026-07-23T18:35:25.8486087Z   /home/runner/work/Yasuagram/Yasuagram/TMessagesProj/jni/gifvideo.cpp:152:37: warning: format specifies type 'int' but the argument has type 'const enum AVPixelFormat *' [-Wformat]
build	Build APK	2026-07-23T18:35:25.8486301Z     152 |         LOGE("available format %d", p);
build	Build APK	2026-07-23T18:35:25.8486471Z         |                                ~~   ^
build	Build APK	2026-07-23T18:35:25.8487063Z   /home/runner/work/Yasuagram/Yasuagram/TMessagesProj/jni/c_utils.h:11:67: note: expanded from macro 'LOGE'
build	Build APK	2026-07-23T18:35:25.8487444Z      11 | #define LOGE(...) __android_log_print(ANDROID_LOG_ERROR, LOG_TAG, __VA_ARGS__)
build	Build APK	2026-07-23T18:35:25.8487674Z         |                                                                   ^~~~~~~~~~~
build	Build APK	2026-07-23T18:35:25.8488650Z   /home/runner/work/Yasuagram/Yasuagram/TMessagesProj/jni/gifvideo.cpp:390:86: warning: format specifies type 'long long' but the argument has type 'jlong' (aka 'long') [-Wformat]
build	Build APK	2026-07-23T18:35:25.8489178Z     390 |             LOGE("can't open source file at offset %s (offset=%lld), %s", info->src, fileOffset, av_err2str(ret));
build	Build APK	2026-07-23T18:35:25.8489455Z         |                                                               ~~~~                   ^~~~~~~~~~
build	Build APK	2026-07-23T18:35:25.8489680Z         |                                                               %ld
build	Build APK	2026-07-23T18:35:25.8490257Z   /home/runner/work/Yasuagram/Yasuagram/TMessagesProj/jni/c_utils.h:11:67: note: expanded from macro 'LOGE'
build	Build APK	2026-07-23T18:35:25.8490631Z      11 | #define LOGE(...) __android_log_print(ANDROID_LOG_ERROR, LOG_TAG, __VA_ARGS__)
build	Build APK	2026-07-23T18:35:25.8490861Z         |                                                                   ^~~~~~~~~~~
build	Build APK	2026-07-23T18:35:25.8491672Z   /home/runner/work/Yasuagram/Yasuagram/TMessagesProj/jni/gifvideo.cpp:566:5: warning: 'av_init_packet' is deprecated [-Wdeprecated-declarations]
build	Build APK	2026-07-23T18:35:25.8491852Z     566 |     av_init_packet(&info->pkt);
build	Build APK	2026-07-23T18:35:25.8491989Z         |     ^
build	Build APK	2026-07-23T18:35:25.8492913Z   /home/runner/work/Yasuagram/Yasuagram/TMessagesProj/jni/ffmpeg/include/libavcodec/packet.h:487:1: note: 'av_init_packet' has been explicitly marked deprecated here
build	Build APK	2026-07-23T18:35:25.8493083Z     487 | attribute_deprecated
build	Build APK	2026-07-23T18:35:25.8493220Z         | ^
build	Build APK	2026-07-23T18:35:25.8494297Z   /home/runner/work/Yasuagram/Yasuagram/TMessagesProj/jni/ffmpeg/include/libavutil/attributes.h:100:49: note: expanded from macro 'attribute_deprecated'
build	Build APK	2026-07-23T18:35:25.8494754Z     100 | #    define attribute_deprecated __attribute__((deprecated))
build	Build APK	2026-07-23T18:35:25.8494966Z         |                                                 ^
build	Build APK	2026-07-23T18:35:25.8495743Z   /home/runner/work/Yasuagram/Yasuagram/TMessagesProj/jni/gifvideo.cpp:601:43: warning: 'codec' is deprecated [-Wdeprecated-declarations]
build	Build APK	2026-07-23T18:35:25.8496018Z     601 |                 int ticks = video_stream->codec->ticks_per_frame;
build	Build APK	2026-07-23T18:35:25.8496201Z         |                                           ^
build	Build APK	2026-07-23T18:35:25.8497134Z   /home/runner/work/Yasuagram/Yasuagram/TMessagesProj/jni/ffmpeg/include/libavformat/avformat.h:887:5: note: 'codec' has been explicitly marked deprecated here
build	Build APK	2026-07-23T18:35:25.8497606Z     887 |     attribute_deprecated
build	Build APK	2026-07-23T18:35:25.8497744Z         |     ^
build	Build APK	2026-07-23T18:35:25.8498627Z   /home/runner/work/Yasuagram/Yasuagram/TMessagesProj/jni/ffmpeg/include/libavutil/attributes.h:100:49: note: expanded from macro 'attribute_deprecated'
build	Build APK	2026-07-23T18:35:25.8498930Z     100 | #    define attribute_deprecated __attribute__((deprecated))
build	Build APK	2026-07-23T18:35:25.8499272Z         |                                                 ^
build	Build APK	2026-07-23T18:35:25.8500271Z   /home/runner/work/Yasuagram/Yasuagram/TMessagesProj/jni/gifvideo.cpp:616:13: warning: comparison between NULL and non-pointer ('jlong' (aka 'long') and NULL) [-Wnull-arithmetic]
build	Build APK	2026-07-23T18:35:25.8500439Z     616 |     if (ptr == NULL) {
build	Build APK	2026-07-23T18:35:25.8500581Z         |         ~~~ ^  ~~~~
build	Build APK	2026-07-23T18:35:25.8501588Z   /home/runner/work/Yasuagram/Yasuagram/TMessagesProj/jni/gifvideo.cpp:641:13: warning: comparison between NULL and non-pointer ('jlong' (aka 'long') and NULL) [-Wnull-arithmetic]
build	Build APK	2026-07-23T18:35:25.8501759Z     641 |     if (ptr == NULL) {
build	Build APK	2026-07-23T18:35:25.8501900Z         |         ~~~ ^  ~~~~
build	Build APK	2026-07-23T18:35:25.8502900Z   /home/runner/work/Yasuagram/Yasuagram/TMessagesProj/jni/gifvideo.cpp:649:13: warning: comparison between NULL and non-pointer ('jlong' (aka 'long') and NULL) [-Wnull-arithmetic]
build	Build APK	2026-07-23T18:35:25.8503072Z     649 |     if (ptr == NULL) {
build	Build APK	2026-07-23T18:35:25.8503215Z         |         ~~~ ^  ~~~~
build	Build APK	2026-07-23T18:35:25.8504426Z   /home/runner/work/Yasuagram/Yasuagram/TMessagesProj/jni/gifvideo.cpp:663:13: warning: comparison between NULL and non-pointer ('jlong' (aka 'long') and NULL) [-Wnull-arithmetic]
build	Build APK	2026-07-23T18:35:25.8504617Z     663 |     if (ptr == NULL) {
build	Build APK	2026-07-23T18:35:25.8504765Z         |         ~~~ ^  ~~~~
build	Build APK	2026-07-23T18:35:25.8505260Z   In file included from /home/runner/work/Yasuagram/Yasuagram/TMessagesProj/jni/gifvideo.cpp:19:
build	Build APK	2026-07-23T18:35:25.8505932Z   In file included from /home/runner/work/Yasuagram/Yasuagram/TMessagesProj/jni/ffmpeg/include/libavformat/avformat.h:312:
build	Build APK	2026-07-23T18:35:25.8506587Z   In file included from /home/runner/work/Yasuagram/Yasuagram/TMessagesProj/jni/ffmpeg/include/libavcodec/avcodec.h:44:
build	Build APK	2026-07-23T18:35:25.8507217Z   In file included from /home/runner/work/Yasuagram/Yasuagram/TMessagesProj/jni/ffmpeg/include/libavcodec/bsf.h:30:
build	Build APK	2026-07-23T18:35:25.8508251Z   /home/runner/work/Yasuagram/Yasuagram/TMessagesProj/jni/ffmpeg/include/libavcodec/packet.h:346:16: warning: 'convergence_duration' is deprecated [-Wdeprecated-declarations]
build	Build APK	2026-07-23T18:35:25.8508432Z     346 | typedef struct AVPacket {
build	Build APK	2026-07-23T18:35:25.8508576Z         |                ^
build	Build APK	2026-07-23T18:35:25.8509438Z   /home/runner/work/Yasuagram/Yasuagram/TMessagesProj/jni/gifvideo.cpp:685:36: note: in implicit copy assignment operator for 'AVPacket' first required here
build	Build APK	2026-07-23T18:35:25.8509675Z     685 |                     info->orig_pkt = info->pkt;
build	Build APK	2026-07-23T18:35:25.8509843Z         |                                    ^
build	Build APK	2026-07-23T18:35:25.8510850Z   /home/runner/work/Yasuagram/Yasuagram/TMessagesProj/jni/ffmpeg/include/libavcodec/packet.h:397:5: note: 'convergence_duration' has been explicitly marked deprecated here
build	Build APK	2026-07-23T18:35:25.8511032Z     397 |     attribute_deprecated
build	Build APK	2026-07-23T18:35:25.8511169Z         |     ^
build	Build APK	2026-07-23T18:35:25.8512044Z   /home/runner/work/Yasuagram/Yasuagram/TMessagesProj/jni/ffmpeg/include/libavutil/attributes.h:100:49: note: expanded from macro 'attribute_deprecated'
build	Build APK	2026-07-23T18:35:25.8512366Z     100 | #    define attribute_deprecated __attribute__((deprecated))
build	Build APK	2026-07-23T18:35:25.8512555Z         |                                                 ^
build	Build APK	2026-07-23T18:35:25.8513066Z   In file included from /home/runner/work/Yasuagram/Yasuagram/TMessagesProj/jni/gifvideo.cpp:19:
build	Build APK	2026-07-23T18:35:25.8513769Z   In file included from /home/runner/work/Yasuagram/Yasuagram/TMessagesProj/jni/ffmpeg/include/libavformat/avformat.h:312:
build	Build APK	2026-07-23T18:35:25.8514668Z   In file included from /home/runner/work/Yasuagram/Yasuagram/TMessagesProj/jni/ffmpeg/include/libavcodec/avcodec.h:44:
build	Build APK	2026-07-23T18:35:25.8515552Z   In file included from /home/runner/work/Yasuagram/Yasuagram/TMessagesProj/jni/ffmpeg/include/libavcodec/bsf.h:30:
build	Build APK	2026-07-23T18:35:25.8516545Z   /home/runner/work/Yasuagram/Yasuagram/TMessagesProj/jni/ffmpeg/include/libavcodec/packet.h:346:16: warning: 'convergence_duration' is deprecated [-Wdeprecated-declarations]
build	Build APK	2026-07-23T18:35:25.8516901Z     346 | typedef struct AVPacket {
build	Build APK	2026-07-23T18:35:25.8517043Z         |                ^
build	Build APK	2026-07-23T18:35:25.8518497Z   /home/runner/work/Yasuagram/Yasuagram/TMessagesProj/jni/ffmpeg/include/libavcodec/packet.h:397:5: note: 'convergence_duration' has been explicitly marked deprecated here
build	Build APK	2026-07-23T18:35:25.8518677Z     397 |     attribute_deprecated
build	Build APK	2026-07-23T18:35:25.8518810Z         |     ^
build	Build APK	2026-07-23T18:35:25.8519639Z   /home/runner/work/Yasuagram/Yasuagram/TMessagesProj/jni/ffmpeg/include/libavutil/attributes.h:100:49: note: expanded from macro 'attribute_deprecated'
build	Build APK	2026-07-23T18:35:25.8519951Z     100 | #    define attribute_deprecated __attribute__((deprecated))
build	Build APK	2026-07-23T18:35:25.8520124Z         |                                                 ^
build	Build APK	2026-07-23T18:35:25.8521434Z   /home/runner/work/Yasuagram/Yasuagram/TMessagesProj/jni/gifvideo.cpp:913:13: warning: comparison between NULL and non-pointer ('jlong' (aka 'long') and NULL) [-Wnull-arithmetic]
build	Build APK	2026-07-23T18:35:25.8521734Z     913 |     if (ptr == NULL || bitmap == nullptr || data == nullptr) {
build	Build APK	2026-07-23T18:35:25.8521881Z         |         ~~~ ^  ~~~~
build	Build APK	2026-07-23T18:35:25.8522889Z   /home/runner/work/Yasuagram/Yasuagram/TMessagesProj/jni/gifvideo.cpp:1013:13: warning: comparison between NULL and non-pointer ('jlong' (aka 'long') and NULL) [-Wnull-arithmetic]
build	Build APK	2026-07-23T18:35:25.8523062Z    1013 |     if (ptr == NULL) {
build	Build APK	2026-07-23T18:35:25.8523206Z         |         ~~~ ^  ~~~~
build	Build APK	2026-07-23T18:35:25.8523705Z   In file included from /home/runner/work/Yasuagram/Yasuagram/TMessagesProj/jni/gifvideo.cpp:22:
build	Build APK	2026-07-23T18:35:25.8525157Z   /home/runner/work/Yasuagram/Yasuagram/TMessagesProj/jni/ffmpeg/include/libavcodec/get_bits.h:70:28: warning: function 'show_bits' has internal linkage but is not defined [-Wundefined-internal]
build	Build APK	2026-07-23T18:35:25.8525501Z      70 | static inline unsigned int show_bits(GetBitContext *s, int n);
build	Build APK	2026-07-23T18:35:25.8525660Z         |                            ^
build	Build APK	2026-07-23T18:35:25.8526328Z   /home/runner/work/Yasuagram/Yasuagram/TMessagesProj/jni/ffmpeg/include/libavcodec/get_bits.h:666:16: note: used here
build	Build APK	2026-07-23T18:35:25.8526508Z     666 |         return show_bits(s, n);
build	Build APK	2026-07-23T18:35:25.8526653Z         |                ^
build	Build APK	2026-07-23T18:35:25.8527414Z   /home/runner/work/Yasuagram/Yasuagram/TMessagesProj/jni/gifvideo.cpp:146:27: warning: unused function 'get_format' [-Wunused-function]
build	Build APK	2026-07-23T18:35:25.8527742Z     146 | static enum AVPixelFormat get_format(AVCodecContext *ctx,
build	Build APK	2026-07-23T18:35:25.8527904Z         |                           ^~~~~~~~~~
build	Build APK	2026-07-23T18:35:25.8528070Z   18 warnings generated.
build	Build APK	2026-07-23T18:35:25.8528452Z   [1866/2057] Building CXX object CMakeFiles/tmessages.49.dir/TgNetWrapper.cpp.o
build	Build APK	2026-07-23T18:35:25.8529616Z   In file included from /home/runner/work/Yasuagram/Yasuagram/TMessagesProj/jni/TgNetWrapper.cpp:2:
build	Build APK	2026-07-23T18:35:25.8530146Z   In file included from /home/runner/work/Yasuagram/Yasuagram/TMessagesProj/jni/tgnet/ApiScheme.h:14:
build	Build APK	2026-07-23T18:35:25.8530660Z   In file included from /home/runner/work/Yasuagram/Yasuagram/TMessagesProj/jni/tgnet/TLObject.h:13:
build	Build APK	2026-07-23T18:35:25.8531731Z   /home/runner/work/Yasuagram/Yasuagram/TMessagesProj/jni/tgnet/Defines.h:142:16: warning: 'ConnectiosManagerDelegate' has virtual functions but non-virtual destructor [-Wnon-virtual-dtor]
build	Build APK	2026-07-23T18:35:25.8531980Z     142 | typedef struct ConnectiosManagerDelegate {
build	Build APK	2026-07-23T18:35:25.8532133Z         |                ^
build	Build APK	2026-07-23T18:35:25.8533152Z   /home/runner/work/Yasuagram/Yasuagram/TMessagesProj/jni/tgnet/Defines.h:161:16: warning: 'HandshakeDelegate' has virtual functions but non-virtual destructor [-Wnon-virtual-dtor]
build	Build APK	2026-07-23T18:35:25.8533578Z     161 | typedef struct HandshakeDelegate {
build	Build APK	2026-07-23T18:35:25.8533726Z         |                ^
build	Build APK	2026-07-23T18:35:25.8534895Z   /home/runner/work/Yasuagram/Yasuagram/TMessagesProj/jni/TgNetWrapper.cpp:334:7: warning: 'Delegate' has virtual functions but non-virtual destructor [-Wnon-virtual-dtor]
build	Build APK	2026-07-23T18:35:25.8535362Z     334 | class Delegate : public ConnectiosManagerDelegate {
build	Build APK	2026-07-23T18:35:25.8535518Z         |       ^
build	Build APK	2026-07-23T18:35:25.8535685Z   3 warnings generated.
build	Build APK	2026-07-23T18:35:25.8536076Z   [1867/2057] Building CXX object CMakeFiles/tmessages.49.dir/secureid_ocr.cpp.o
build	Build APK	2026-07-23T18:35:25.8536449Z   [1868/2057] Building CXX object CMakeFiles/tmessages.49.dir/tde2e/bridge.cpp.o
build	Build APK	2026-07-23T18:35:25.8536651Z   ninja: build stopped: subcommand failed.
build	Build APK	2026-07-23T18:35:25.8536783Z   
build	Build APK	2026-07-23T18:35:25.8537005Z   C++ build system [build] failed while executing:
build	Build APK	2026-07-23T18:35:25.8537262Z       /usr/local/lib/android/sdk/cmake/3.22.1/bin/ninja \
build	Build APK	2026-07-23T18:35:25.8537406Z         -C \
build	Build APK	2026-07-23T18:35:25.8537846Z         /home/runner/work/Yasuagram/Yasuagram/TMessagesProj/.cxx/Debug/59344w51/arm64-v8a \
build	Build APK	2026-07-23T18:35:25.8537995Z         tmessages.49
build	Build APK	2026-07-23T18:35:25.8538258Z     from /home/runner/work/Yasuagram/Yasuagram/TMessagesProj
build	Build APK	2026-07-23T18:35:25.8538276Z 
build	Build APK	2026-07-23T18:35:25.8538408Z * Try:
build	Build APK	2026-07-23T18:35:25.8538653Z > Run with --stacktrace option to get the stack trace.
build	Build APK	2026-07-23T18:35:25.8538915Z > Run with --info or --debug option to get more log output.
build	Build APK	2026-07-23T18:35:25.8539097Z > Run with --scan to get full insights.
build	Build APK	2026-07-23T18:35:25.8539313Z > Get more help at https://help.gradle.org.
build	Build APK	2026-07-23T18:35:25.8539322Z 
build	Build APK	2026-07-23T18:35:25.8539473Z BUILD FAILED in 10m 32s
build	Build APK	2026-07-23T18:35:25.8539488Z 
build	Build APK	2026-07-23T18:35:25.8539953Z Deprecated Gradle features were used in this build, making it incompatible with Gradle 9.0.
build	Build APK	2026-07-23T18:35:25.8539969Z 
build	Build APK	2026-07-23T18:35:25.8540699Z You can use '--warning-mode all' to show the individual deprecation warnings and determine if they come from your own scripts or plugins.
build	Build APK	2026-07-23T18:35:25.8540710Z 
build	Build APK	2026-07-23T18:35:25.8541550Z For more on this, please refer to https://docs.gradle.org/8.7/userguide/command_line_interface.html#sec:command_line_warnings in the Gradle documentation.
build	Build APK	2026-07-23T18:35:25.8541759Z 8 actionable tasks: 7 executed, 1 from cache
build	Build APK	2026-07-23T18:35:26.2427279Z ##[error]Process completed with exit code 1.
build	Post Run actions/setup-java@v4	﻿2026-07-23T18:35:26.2588054Z Node 20 is being deprecated. This workflow is running with Node 24 by default. If you need to temporarily use Node 20, you can set the ACTIONS_ALLOW_USE_UNSECURE_NODE_VERSION=true environment variable. For more information see: https://github.blog/changelog/2025-09-19-deprecation-of-node-20-on-github-actions-runners/
build	Post Run actions/setup-java@v4	2026-07-23T18:35:26.2589342Z Post job cleanup.
build	Post Run actions/setup-java@v4	2026-07-23T18:35:26.4541470Z (node:6450) [DEP0040] DeprecationWarning: The `punycode` module is deprecated. Please use a userland alternative instead.
build	Post Run actions/setup-java@v4	2026-07-23T18:35:26.4542412Z (Use `node --trace-deprecation ...` to show where the warning was created)
build	Post Run actions/checkout@v4	﻿2026-07-23T18:35:26.4894704Z Node 20 is being deprecated. This workflow is running with Node 24 by default. If you need to temporarily use Node 20, you can set the ACTIONS_ALLOW_USE_UNSECURE_NODE_VERSION=true environment variable. For more information see: https://github.blog/changelog/2025-09-19-deprecation-of-node-20-on-github-actions-runners/
build	Post Run actions/checkout@v4	2026-07-23T18:35:26.4896897Z Post job cleanup.
build	Post Run actions/checkout@v4	2026-07-23T18:35:26.5970667Z [command]/usr/bin/git version
build	Post Run actions/checkout@v4	2026-07-23T18:35:26.6017663Z git version 2.54.0
build	Post Run actions/checkout@v4	2026-07-23T18:35:26.6059995Z Temporarily overriding HOME='/home/runner/work/_temp/fb60c280-9d92-4bb2-8068-4290f77e1b49' before making global git config changes
build	Post Run actions/checkout@v4	2026-07-23T18:35:26.6061397Z Adding repository directory to the temporary git global config as a safe directory
build	Post Run actions/checkout@v4	2026-07-23T18:35:26.6066269Z [command]/usr/bin/git config --global --add safe.directory /home/runner/work/Yasuagram/Yasuagram
build	Post Run actions/checkout@v4	2026-07-23T18:35:26.6107677Z [command]/usr/bin/git config --local --name-only --get-regexp core\.sshCommand
build	Post Run actions/checkout@v4	2026-07-23T18:35:26.6143905Z [command]/usr/bin/git submodule foreach --recursive sh -c "git config --local --name-only --get-regexp 'core\.sshCommand' && git config --local --unset-all 'core.sshCommand' || :"
build	Post Run actions/checkout@v4	2026-07-23T18:35:26.6529091Z [command]/usr/bin/git config --local --name-only --get-regexp http\.https\:\/\/github\.com\/\.extraheader
build	Post Run actions/checkout@v4	2026-07-23T18:35:26.6563954Z http.https://github.com/.extraheader
build	Post Run actions/checkout@v4	2026-07-23T18:35:26.6576763Z [command]/usr/bin/git config --local --unset-all http.https://github.com/.extraheader
build	Post Run actions/checkout@v4	2026-07-23T18:35:26.6616384Z [command]/usr/bin/git submodule foreach --recursive sh -c "git config --local --name-only --get-regexp 'http\.https\:\/\/github\.com\/\.extraheader' && git config --local --unset-all 'http.https://github.com/.extraheader' || :"
build	Post Run actions/checkout@v4	2026-07-23T18:35:26.6921013Z [command]/usr/bin/git config --local --name-only --get-regexp ^includeIf\.gitdir:
build	Post Run actions/checkout@v4	2026-07-23T18:35:26.6961484Z [command]/usr/bin/git submodule foreach --recursive git config --local --show-origin --name-only --get-regexp remote.origin.url
build	Complete job	﻿2026-07-23T18:35:26.7368056Z Cleaning up orphan processes
build	Complete job	2026-07-23T18:35:26.7679226Z ##[warning]Node.js 20 is deprecated. The following actions target Node.js 20 but are being forced to run on Node.js 24: actions/cache@v4, actions/checkout@v4, actions/setup-java@v4. For more information see: https://github.blog/changelog/2025-09-19-deprecation-of-node-20-on-github-actions-runners/
